[{"model": "product.category", "pk": 7, "fields": {"seo_title": "", "seo_description": "", "name": "Things", "slug": "things", "description": "", "parent": null, "background_image": "", "lft": 1, "rght": 2, "tree_id": 1, "level": 0}}, {"model": "product.category", "pk": 8, "fields": {"seo_title": "", "seo_description": "", "name": "Groceries", "slug": "groceries", "description": "", "parent": null, "background_image": "", "lft": 1, "rght": 2, "tree_id": 2, "level": 0}}, {"model": "product.category", "pk": 9, "fields": {"seo_title": "", "seo_description": "", "name": "Clothes", "slug": "clothes", "description": "", "parent": null, "background_image": "", "lft": 1, "rght": 2, "tree_id": 3, "level": 0}}, {"model": "product.producttype", "pk": 7, "fields": {"name": "Paint", "has_variants": true, "is_shipping_required": true, "tax_rate": "standard", "weight": "1.0 kg"}}, {"model": "product.producttype", "pk": 8, "fields": {"name": "Music", "has_variants": true, "is_shipping_required": true, "tax_rate": "standard", "weight": "0.2 kg"}}, {"model": "product.producttype", "pk": 9, "fields": {"name": "Juice", "has_variants": true, "is_shipping_required": true, "tax_rate": "standard", "weight": "1.0 kg"}}, {"model": "product.producttype", "pk": 10, "fields": {"name": "Wine", "has_variants": false, "is_shipping_required": true, "tax_rate": "", "weight": "1.0 kg"}}, {"model": "product.producttype", "pk": 11, "fields": {"name": "Beer", "has_variants": false, "is_shipping_required": true, "tax_rate": "standard", "weight": "1.0 kg"}}, {"model": "product.producttype", "pk": 12, "fields": {"name": "Cushion", "has_variants": true, "is_shipping_required": true, "tax_rate": "standard", "weight": "0.5 kg"}}, {"model": "product.producttype", "pk": 13, "fields": {"name": "Shoe", "has_variants": true, "is_shipping_required": true, "tax_rate": "standard", "weight": "1.0 kg"}}, {"model": "product.producttype", "pk": 14, "fields": {"name": "Top (clothing)", "has_variants": true, "is_shipping_required": true, "tax_rate": "standard", "weight": "1.0 kg"}}, {"model": "product.product", "pk": 61, "fields": {"seo_title": "", "seo_description": "Tonight, my love, let us take fat brushes and paint the skies with the shades of nebula tides. Get the dark, moody shades of the ether.&nbsp;", "product_type": 7, "name": "Nebula Night Sky Paint", "description": "<p>Tonight, my love, let us take fat brushes and paint the skies with the shades of nebula tides. Get the dark, moody shades of the ether.&nbsp;</p>", "category": 7, "price": {"_type": "Money", "amount": "15.00", "currency": "USD"}, "available_on": null, "is_published": true, "attributes": "{\"17\": \"55\"}", "updated_at": "2018-10-31T16:23:31.971Z", "charge_taxes": true, "tax_rate": "standard", "weight": "0.0 kg"}}, {"model": "product.product", "pk": 62, "fields": {"seo_title": "", "seo_description": "The rich, deep hue of space dust. Vacuum packed and airlocked for long-lasting freshness of color.", "product_type": 7, "name": "Space Dust Navy Paint", "description": "<p>The rich, deep hue of space dust. Vacuum packed and airlocked for long-lasting freshness of color.</p>", "category": 7, "price": {"_type": "Money", "amount": "15.00", "currency": "USD"}, "available_on": null, "is_published": true, "attributes": "{\"17\": \"56\"}", "updated_at": "2018-10-31T16:23:31.978Z", "charge_taxes": true, "tax_rate": "standard", "weight": "1.0 kg"}}, {"model": "product.product", "pk": 63, "fields": {"seo_title": null, "seo_description": null, "product_type": 7, "name": "Red Dwarf Red Paint", "description": "We are all connected to the universe, because every cell in our bodies was cooked in the hearts of dying stars. Red Dwarf Paint: the color of Carl Sagan\u2019s dreams.", "category": 7, "price": {"_type": "Money", "amount": "15.00", "currency": "USD"}, "available_on": null, "is_published": true, "attributes": "{\"17\": \"57\"}", "updated_at": "2018-10-31T16:23:31.985Z", "charge_taxes": true, "tax_rate": "standard", "weight": "0.0 kg"}}, {"model": "product.product", "pk": 64, "fields": {"seo_title": "", "seo_description": "There is life in outer space. This vibrant light speed yellow paint brings life to any surface. Goes on easy and dries at light speed.", "product_type": 7, "name": "Light Speed Yellow Paint", "description": "<p>There is life in outer space. This vibrant light speed yellow paint brings life to any surface. Goes on easy and dries at light speed.</p>", "category": 7, "price": {"_type": "Money", "amount": "15.00", "currency": "USD"}, "available_on": null, "is_published": true, "attributes": "{\"17\": \"58\"}", "updated_at": "2018-10-31T16:23:31.992Z", "charge_taxes": true, "tax_rate": "standard", "weight": "0.0 kg"}}, {"model": "product.product", "pk": 65, "fields": {"seo_title": "", "seo_description": "Turquoise is the new black. No more gloomy night skies, brighten up your evenings with hyperspace paint.&nbsp;", "product_type": 7, "name": "Hyperspace Turquoise Paint", "description": "<p>Turquoise is the new black. No more gloomy night skies, brighten up your evenings with hyperspace paint.&nbsp;</p>", "category": 7, "price": {"_type": "Money", "amount": "15.00", "currency": "USD"}, "available_on": null, "is_published": true, "attributes": "{\"17\": \"59\"}", "updated_at": "2018-10-31T16:23:32.000Z", "charge_taxes": true, "tax_rate": "standard", "weight": "1.0 kg"}}, {"model": "product.product", "pk": 66, "fields": {"seo_title": "", "seo_description": "Relax with the soothing sounds of incredibly large bodies of water. Featuring Billy Ocean, India.Arie, and the Arctic Monkeys", "product_type": 8, "name": "Song for the ocean", "description": "<p>Relax with the soothing sounds of incredibly large bodies of water. Featuring Billy Ocean, India.Arie, and the Arctic Monkeys</p>", "category": 7, "price": {"_type": "Money", "amount": "10.00", "currency": "USD"}, "available_on": null, "is_published": true, "attributes": "{}", "updated_at": "2018-10-31T16:23:32.013Z", "charge_taxes": true, "tax_rate": "standard", "weight": "0.0 kg"}}, {"model": "product.product", "pk": 67, "fields": {"seo_title": "", "seo_description": "Dance the hornpipe to the shanty sounds of the sea. Featuring British Sea Power, The Coral, and guest vocals from Jack Black.", "product_type": 8, "name": "Song for the sea", "description": "Dance the hornpipe to the shanty sounds of the sea. Featuring British Sea Power, The Coral, and guest vocals from Jack Black.", "category": 7, "price": {"_type": "Money", "amount": "10.00", "currency": "USD"}, "available_on": null, "is_published": true, "attributes": "{}", "updated_at": "2018-10-31T16:23:32.020Z", "charge_taxes": true, "tax_rate": "standard", "weight": "0.0 kg"}}, {"model": "product.product", "pk": 68, "fields": {"seo_title": "", "seo_description": "Flow ever onwards toward the sea with the rocking sounds of the rolling river. Featuring Rivers Cuomo, Nile Rodgers and Jennifer Hudson.", "product_type": 8, "name": "Song for the River", "description": "Flow ever onwards toward the sea with the rocking sounds of the rolling river. Featuring Rivers Cuomo, Nile Rodgers and Jennifer Hudson.", "category": 7, "price": {"_type": "Money", "amount": "10.00", "currency": "USD"}, "available_on": null, "is_published": true, "attributes": "{}", "updated_at": "2018-10-31T16:23:32.026Z", "charge_taxes": true, "tax_rate": "standard", "weight": "0.0 kg"}}, {"model": "product.product", "pk": 69, "fields": {"seo_title": "", "seo_description": "Go deep and chilled with the sound of mountain lakes. Featuring Oasis, Greg Lake, and James Blake.", "product_type": 8, "name": "Song for the Lake", "description": "Go deep and chilled with the sound of mountain lakes. Featuring Oasis, Greg Lake, and James Blake.", "category": 7, "price": {"_type": "Money", "amount": "10.00", "currency": "USD"}, "available_on": null, "is_published": true, "attributes": "{}", "updated_at": "2018-10-31T16:23:32.033Z", "charge_taxes": true, "tax_rate": "standard", "weight": "0.0 kg"}}, {"model": "product.product", "pk": 70, "fields": {"seo_title": "", "seo_description": "Saltwater wells in your eyes? Let the sounds of saltwater well up in your ears with the coastal tones of the beautiful blue lagoon.", "product_type": 8, "name": "Song for the Lagoon", "description": "Saltwater wells in your eyes? Let the sounds of saltwater well up in your ears with the coastal tones of the beautiful blue lagoon.", "category": 7, "price": {"_type": "Money", "amount": "10.00", "currency": "USD"}, "available_on": null, "is_published": true, "attributes": "{}", "updated_at": "2018-10-31T16:23:32.040Z", "charge_taxes": true, "tax_rate": "standard", "weight": "0.0 kg"}}, {"model": "product.product", "pk": 71, "fields": {"seo_title": "", "seo_description": "Fell from a tree straight into the bottle. No additives, no preservatives, just the refreshing taste of pure sun-kissed Californian oranges.", "product_type": 9, "name": "Orange Juice", "description": "<p>Fell from a tree straight into the bottle. No additives, no preservatives, just the refreshing taste of pure sun-kissed Californian oranges.</p>", "category": 8, "price": {"_type": "Money", "amount": "3.00", "currency": "USD"}, "available_on": null, "is_published": true, "attributes": "{\"16\": \"49\"}", "updated_at": "2018-10-31T16:23:32.046Z", "charge_taxes": true, "tax_rate": "standard", "weight": "1.0 kg"}}, {"model": "product.product", "pk": 72, "fields": {"seo_title": "", "seo_description": "Fell straight from the tree, on to Newton\u2019s head, then into the bottle. The autumn taste of English apples. Brought to you by gravity.", "product_type": 9, "name": "Apple Juice", "description": "Fell straight from the tree, on to Newton\u2019s head, then into the bottle. The autumn taste of English apples. Brought to you by gravity.", "category": 8, "price": {"_type": "Money", "amount": "3.00", "currency": "USD"}, "available_on": null, "is_published": true, "attributes": "{\"16\": \"49\"}", "updated_at": "2018-10-31T16:23:32.053Z", "charge_taxes": true, "tax_rate": "standard", "weight": "1.0 kg"}}, {"model": "product.product", "pk": 73, "fields": {"seo_title": "", "seo_description": "Improve your eyesight the natural way with 100% pure, squeezed carrot juice. The sweet, orange nectar of Mother Earth.", "product_type": 9, "name": "Carrot Juice", "description": "Improve your eyesight the natural way with 100% pure, squeezed carrot juice. The sweet, orange nectar of Mother Earth.", "category": 8, "price": {"_type": "Money", "amount": "3.00", "currency": "USD"}, "available_on": null, "is_published": true, "attributes": "{\"16\": \"49\"}", "updated_at": "2018-10-31T16:23:32.061Z", "charge_taxes": true, "tax_rate": "standard", "weight": "1.0 kg"}}, {"model": "product.product", "pk": 74, "fields": {"seo_title": "", "seo_description": "Build your protein the natural way, with exotic banana juice made from ripe fruit and packed with all the goodness of the tropical sun.", "product_type": 9, "name": "Banana Juice", "description": "Build your protein the natural way, with exotic banana juice made from ripe fruit and packed with all the goodness of the tropical sun.", "category": 8, "price": {"_type": "Money", "amount": "3.00", "currency": "USD"}, "available_on": null, "is_published": true, "attributes": "{\"16\": \"49\"}", "updated_at": "2018-10-31T16:23:32.070Z", "charge_taxes": true, "tax_rate": "standard", "weight": "1.0 kg"}}, {"model": "product.product", "pk": 75, "fields": {"seo_title": "", "seo_description": "I can\u2019t stand pineapples, so this one is not for me. They have a weird, fluffy, tangy taste. But if it is your kind of thing, then knock yourself out.", "product_type": 9, "name": "Pineapple Juice", "description": "I can\u2019t stand pineapples, so this one is not for me. They have a weird, fluffy, tangy taste. But if it is your kind of thing, then knock yourself out.", "category": 8, "price": {"_type": "Money", "amount": "3.00", "currency": "USD"}, "available_on": null, "is_published": true, "attributes": "{\"16\": \"49\"}", "updated_at": "2018-10-31T16:23:32.077Z", "charge_taxes": true, "tax_rate": "standard", "weight": "1.0 kg"}}, {"model": "product.product", "pk": 76, "fields": {"seo_title": "", "seo_description": "Did you know falling coconuts kill 150 people a year? But did you know that coconut juice is the new superfood? You win some, you lose some.", "product_type": 9, "name": "Coconut Juice", "description": "Did you know falling coconuts kill 150 people a year? But did you know that coconut juice is the new superfood? You win some, you lose some.", "category": 8, "price": {"_type": "Money", "amount": "3.00", "currency": "USD"}, "available_on": null, "is_published": true, "attributes": "{\"16\": \"49\"}", "updated_at": "2018-10-31T16:23:32.085Z", "charge_taxes": true, "tax_rate": "standard", "weight": "1.0 kg"}}, {"model": "product.product", "pk": 77, "fields": {"seo_title": "", "seo_description": "Is it a bird? Is a plane? No! It\u2019s some jacked dude who just sucked down a bottle of our brand new power juice! Look at him go!", "product_type": 9, "name": "Power Juice", "description": "Is it a bird? Is a plane? No! It\u2019s some jacked dude who just sucked down a bottle of our brand new power juice! Look at him go!", "category": 8, "price": {"_type": "Money", "amount": "3.00", "currency": "USD"}, "available_on": null, "is_published": true, "attributes": "{\"16\": \"49\"}", "updated_at": "2018-10-31T16:23:32.092Z", "charge_taxes": true, "tax_rate": "standard", "weight": "1.0 kg"}}, {"model": "product.product", "pk": 78, "fields": {"seo_title": "", "seo_description": "Brussel sprouts, spinach, peas, kale, lettuce, cabbage, zucchini, more brussel sprouts. All the greens you\u2019ll ever need in one delicious juice.", "product_type": 9, "name": "Green Juice", "description": "Brussel sprouts, spinach, peas, kale, lettuce, cabbage, zucchini, more brussel sprouts. All the greens you\u2019ll ever need in one delicious juice.", "category": 8, "price": {"_type": "Money", "amount": "3.00", "currency": "USD"}, "available_on": null, "is_published": true, "attributes": "{\"16\": \"49\"}", "updated_at": "2018-10-31T16:23:32.103Z", "charge_taxes": true, "tax_rate": "standard", "weight": "1.0 kg"}}, {"model": "product.product", "pk": 79, "fields": {"seo_title": "", "seo_description": "Bean there, drunk that! The energy drink for the health-conscious. Brand new bean juice; from allotment to bottle in under 8 hours.", "product_type": 9, "name": "Bean Juice", "description": "Bean there, drunk that! The energy drink for the health-conscious. Brand new bean juice; from allotment to bottle in under 8 hours.", "category": 8, "price": {"_type": "Money", "amount": "3.00", "currency": "USD"}, "available_on": null, "is_published": true, "attributes": "{\"16\": \"49\"}", "updated_at": "2018-10-31T16:23:32.113Z", "charge_taxes": true, "tax_rate": "standard", "weight": "1.0 kg"}}, {"model": "product.product", "pk": 81, "fields": {"seo_title": "", "seo_description": "A fine, mature red with a hint of blackberry, an undertone of the alkaline Burgundy soil, a delicate aftertaste of burnt garlic, and a whole lot of grapes.", "product_type": 10, "name": "Red Wine", "description": "<p>A fine, mature red with a hint of blackberry, an undertone of the alkaline Burgundy soil, a delicate aftertaste of burnt garlic, and a whole lot of grapes.</p>", "category": 8, "price": {"_type": "Money", "amount": "15.00", "currency": "USD"}, "available_on": null, "is_published": true, "attributes": "{\"20\": \"67\"}", "updated_at": "2018-10-31T16:23:32.124Z", "charge_taxes": true, "tax_rate": "standard", "weight": "0.0 kg"}}, {"model": "product.product", "pk": 82, "fields": {"seo_title": "", "seo_description": "Watch the slow setting sun of a wild summer evening sink into the horizon as you sip white wine that tastes like bittersweet memories of halcyon days.", "product_type": 10, "name": "White Wine", "description": "<p>Watch the slow setting sun of a wild summer evening sink into the horizon as you sip white wine that tastes like bittersweet memories of halcyon days.</p>", "category": 8, "price": {"_type": "Money", "amount": "15.00", "currency": "USD"}, "available_on": null, "is_published": true, "attributes": "{\"20\": \"67\"}", "updated_at": "2018-10-31T16:23:32.134Z", "charge_taxes": true, "tax_rate": "", "weight": "0.0 kg"}}, {"model": "product.product", "pk": 83, "fields": {"seo_title": "", "seo_description": "Find your sea legs and then lose the power to use them with extra strong seaman\u2019s lager. Don\u2019t drink and sail, me hearties!", "product_type": 11, "name": "Seaman Lager", "description": "<p>Find your sea legs and then lose the power to use them with extra strong seaman\u2019s lager. Don\u2019t drink and sail, me hearties!</p>", "category": 8, "price": {"_type": "Money", "amount": "3.00", "currency": "USD"}, "available_on": null, "is_published": true, "attributes": "{\"15\": \"46\", \"21\": \"68\"}", "updated_at": "2018-10-31T16:23:32.144Z", "charge_taxes": true, "tax_rate": "standard", "weight": "1.0 kg"}}, {"model": "product.product", "pk": 84, "fields": {"seo_title": "", "seo_description": "Best beer on the seven seas. A dark ale for when the dark clouds gather overhead. The nutty nautical taste that sailors love.", "product_type": 11, "name": "Seaman Beer", "description": "<p>Best beer on the seven seas. A dark ale for when the dark clouds gather overhead. The nutty nautical taste that sailors love.</p>", "category": 8, "price": {"_type": "Money", "amount": "3.20", "currency": "USD"}, "available_on": null, "is_published": true, "attributes": "{\"15\": \"46\", \"21\": \"69\"}", "updated_at": "2018-10-31T16:23:32.156Z", "charge_taxes": true, "tax_rate": "standard", "weight": "1.0 kg"}}, {"model": "product.product", "pk": 85, "fields": {"seo_title": "", "seo_description": "Add a little color to your life with a Saleor parrot cushion. Turns any old sofa into a rainbow of classy interior design.&nbsp;", "product_type": 12, "name": "Colored Parrot Cushion", "description": "<p>Add a little color to your life with a Saleor parrot cushion. Turns any old sofa into a rainbow of classy interior design.&nbsp;</p>", "category": 7, "price": {"_type": "Money", "amount": "20.00", "currency": "USD"}, "available_on": null, "is_published": true, "attributes": "{\"23\": \"72\"}", "updated_at": "2018-10-31T16:23:32.168Z", "charge_taxes": true, "tax_rate": "standard", "weight": "0.0 kg"}}, {"model": "product.product", "pk": 86, "fields": {"seo_title": "", "seo_description": "Minimalist interiors need simple, sleek soft furnishings. Don\u2019t parrot what others do, set your own monochrome trends with Saleor designs.", "product_type": 12, "name": "White Parrot Cushion", "description": "<p>Minimalist interiors need simple, sleek soft furnishings. Don\u2019t parrot what others do, set your own monochrome trends with Saleor designs.</p>", "category": 7, "price": {"_type": "Money", "amount": "20.00", "currency": "USD"}, "available_on": null, "is_published": true, "attributes": "{\"23\": \"72\"}", "updated_at": "2018-10-31T16:23:32.177Z", "charge_taxes": true, "tax_rate": "standard", "weight": "0.0 kg"}}, {"model": "product.product", "pk": 87, "fields": {"seo_title": "", "seo_description": "Mellow yellow. Step into summer with Saleor. Every time your head goes down, you see these beauties, and your mood bounces right back up.&nbsp;", "product_type": 13, "name": "Yellow Plimsolls", "description": "<p>Mellow yellow. Step into summer with Saleor. Every time your head goes down, you see these beauties, and your mood bounces right back up.&nbsp;</p>", "category": 9, "price": {"_type": "Money", "amount": "59.00", "currency": "USD"}, "available_on": null, "is_published": true, "attributes": "{}", "updated_at": "2018-10-31T16:23:32.186Z", "charge_taxes": true, "tax_rate": "standard", "weight": "0.0 kg"}}, {"model": "product.product", "pk": 88, "fields": {"seo_title": "", "seo_description": "PE at school wouldn\u2019t have been such a drag with these on your feet. Slip on the style and stride tall with Saleor branded plimsolls. PE now stands for pretty elegant.&nbsp;&nbsp;", "product_type": 13, "name": "White Plimsolls", "description": "<p>PE at school wouldn\u2019t have been such a drag with these on your feet. Slip on the style and stride tall with Saleor branded plimsolls. PE now stands for pretty elegant.&nbsp;&nbsp;</p>", "category": 9, "price": {"_type": "Money", "amount": "49.00", "currency": "USD"}, "available_on": null, "is_published": true, "attributes": "{}", "updated_at": "2018-10-31T16:23:32.200Z", "charge_taxes": true, "tax_rate": "standard", "weight": "1.0 kg"}}, {"model": "product.product", "pk": 89, "fields": {"seo_title": "", "seo_description": "Pay homage to the music and art of a Joy Division and Peter Saville, but with a Mirumee twist. Perfect live transmission apparel for dead souls.", "product_type": 14, "name": "Code Division T-shirt", "description": "<p>Pay homage to the music and art of a Joy Division and Peter Saville, but with a Mirumee twist. Perfect live transmission apparel for dead souls.</p>", "category": 9, "price": {"_type": "Money", "amount": "30.00", "currency": "USD"}, "available_on": null, "is_published": true, "attributes": "{\"25\": \"82\"}", "updated_at": "2018-10-31T16:23:32.213Z", "charge_taxes": true, "tax_rate": "standard", "weight": "0.0 kg"}}, {"model": "product.product", "pk": 107, "fields": {"seo_title": "", "seo_description": "Something fishy going on? Lighten up the mood with a classic, rugged shirt injected with a little fun.", "product_type": 14, "name": "Fish Polo Shirt", "description": "Something fishy going on? Lighten up the mood with a classic, rugged shirt injected with a little fun.", "category": 9, "price": {"_type": "Money", "amount": "30.00", "currency": "USD"}, "available_on": null, "is_published": true, "attributes": "{\"25\": \"82\"}", "updated_at": "2018-10-31T16:23:32.222Z", "charge_taxes": true, "tax_rate": "standard", "weight": "0.0 kg"}}, {"model": "product.product", "pk": 108, "fields": {"seo_title": "", "seo_description": "Polo? Yolo\u2026 so don\u2019t waste time on the wrong apparel. Choose a polo shirt that looks as good as you feel.", "product_type": 14, "name": "Polo Shirt", "description": "Polo? Yolo\u2026 so don\u2019t waste time on the wrong apparel. Choose a polo shirt that looks as good as you feel.", "category": 9, "price": {"_type": "Money", "amount": "30.00", "currency": "USD"}, "available_on": null, "is_published": true, "attributes": "{\"25\": \"82\"}", "updated_at": "2018-10-31T16:23:32.230Z", "charge_taxes": true, "tax_rate": "standard", "weight": "0.0 kg"}}, {"model": "product.product", "pk": 109, "fields": {"seo_title": "", "seo_description": "Wondering if this will look as good on you as it does on the screen? The answer is yes. A quality polo with smart styling.", "product_type": 14, "name": "Polo Shirt", "description": "Wondering if this will look as good on you as it does on the screen? The answer is yes. A quality polo with smart styling.", "category": 9, "price": {"_type": "Money", "amount": "30.00", "currency": "USD"}, "available_on": null, "is_published": true, "attributes": "{\"25\": \"82\"}", "updated_at": "2018-10-31T16:23:32.238Z", "charge_taxes": true, "tax_rate": "standard", "weight": "0.0 kg"}}, {"model": "product.product", "pk": 110, "fields": {"seo_title": "", "seo_description": "It\u2019s t-time all the time. A simple, stylish piece of apparel for daywear, nightwear, and any old time you choose.", "product_type": 14, "name": "T-shirt", "description": "It\u2019s t-time all the time. A simple, stylish piece of apparel for daywear, nightwear, and any old time you choose.", "category": 9, "price": {"_type": "Money", "amount": "30.00", "currency": "USD"}, "available_on": null, "is_published": true, "attributes": "{\"25\": \"82\"}", "updated_at": "2018-10-31T16:23:32.245Z", "charge_taxes": true, "tax_rate": "standard", "weight": "0.0 kg"}}, {"model": "product.product", "pk": 111, "fields": {"seo_title": "", "seo_description": "One style fits all. Get a look that works even when you are taking it easy. Relaxed wear for the masses.", "product_type": 14, "name": "T-shirt", "description": "One style fits all. Get a look that works even when you are taking it easy. Relaxed wear for the masses.", "category": 9, "price": {"_type": "Money", "amount": "30.00", "currency": "USD"}, "available_on": null, "is_published": true, "attributes": "{\"25\": \"82\"}", "updated_at": "2018-10-31T16:23:32.251Z", "charge_taxes": true, "tax_rate": "standard", "weight": "0.0 kg"}}, {"model": "product.product", "pk": 112, "fields": {"seo_title": "", "seo_description": "A classic tee for a timeless look, at a great price. Feel like a million bucks without breaking the bank.", "product_type": 14, "name": "T-shirt", "description": "A classic tee for a timeless look, at a great price. Feel like a million bucks without breaking the bank.", "category": 9, "price": {"_type": "Money", "amount": "30.00", "currency": "USD"}, "available_on": null, "is_published": true, "attributes": "{\"25\": \"82\"}", "updated_at": "2018-10-31T16:23:32.259Z", "charge_taxes": true, "tax_rate": "standard", "weight": "0.0 kg"}}, {"model": "product.product", "pk": 113, "fields": {"seo_title": "", "seo_description": "Want to look like you just fell out of bed? Sometimes style can be effortless. Throw it on get on with having a good day.", "product_type": 14, "name": "T-shirt", "description": "Want to look like you just fell out of bed? Sometimes style can be effortless. Throw it on get on with having a good day.", "category": 9, "price": {"_type": "Money", "amount": "30.00", "currency": "USD"}, "available_on": null, "is_published": true, "attributes": "{\"25\": \"82\"}", "updated_at": "2018-10-31T16:23:32.266Z", "charge_taxes": true, "tax_rate": "standard", "weight": "0.0 kg"}}, {"model": "product.product", "pk": 114, "fields": {"seo_title": "", "seo_description": "Your t-shirt is your second skin. It\u2019s the version of you that you show to the world. Wear one that flows with your movements and is built to last.", "product_type": 14, "name": "T-shirt", "description": "Your t-shirt is your second skin. It\u2019s the version of you that you show to the world. Wear one that flows with your movements and is built to last.", "category": 9, "price": {"_type": "Money", "amount": "30.00", "currency": "USD"}, "available_on": null, "is_published": true, "attributes": "{\"25\": \"82\"}", "updated_at": "2018-10-31T16:23:32.273Z", "charge_taxes": true, "tax_rate": "standard", "weight": "0.0 kg"}}, {"model": "product.product", "pk": 115, "fields": {"seo_title": "", "seo_description": "Special offer. Buy a hood and get a free jet black sweater attached. Perfect for when you are up to no good.", "product_type": 14, "name": "Black Hoodie", "description": "Special offer. Buy a hood and get a free jet black sweater attached. Perfect for when you are up to no good.", "category": 9, "price": {"_type": "Money", "amount": "30.00", "currency": "USD"}, "available_on": null, "is_published": true, "attributes": "{\"25\": \"82\"}", "updated_at": "2018-10-31T16:23:32.277Z", "charge_taxes": true, "tax_rate": "standard", "weight": "0.0 kg"}}, {"model": "product.product", "pk": 116, "fields": {"seo_title": "", "seo_description": "Special offer. Buy a superhero blue sweater and get a free hood attached. Ideal for when you are out saving the world.", "product_type": 14, "name": "Blue Hooded", "description": "Special offer. Buy a superhero blue sweater and get a free hood attached. Ideal for when you are out saving the world.", "category": 9, "price": {"_type": "Money", "amount": "30.00", "currency": "USD"}, "available_on": null, "is_published": true, "attributes": "{\"25\": \"82\"}", "updated_at": "2018-10-31T16:23:32.284Z", "charge_taxes": true, "tax_rate": "standard", "weight": "0.0 kg"}}, {"model": "product.product", "pk": 117, "fields": {"seo_title": "", "seo_description": "Who dunnit? It was Colonel Mustard, in the dining room, with the lead piping, wearing this hot as mustard hoodie.", "product_type": 14, "name": "Mustard Hoodie", "description": "Who dunnit? It was Colonel Mustard, in the dining room, with the lead piping, wearing this hot as mustard hoodie.", "category": 9, "price": {"_type": "Money", "amount": "30.00", "currency": "USD"}, "available_on": null, "is_published": true, "attributes": "{\"25\": \"82\"}", "updated_at": "2018-10-31T16:23:32.290Z", "charge_taxes": true, "tax_rate": "standard", "weight": "0.0 kg"}}, {"model": "product.product", "pk": 118, "fields": {"seo_title": "", "seo_description": "Get your slouch on and be seen with a whiter than white hoodie straight from the streets. Relaxed stylin\u2019 and profilin\u2019 with flair.", "product_type": 14, "name": "White Hoodie", "description": "Get your slouch on and be seen with a whiter than white hoodie straight from the streets. Relaxed stylin\u2019 and profilin\u2019 with flair.", "category": 9, "price": {"_type": "Money", "amount": "30.00", "currency": "USD"}, "available_on": null, "is_published": true, "attributes": "{\"25\": \"82\"}", "updated_at": "2018-10-31T16:23:32.297Z", "charge_taxes": true, "tax_rate": "standard", "weight": "0.0 kg"}}, {"model": "product.product", "pk": 119, "fields": {"seo_title": "", "seo_description": "An absolute classic. A shirt you can wear again and again and look good every time. Simple but effective.", "product_type": 14, "name": "Shirt", "description": "An absolute classic. A shirt you can wear again and again and look good every time. Simple but effective.", "category": 9, "price": {"_type": "Money", "amount": "30.00", "currency": "USD"}, "available_on": null, "is_published": true, "attributes": "{\"25\": \"82\"}", "updated_at": "2018-10-31T16:23:32.306Z", "charge_taxes": true, "tax_rate": "standard", "weight": "0.0 kg"}}, {"model": "product.productvariant", "pk": 171, "fields": {"sku": "546451996", "name": "1l", "price_override": {"_type": "Money", "amount": "15.00", "currency": "USD"}, "product": 61, "attributes": "{\"18\": \"60\"}", "track_inventory": true, "quantity": 113, "quantity_allocated": 14, "cost_price": {"_type": "Money", "amount": "5.00", "currency": "USD"}, "weight": "1.0 kg"}}, {"model": "product.productvariant", "pk": 172, "fields": {"sku": "546451997", "name": "2.5l", "price_override": {"_type": "Money", "amount": "35.00", "currency": "USD"}, "product": 61, "attributes": "{\"18\": \"61\"}", "track_inventory": true, "quantity": 19, "quantity_allocated": 0, "cost_price": {"_type": "Money", "amount": "10.00", "currency": "USD"}, "weight": "2.5 kg"}}, {"model": "product.productvariant", "pk": 173, "fields": {"sku": "546451999", "name": "5l", "price_override": {"_type": "Money", "amount": "49.00", "currency": "USD"}, "product": 61, "attributes": "{\"18\": \"62\"}", "track_inventory": true, "quantity": 0, "quantity_allocated": 0, "cost_price": {"_type": "Money", "amount": "20.00", "currency": "USD"}, "weight": "5.0 kg"}}, {"model": "product.productvariant", "pk": 174, "fields": {"sku": "998223591", "name": "1l", "price_override": {"_type": "Money", "amount": "15.00", "currency": "USD"}, "product": 62, "attributes": "{\"18\": \"60\"}", "track_inventory": true, "quantity": 42, "quantity_allocated": 18, "cost_price": {"_type": "Money", "amount": "5.00", "currency": "USD"}, "weight": "1.0 kg"}}, {"model": "product.productvariant", "pk": 175, "fields": {"sku": "998223599", "name": "2.5l", "price_override": {"_type": "Money", "amount": "25.00", "currency": "USD"}, "product": 62, "attributes": "{\"18\": \"61\"}", "track_inventory": true, "quantity": 110, "quantity_allocated": 0, "cost_price": {"_type": "Money", "amount": "10.00", "currency": "USD"}, "weight": "0.0 kg"}}, {"model": "product.productvariant", "pk": 176, "fields": {"sku": "998223594", "name": "5l", "price_override": {"_type": "Money", "amount": "49.00", "currency": "USD"}, "product": 62, "attributes": "{\"18\": \"62\"}", "track_inventory": true, "quantity": 112, "quantity_allocated": 1, "cost_price": {"_type": "Money", "amount": "25.00", "currency": "USD"}, "weight": "0.0 kg"}}, {"model": "product.productvariant", "pk": 177, "fields": {"sku": "998223582", "name": "1l", "price_override": {"_type": "Money", "amount": "15.00", "currency": "USD"}, "product": 63, "attributes": "{\"18\": \"60\"}", "track_inventory": true, "quantity": 1235, "quantity_allocated": 4, "cost_price": {"_type": "Money", "amount": "5.00", "currency": "USD"}, "weight": "1.0 kg"}}, {"model": "product.productvariant", "pk": 178, "fields": {"sku": "998223583", "name": "2.5l", "price_override": {"_type": "Money", "amount": "25.00", "currency": "USD"}, "product": 63, "attributes": "{\"18\": \"61\"}", "track_inventory": true, "quantity": 1222, "quantity_allocated": 11, "cost_price": {"_type": "Money", "amount": "10.00", "currency": "USD"}, "weight": "2.5 kg"}}, {"model": "product.productvariant", "pk": 179, "fields": {"sku": "998223584", "name": "5l", "price_override": {"_type": "Money", "amount": "49.00", "currency": "USD"}, "product": 63, "attributes": "{\"18\": \"62\"}", "track_inventory": true, "quantity": 463, "quantity_allocated": 18, "cost_price": {"_type": "Money", "amount": "20.00", "currency": "USD"}, "weight": "5.0 kg"}}, {"model": "product.productvariant", "pk": 180, "fields": {"sku": "998323582", "name": "1l", "price_override": {"_type": "Money", "amount": "15.00", "currency": "USD"}, "product": 64, "attributes": "{\"18\": \"60\"}", "track_inventory": true, "quantity": 987, "quantity_allocated": 1, "cost_price": {"_type": "Money", "amount": "5.00", "currency": "USD"}, "weight": "1.0 kg"}}, {"model": "product.productvariant", "pk": 181, "fields": {"sku": "998323583", "name": "2.5l", "price_override": {"_type": "Money", "amount": "30.00", "currency": "USD"}, "product": 64, "attributes": "{\"18\": \"61\"}", "track_inventory": true, "quantity": 758, "quantity_allocated": 7, "cost_price": {"_type": "Money", "amount": "10.00", "currency": "USD"}, "weight": "2.5 kg"}}, {"model": "product.productvariant", "pk": 182, "fields": {"sku": "998323584", "name": "5l", "price_override": {"_type": "Money", "amount": "49.00", "currency": "USD"}, "product": 64, "attributes": "{\"18\": \"62\"}", "track_inventory": true, "quantity": 571, "quantity_allocated": 0, "cost_price": {"_type": "Money", "amount": "15.00", "currency": "USD"}, "weight": "5.0 kg"}}, {"model": "product.productvariant", "pk": 183, "fields": {"sku": "998423582", "name": "1l", "price_override": {"_type": "Money", "amount": "15.00", "currency": "USD"}, "product": 65, "attributes": "{\"18\": \"60\"}", "track_inventory": true, "quantity": 423, "quantity_allocated": 12, "cost_price": {"_type": "Money", "amount": "5.00", "currency": "USD"}, "weight": "1.0 kg"}}, {"model": "product.productvariant", "pk": 184, "fields": {"sku": "998423583", "name": "2.5l", "price_override": {"_type": "Money", "amount": "30.00", "currency": "USD"}, "product": 65, "attributes": "{\"18\": \"61\"}", "track_inventory": true, "quantity": 513, "quantity_allocated": 2, "cost_price": {"_type": "Money", "amount": "10.00", "currency": "USD"}, "weight": "2.5 kg"}}, {"model": "product.productvariant", "pk": 185, "fields": {"sku": "998423585", "name": "5l", "price_override": {"_type": "Money", "amount": "49.00", "currency": "USD"}, "product": 65, "attributes": "{\"18\": \"62\"}", "track_inventory": true, "quantity": 143, "quantity_allocated": 2, "cost_price": {"_type": "Money", "amount": "15.00", "currency": "USD"}, "weight": "5.0 kg"}}, {"model": "product.productvariant", "pk": 186, "fields": {"sku": "798223584", "name": "Vinyl", "price_override": {"_type": "Money", "amount": "19.00", "currency": "USD"}, "product": 66, "attributes": "{\"19\": \"63\"}", "track_inventory": true, "quantity": 125, "quantity_allocated": 4, "cost_price": {"_type": "Money", "amount": "8.00", "currency": "USD"}, "weight": "0.0 kg"}}, {"model": "product.productvariant", "pk": 187, "fields": {"sku": "798223583", "name": "DVD", "price_override": {"_type": "Money", "amount": "11.00", "currency": "USD"}, "product": 66, "attributes": "{\"19\": \"64\"}", "track_inventory": true, "quantity": 1215, "quantity_allocated": 4, "cost_price": {"_type": "Money", "amount": "3.00", "currency": "USD"}, "weight": "0.0 kg"}}, {"model": "product.productvariant", "pk": 188, "fields": {"sku": "798223585", "name": "VHS", "price_override": {"_type": "Money", "amount": "20.00", "currency": "USD"}, "product": 66, "attributes": "{\"19\": \"65\"}", "track_inventory": true, "quantity": 73, "quantity_allocated": 7, "cost_price": {"_type": "Money", "amount": "10.00", "currency": "USD"}, "weight": "0.0 kg"}}, {"model": "product.productvariant", "pk": 189, "fields": {"sku": "798223589", "name": "iTunes", "price_override": {"_type": "Money", "amount": "5.00", "currency": "USD"}, "product": 66, "attributes": "{\"19\": \"66\"}", "track_inventory": false, "quantity": 99999, "quantity_allocated": 0, "cost_price": null, "weight": "0.0 kg"}}, {"model": "product.productvariant", "pk": 190, "fields": {"sku": "988323582", "name": "500ml", "price_override": null, "product": 71, "attributes": "{\"15\": \"46\"}", "track_inventory": true, "quantity": 1218, "quantity_allocated": 7, "cost_price": {"_type": "Money", "amount": "1.00", "currency": "USD"}, "weight": "1.0 kg"}}, {"model": "product.productvariant", "pk": 191, "fields": {"sku": "938323582", "name": "1l", "price_override": {"_type": "Money", "amount": "5.00", "currency": "USD"}, "product": 71, "attributes": "{\"15\": \"47\"}", "track_inventory": true, "quantity": 177, "quantity_allocated": 2, "cost_price": {"_type": "Money", "amount": "1.50", "currency": "USD"}, "weight": "1.0 kg"}}, {"model": "product.productvariant", "pk": 192, "fields": {"sku": "988323522", "name": "2l", "price_override": {"_type": "Money", "amount": "7.00", "currency": "USD"}, "product": 71, "attributes": "{\"15\": \"48\"}", "track_inventory": true, "quantity": 215, "quantity_allocated": 4, "cost_price": {"_type": "Money", "amount": "2.00", "currency": "USD"}, "weight": "2.0 kg"}}, {"model": "product.productvariant", "pk": 193, "fields": {"sku": "12312312321", "name": "", "price_override": null, "product": 81, "attributes": "{}", "track_inventory": true, "quantity": 21240, "quantity_allocated": 9, "cost_price": null, "weight": "0.0 kg"}}, {"model": "product.productvariant", "pk": 194, "fields": {"sku": "1231998121", "name": "", "price_override": null, "product": 82, "attributes": "{}", "track_inventory": true, "quantity": 12152, "quantity_allocated": 21, "cost_price": null, "weight": "0.0 kg"}}, {"model": "product.productvariant", "pk": 195, "fields": {"sku": "98616712", "name": "", "price_override": null, "product": 83, "attributes": "{}", "track_inventory": true, "quantity": 12132, "quantity_allocated": 11, "cost_price": null, "weight": "0.0 kg"}}, {"model": "product.productvariant", "pk": 196, "fields": {"sku": "98616713", "name": "", "price_override": null, "product": 84, "attributes": "{}", "track_inventory": true, "quantity": 975524, "quantity_allocated": 7, "cost_price": null, "weight": "0.0 kg"}}, {"model": "product.productvariant", "pk": 197, "fields": {"sku": "698223582", "name": "45cm x 45cm", "price_override": {"_type": "Money", "amount": "20.00", "currency": "USD"}, "product": 85, "attributes": "{\"22\": \"70\"}", "track_inventory": true, "quantity": 9865, "quantity_allocated": 4, "cost_price": {"_type": "Money", "amount": "11.00", "currency": "USD"}, "weight": "0.0 kg"}}, {"model": "product.productvariant", "pk": 198, "fields": {"sku": "698223581", "name": "55cm x 55cm", "price_override": null, "product": 85, "attributes": "{\"22\": \"71\"}", "track_inventory": true, "quantity": 679, "quantity_allocated": 8, "cost_price": {"_type": "Money", "amount": "12.00", "currency": "USD"}, "weight": "0.0 kg"}}, {"model": "product.productvariant", "pk": 199, "fields": {"sku": "987126191", "name": "45cm x 45cm", "price_override": null, "product": 86, "attributes": "{\"22\": \"70\"}", "track_inventory": true, "quantity": 572, "quantity_allocated": 1, "cost_price": {"_type": "Money", "amount": "13.00", "currency": "USD"}, "weight": "0.0 kg"}}, {"model": "product.productvariant", "pk": 200, "fields": {"sku": "998223590", "name": "55cm x 55cm", "price_override": null, "product": 86, "attributes": "{\"22\": \"71\"}", "track_inventory": true, "quantity": 1012, "quantity_allocated": 13, "cost_price": {"_type": "Money", "amount": "13.00", "currency": "USD"}, "weight": "0.0 kg"}}, {"model": "product.productvariant", "pk": 202, "fields": {"sku": "93855755", "name": "500ml", "price_override": null, "product": 72, "attributes": "{\"15\": \"46\"}", "track_inventory": true, "quantity": 1218, "quantity_allocated": 7, "cost_price": {"_type": "Money", "amount": "1.00", "currency": "USD"}, "weight": "1.0 kg"}}, {"model": "product.productvariant", "pk": 203, "fields": {"sku": "43226647", "name": "1l", "price_override": {"_type": "Money", "amount": "5.00", "currency": "USD"}, "product": 72, "attributes": "{\"15\": \"47\"}", "track_inventory": true, "quantity": 178, "quantity_allocated": 3, "cost_price": {"_type": "Money", "amount": "1.50", "currency": "USD"}, "weight": "1.0 kg"}}, {"model": "product.productvariant", "pk": 204, "fields": {"sku": "80884671", "name": "2l", "price_override": {"_type": "Money", "amount": "7.00", "currency": "USD"}, "product": 72, "attributes": "{\"15\": \"48\"}", "track_inventory": true, "quantity": 217, "quantity_allocated": 6, "cost_price": {"_type": "Money", "amount": "2.00", "currency": "USD"}, "weight": "2.0 kg"}}, {"model": "product.productvariant", "pk": 205, "fields": {"sku": "67882967", "name": "500ml", "price_override": null, "product": 73, "attributes": "{\"15\": \"46\"}", "track_inventory": true, "quantity": 1214, "quantity_allocated": 3, "cost_price": {"_type": "Money", "amount": "1.00", "currency": "USD"}, "weight": "1.0 kg"}}, {"model": "product.productvariant", "pk": 206, "fields": {"sku": "14925419", "name": "1l", "price_override": {"_type": "Money", "amount": "5.00", "currency": "USD"}, "product": 73, "attributes": "{\"15\": \"47\"}", "track_inventory": true, "quantity": 181, "quantity_allocated": 6, "cost_price": {"_type": "Money", "amount": "1.50", "currency": "USD"}, "weight": "1.0 kg"}}, {"model": "product.productvariant", "pk": 207, "fields": {"sku": "62426105", "name": "2l", "price_override": {"_type": "Money", "amount": "7.00", "currency": "USD"}, "product": 73, "attributes": "{\"15\": \"48\"}", "track_inventory": true, "quantity": 215, "quantity_allocated": 4, "cost_price": {"_type": "Money", "amount": "2.00", "currency": "USD"}, "weight": "2.0 kg"}}, {"model": "product.productvariant", "pk": 208, "fields": {"sku": "45328412", "name": "500ml", "price_override": null, "product": 74, "attributes": "{\"15\": \"46\"}", "track_inventory": true, "quantity": 1214, "quantity_allocated": 3, "cost_price": {"_type": "Money", "amount": "1.00", "currency": "USD"}, "weight": "1.0 kg"}}, {"model": "product.productvariant", "pk": 209, "fields": {"sku": "27512590", "name": "1l", "price_override": {"_type": "Money", "amount": "5.00", "currency": "USD"}, "product": 74, "attributes": "{\"15\": \"47\"}", "track_inventory": true, "quantity": 184, "quantity_allocated": 9, "cost_price": {"_type": "Money", "amount": "1.50", "currency": "USD"}, "weight": "1.0 kg"}}, {"model": "product.productvariant", "pk": 210, "fields": {"sku": "40636347", "name": "2l", "price_override": {"_type": "Money", "amount": "7.00", "currency": "USD"}, "product": 74, "attributes": "{\"15\": \"48\"}", "track_inventory": true, "quantity": 215, "quantity_allocated": 4, "cost_price": {"_type": "Money", "amount": "2.00", "currency": "USD"}, "weight": "2.0 kg"}}, {"model": "product.productvariant", "pk": 211, "fields": {"sku": "43200242", "name": "500ml", "price_override": null, "product": 75, "attributes": "{\"15\": \"46\"}", "track_inventory": true, "quantity": 1215, "quantity_allocated": 4, "cost_price": {"_type": "Money", "amount": "1.00", "currency": "USD"}, "weight": "1.0 kg"}}, {"model": "product.productvariant", "pk": 212, "fields": {"sku": "79129513", "name": "1l", "price_override": {"_type": "Money", "amount": "5.00", "currency": "USD"}, "product": 75, "attributes": "{\"15\": \"47\"}", "track_inventory": true, "quantity": 181, "quantity_allocated": 6, "cost_price": {"_type": "Money", "amount": "1.50", "currency": "USD"}, "weight": "1.0 kg"}}, {"model": "product.productvariant", "pk": 213, "fields": {"sku": "75799450", "name": "2l", "price_override": {"_type": "Money", "amount": "7.00", "currency": "USD"}, "product": 75, "attributes": "{\"15\": \"48\"}", "track_inventory": true, "quantity": 217, "quantity_allocated": 6, "cost_price": {"_type": "Money", "amount": "2.00", "currency": "USD"}, "weight": "2.0 kg"}}, {"model": "product.productvariant", "pk": 214, "fields": {"sku": "3944859", "name": "500ml", "price_override": null, "product": 76, "attributes": "{\"15\": \"46\"}", "track_inventory": true, "quantity": 1214, "quantity_allocated": 3, "cost_price": {"_type": "Money", "amount": "1.00", "currency": "USD"}, "weight": "1.0 kg"}}, {"model": "product.productvariant", "pk": 215, "fields": {"sku": "5829405", "name": "1l", "price_override": {"_type": "Money", "amount": "5.00", "currency": "USD"}, "product": 76, "attributes": "{\"15\": \"47\"}", "track_inventory": true, "quantity": 179, "quantity_allocated": 4, "cost_price": {"_type": "Money", "amount": "1.50", "currency": "USD"}, "weight": "1.0 kg"}}, {"model": "product.productvariant", "pk": 216, "fields": {"sku": "84725784", "name": "2l", "price_override": {"_type": "Money", "amount": "7.00", "currency": "USD"}, "product": 76, "attributes": "{\"15\": \"48\"}", "track_inventory": true, "quantity": 220, "quantity_allocated": 9, "cost_price": {"_type": "Money", "amount": "2.00", "currency": "USD"}, "weight": "2.0 kg"}}, {"model": "product.productvariant", "pk": 217, "fields": {"sku": "70058446", "name": "500ml", "price_override": null, "product": 77, "attributes": "{\"15\": \"46\"}", "track_inventory": true, "quantity": 1218, "quantity_allocated": 7, "cost_price": {"_type": "Money", "amount": "1.00", "currency": "USD"}, "weight": "1.0 kg"}}, {"model": "product.productvariant", "pk": 218, "fields": {"sku": "94044081", "name": "1l", "price_override": {"_type": "Money", "amount": "5.00", "currency": "USD"}, "product": 77, "attributes": "{\"15\": \"47\"}", "track_inventory": true, "quantity": 177, "quantity_allocated": 2, "cost_price": {"_type": "Money", "amount": "1.50", "currency": "USD"}, "weight": "1.0 kg"}}, {"model": "product.productvariant", "pk": 219, "fields": {"sku": "80696397", "name": "2l", "price_override": {"_type": "Money", "amount": "7.00", "currency": "USD"}, "product": 77, "attributes": "{\"15\": \"48\"}", "track_inventory": true, "quantity": 215, "quantity_allocated": 4, "cost_price": {"_type": "Money", "amount": "2.00", "currency": "USD"}, "weight": "2.0 kg"}}, {"model": "product.productvariant", "pk": 220, "fields": {"sku": "60752428", "name": "500ml", "price_override": null, "product": 78, "attributes": "{\"15\": \"46\"}", "track_inventory": true, "quantity": 1216, "quantity_allocated": 5, "cost_price": {"_type": "Money", "amount": "1.00", "currency": "USD"}, "weight": "1.0 kg"}}, {"model": "product.productvariant", "pk": 221, "fields": {"sku": "81470859", "name": "1l", "price_override": {"_type": "Money", "amount": "5.00", "currency": "USD"}, "product": 78, "attributes": "{\"15\": \"47\"}", "track_inventory": true, "quantity": 180, "quantity_allocated": 5, "cost_price": {"_type": "Money", "amount": "1.50", "currency": "USD"}, "weight": "1.0 kg"}}, {"model": "product.productvariant", "pk": 222, "fields": {"sku": "30635751", "name": "2l", "price_override": {"_type": "Money", "amount": "7.00", "currency": "USD"}, "product": 78, "attributes": "{\"15\": \"48\"}", "track_inventory": true, "quantity": 215, "quantity_allocated": 4, "cost_price": {"_type": "Money", "amount": "2.00", "currency": "USD"}, "weight": "2.0 kg"}}, {"model": "product.productvariant", "pk": 223, "fields": {"sku": "57211177", "name": "500ml", "price_override": null, "product": 79, "attributes": "{\"15\": \"46\"}", "track_inventory": true, "quantity": 1221, "quantity_allocated": 10, "cost_price": {"_type": "Money", "amount": "1.00", "currency": "USD"}, "weight": "1.0 kg"}}, {"model": "product.productvariant", "pk": 224, "fields": {"sku": "57423879", "name": "1l", "price_override": {"_type": "Money", "amount": "5.00", "currency": "USD"}, "product": 79, "attributes": "{\"15\": \"47\"}", "track_inventory": true, "quantity": 177, "quantity_allocated": 2, "cost_price": {"_type": "Money", "amount": "1.50", "currency": "USD"}, "weight": "1.0 kg"}}, {"model": "product.productvariant", "pk": 225, "fields": {"sku": "21438542", "name": "2l", "price_override": {"_type": "Money", "amount": "7.00", "currency": "USD"}, "product": 79, "attributes": "{\"15\": \"48\"}", "track_inventory": true, "quantity": 215, "quantity_allocated": 4, "cost_price": {"_type": "Money", "amount": "2.00", "currency": "USD"}, "weight": "2.0 kg"}}, {"model": "product.productvariant", "pk": 226, "fields": {"sku": "25651724", "name": "Vinyl", "price_override": {"_type": "Money", "amount": "19.00", "currency": "USD"}, "product": 67, "attributes": "{\"19\": \"63\"}", "track_inventory": true, "quantity": 127, "quantity_allocated": 6, "cost_price": {"_type": "Money", "amount": "8.00", "currency": "USD"}, "weight": "0.0 kg"}}, {"model": "product.productvariant", "pk": 227, "fields": {"sku": "26345802", "name": "DVD", "price_override": {"_type": "Money", "amount": "11.00", "currency": "USD"}, "product": 67, "attributes": "{\"19\": \"64\"}", "track_inventory": true, "quantity": 1215, "quantity_allocated": 4, "cost_price": {"_type": "Money", "amount": "3.00", "currency": "USD"}, "weight": "0.0 kg"}}, {"model": "product.productvariant", "pk": 228, "fields": {"sku": "94460534", "name": "VHS", "price_override": {"_type": "Money", "amount": "20.00", "currency": "USD"}, "product": 67, "attributes": "{\"19\": \"65\"}", "track_inventory": true, "quantity": 70, "quantity_allocated": 4, "cost_price": {"_type": "Money", "amount": "10.00", "currency": "USD"}, "weight": "0.0 kg"}}, {"model": "product.productvariant", "pk": 229, "fields": {"sku": "17200547", "name": "iTunes", "price_override": {"_type": "Money", "amount": "5.00", "currency": "USD"}, "product": 67, "attributes": "{\"19\": \"66\"}", "track_inventory": false, "quantity": 99999, "quantity_allocated": 0, "cost_price": null, "weight": "0.0 kg"}}, {"model": "product.productvariant", "pk": 230, "fields": {"sku": "68861678", "name": "Vinyl", "price_override": {"_type": "Money", "amount": "19.00", "currency": "USD"}, "product": 68, "attributes": "{\"19\": \"63\"}", "track_inventory": true, "quantity": 131, "quantity_allocated": 10, "cost_price": {"_type": "Money", "amount": "8.00", "currency": "USD"}, "weight": "0.0 kg"}}, {"model": "product.productvariant", "pk": 231, "fields": {"sku": "83279766", "name": "DVD", "price_override": {"_type": "Money", "amount": "11.00", "currency": "USD"}, "product": 68, "attributes": "{\"19\": \"64\"}", "track_inventory": true, "quantity": 1215, "quantity_allocated": 4, "cost_price": {"_type": "Money", "amount": "3.00", "currency": "USD"}, "weight": "0.0 kg"}}, {"model": "product.productvariant", "pk": 232, "fields": {"sku": "9801537", "name": "VHS", "price_override": {"_type": "Money", "amount": "20.00", "currency": "USD"}, "product": 68, "attributes": "{\"19\": \"65\"}", "track_inventory": true, "quantity": 75, "quantity_allocated": 9, "cost_price": {"_type": "Money", "amount": "10.00", "currency": "USD"}, "weight": "0.0 kg"}}, {"model": "product.productvariant", "pk": 233, "fields": {"sku": "55440119", "name": "iTunes", "price_override": {"_type": "Money", "amount": "5.00", "currency": "USD"}, "product": 68, "attributes": "{\"19\": \"66\"}", "track_inventory": false, "quantity": 99999, "quantity_allocated": 0, "cost_price": null, "weight": "0.0 kg"}}, {"model": "product.productvariant", "pk": 234, "fields": {"sku": "25879716", "name": "Vinyl", "price_override": {"_type": "Money", "amount": "19.00", "currency": "USD"}, "product": 69, "attributes": "{\"19\": \"63\"}", "track_inventory": true, "quantity": 129, "quantity_allocated": 8, "cost_price": {"_type": "Money", "amount": "8.00", "currency": "USD"}, "weight": "0.0 kg"}}, {"model": "product.productvariant", "pk": 235, "fields": {"sku": "10484904", "name": "DVD", "price_override": {"_type": "Money", "amount": "11.00", "currency": "USD"}, "product": 69, "attributes": "{\"19\": \"64\"}", "track_inventory": true, "quantity": 1215, "quantity_allocated": 4, "cost_price": {"_type": "Money", "amount": "3.00", "currency": "USD"}, "weight": "0.0 kg"}}, {"model": "product.productvariant", "pk": 236, "fields": {"sku": "62275225", "name": "VHS", "price_override": {"_type": "Money", "amount": "20.00", "currency": "USD"}, "product": 69, "attributes": "{\"19\": \"65\"}", "track_inventory": true, "quantity": 78, "quantity_allocated": 12, "cost_price": {"_type": "Money", "amount": "10.00", "currency": "USD"}, "weight": "0.0 kg"}}, {"model": "product.productvariant", "pk": 237, "fields": {"sku": "41194584", "name": "iTunes", "price_override": {"_type": "Money", "amount": "5.00", "currency": "USD"}, "product": 69, "attributes": "{\"19\": \"66\"}", "track_inventory": false, "quantity": 99999, "quantity_allocated": 0, "cost_price": null, "weight": "0.0 kg"}}, {"model": "product.productvariant", "pk": 238, "fields": {"sku": "2025200", "name": "Vinyl", "price_override": {"_type": "Money", "amount": "19.00", "currency": "USD"}, "product": 70, "attributes": "{\"19\": \"63\"}", "track_inventory": true, "quantity": 125, "quantity_allocated": 4, "cost_price": {"_type": "Money", "amount": "8.00", "currency": "USD"}, "weight": "0.0 kg"}}, {"model": "product.productvariant", "pk": 239, "fields": {"sku": "55796860", "name": "DVD", "price_override": {"_type": "Money", "amount": "11.00", "currency": "USD"}, "product": 70, "attributes": "{\"19\": \"64\"}", "track_inventory": true, "quantity": 1217, "quantity_allocated": 6, "cost_price": {"_type": "Money", "amount": "3.00", "currency": "USD"}, "weight": "0.0 kg"}}, {"model": "product.productvariant", "pk": 240, "fields": {"sku": "80961349", "name": "VHS", "price_override": {"_type": "Money", "amount": "20.00", "currency": "USD"}, "product": 70, "attributes": "{\"19\": \"65\"}", "track_inventory": true, "quantity": 66, "quantity_allocated": 0, "cost_price": {"_type": "Money", "amount": "10.00", "currency": "USD"}, "weight": "0.0 kg"}}, {"model": "product.productvariant", "pk": 241, "fields": {"sku": "87286460", "name": "iTunes", "price_override": {"_type": "Money", "amount": "5.00", "currency": "USD"}, "product": 70, "attributes": "{\"19\": \"66\"}", "track_inventory": false, "quantity": 99999, "quantity_allocated": 0, "cost_price": null, "weight": "0.0 kg"}}, {"model": "product.productvariant", "pk": 242, "fields": {"sku": "398323583", "name": "39", "price_override": null, "product": 87, "attributes": "{\"24\": \"75\"}", "track_inventory": true, "quantity": 9123, "quantity_allocated": 2, "cost_price": {"_type": "Money", "amount": "20.00", "currency": "USD"}, "weight": "0.0 kg"}}, {"model": "product.productvariant", "pk": 243, "fields": {"sku": "398323584", "name": "40", "price_override": null, "product": 87, "attributes": "{\"24\": \"76\"}", "track_inventory": true, "quantity": 1, "quantity_allocated": 0, "cost_price": {"_type": "Money", "amount": "20.00", "currency": "USD"}, "weight": "0.0 kg"}}, {"model": "product.productvariant", "pk": 244, "fields": {"sku": "398323585", "name": "41", "price_override": null, "product": 87, "attributes": "{\"24\": \"77\"}", "track_inventory": true, "quantity": 1, "quantity_allocated": 0, "cost_price": {"_type": "Money", "amount": "20.00", "currency": "USD"}, "weight": "0.0 kg"}}, {"model": "product.productvariant", "pk": 245, "fields": {"sku": "398323586", "name": "42", "price_override": null, "product": 87, "attributes": "{\"24\": \"78\"}", "track_inventory": true, "quantity": 131, "quantity_allocated": 0, "cost_price": {"_type": "Money", "amount": "20.00", "currency": "USD"}, "weight": "0.0 kg"}}, {"model": "product.productvariant", "pk": 246, "fields": {"sku": "398323588", "name": "43", "price_override": null, "product": 87, "attributes": "{\"24\": \"79\"}", "track_inventory": true, "quantity": 861, "quantity_allocated": 0, "cost_price": {"_type": "Money", "amount": "20.00", "currency": "USD"}, "weight": "0.0 kg"}}, {"model": "product.productvariant", "pk": 247, "fields": {"sku": "993223583", "name": "40", "price_override": null, "product": 88, "attributes": "{\"24\": \"76\"}", "track_inventory": true, "quantity": 7611, "quantity_allocated": 0, "cost_price": {"_type": "Money", "amount": "10.00", "currency": "USD"}, "weight": "1.0 kg"}}, {"model": "product.productvariant", "pk": 248, "fields": {"sku": "978223582", "name": "41", "price_override": null, "product": 88, "attributes": "{\"24\": \"77\"}", "track_inventory": true, "quantity": 971, "quantity_allocated": 0, "cost_price": {"_type": "Money", "amount": "20.00", "currency": "USD"}, "weight": "1.0 kg"}}, {"model": "product.productvariant", "pk": 249, "fields": {"sku": "918323583", "name": "40", "price_override": null, "product": 88, "attributes": "{\"24\": \"76\"}", "track_inventory": true, "quantity": 0, "quantity_allocated": 0, "cost_price": null, "weight": "2.0 kg"}}, {"model": "product.productvariant", "pk": 250, "fields": {"sku": "918223582", "name": "45", "price_override": null, "product": 88, "attributes": "{\"24\": \"81\"}", "track_inventory": true, "quantity": 0, "quantity_allocated": 0, "cost_price": {"_type": "Money", "amount": "20.00", "currency": "USD"}, "weight": "2.0 kg"}}, {"model": "product.productvariant", "pk": 251, "fields": {"sku": "988323583", "name": "S", "price_override": null, "product": 89, "attributes": "{\"13\": \"36\"}", "track_inventory": true, "quantity": 1213, "quantity_allocated": 0, "cost_price": {"_type": "Money", "amount": "10.00", "currency": "USD"}, "weight": "0.0 kg"}}, {"model": "product.productvariant", "pk": 252, "fields": {"sku": "338223582", "name": "M", "price_override": null, "product": 89, "attributes": "{\"13\": \"37\"}", "track_inventory": true, "quantity": 4, "quantity_allocated": 3, "cost_price": {"_type": "Money", "amount": "10.00", "currency": "USD"}, "weight": "0.0 kg"}}, {"model": "product.productvariant", "pk": 253, "fields": {"sku": "118223591", "name": "L", "price_override": null, "product": 89, "attributes": "{\"13\": \"38\"}", "track_inventory": true, "quantity": 9818, "quantity_allocated": 0, "cost_price": {"_type": "Money", "amount": "10.00", "currency": "USD"}, "weight": "0.0 kg"}}, {"model": "product.productvariant", "pk": 254, "fields": {"sku": "448323583", "name": "XL", "price_override": null, "product": 89, "attributes": "{\"13\": \"39\"}", "track_inventory": true, "quantity": 1, "quantity_allocated": 0, "cost_price": {"_type": "Money", "amount": "10.00", "currency": "USD"}, "weight": "0.0 kg"}}, {"model": "product.productvariant", "pk": 255, "fields": {"sku": "3128223583", "name": "XXL", "price_override": null, "product": 89, "attributes": "{\"13\": \"40\"}", "track_inventory": true, "quantity": 5791, "quantity_allocated": 0, "cost_price": {"_type": "Money", "amount": "10.00", "currency": "USD"}, "weight": "0.0 kg"}}, {"model": "product.productvariant", "pk": 256, "fields": {"sku": "29716755", "name": "S", "price_override": null, "product": 107, "attributes": "{\"13\": \"36\"}", "track_inventory": true, "quantity": 1213, "quantity_allocated": 0, "cost_price": {"_type": "Money", "amount": "10.00", "currency": "USD"}, "weight": "0.0 kg"}}, {"model": "product.productvariant", "pk": 257, "fields": {"sku": "66594736", "name": "M", "price_override": null, "product": 107, "attributes": "{\"13\": \"37\"}", "track_inventory": true, "quantity": 8, "quantity_allocated": 7, "cost_price": {"_type": "Money", "amount": "10.00", "currency": "USD"}, "weight": "0.0 kg"}}, {"model": "product.productvariant", "pk": 258, "fields": {"sku": "50269944", "name": "L", "price_override": null, "product": 107, "attributes": "{\"13\": \"38\"}", "track_inventory": true, "quantity": 9818, "quantity_allocated": 0, "cost_price": {"_type": "Money", "amount": "10.00", "currency": "USD"}, "weight": "0.0 kg"}}, {"model": "product.productvariant", "pk": 259, "fields": {"sku": "31352185", "name": "XL", "price_override": null, "product": 107, "attributes": "{\"13\": \"39\"}", "track_inventory": true, "quantity": 1, "quantity_allocated": 0, "cost_price": {"_type": "Money", "amount": "10.00", "currency": "USD"}, "weight": "0.0 kg"}}, {"model": "product.productvariant", "pk": 260, "fields": {"sku": "85364796", "name": "XXL", "price_override": null, "product": 107, "attributes": "{\"13\": \"40\"}", "track_inventory": true, "quantity": 5791, "quantity_allocated": 0, "cost_price": {"_type": "Money", "amount": "10.00", "currency": "USD"}, "weight": "0.0 kg"}}, {"model": "product.productvariant", "pk": 261, "fields": {"sku": "44026421", "name": "S", "price_override": null, "product": 108, "attributes": "{\"13\": \"36\"}", "track_inventory": true, "quantity": 1215, "quantity_allocated": 2, "cost_price": {"_type": "Money", "amount": "10.00", "currency": "USD"}, "weight": "0.0 kg"}}, {"model": "product.productvariant", "pk": 262, "fields": {"sku": "90892602", "name": "M", "price_override": null, "product": 108, "attributes": "{\"13\": \"37\"}", "track_inventory": true, "quantity": 1, "quantity_allocated": 0, "cost_price": {"_type": "Money", "amount": "10.00", "currency": "USD"}, "weight": "0.0 kg"}}, {"model": "product.productvariant", "pk": 263, "fields": {"sku": "59014392", "name": "L", "price_override": null, "product": 108, "attributes": "{\"13\": \"38\"}", "track_inventory": true, "quantity": 9818, "quantity_allocated": 0, "cost_price": {"_type": "Money", "amount": "10.00", "currency": "USD"}, "weight": "0.0 kg"}}, {"model": "product.productvariant", "pk": 264, "fields": {"sku": "43659438", "name": "XL", "price_override": null, "product": 108, "attributes": "{\"13\": \"39\"}", "track_inventory": true, "quantity": 1, "quantity_allocated": 0, "cost_price": {"_type": "Money", "amount": "10.00", "currency": "USD"}, "weight": "0.0 kg"}}, {"model": "product.productvariant", "pk": 265, "fields": {"sku": "60597697", "name": "XXL", "price_override": null, "product": 108, "attributes": "{\"13\": \"40\"}", "track_inventory": true, "quantity": 5791, "quantity_allocated": 0, "cost_price": {"_type": "Money", "amount": "10.00", "currency": "USD"}, "weight": "0.0 kg"}}, {"model": "product.productvariant", "pk": 266, "fields": {"sku": "26592266", "name": "S", "price_override": null, "product": 109, "attributes": "{\"13\": \"36\"}", "track_inventory": true, "quantity": 1213, "quantity_allocated": 0, "cost_price": {"_type": "Money", "amount": "10.00", "currency": "USD"}, "weight": "0.0 kg"}}, {"model": "product.productvariant", "pk": 267, "fields": {"sku": "36260498", "name": "M", "price_override": null, "product": 109, "attributes": "{\"13\": \"37\"}", "track_inventory": true, "quantity": 2, "quantity_allocated": 1, "cost_price": {"_type": "Money", "amount": "10.00", "currency": "USD"}, "weight": "0.0 kg"}}, {"model": "product.productvariant", "pk": 268, "fields": {"sku": "37558859", "name": "L", "price_override": null, "product": 109, "attributes": "{\"13\": \"38\"}", "track_inventory": true, "quantity": 9818, "quantity_allocated": 0, "cost_price": {"_type": "Money", "amount": "10.00", "currency": "USD"}, "weight": "0.0 kg"}}, {"model": "product.productvariant", "pk": 269, "fields": {"sku": "19402012", "name": "XL", "price_override": null, "product": 109, "attributes": "{\"13\": \"39\"}", "track_inventory": true, "quantity": 1, "quantity_allocated": 0, "cost_price": {"_type": "Money", "amount": "10.00", "currency": "USD"}, "weight": "0.0 kg"}}, {"model": "product.productvariant", "pk": 270, "fields": {"sku": "17570141", "name": "XXL", "price_override": null, "product": 109, "attributes": "{\"13\": \"40\"}", "track_inventory": true, "quantity": 5791, "quantity_allocated": 0, "cost_price": {"_type": "Money", "amount": "10.00", "currency": "USD"}, "weight": "0.0 kg"}}, {"model": "product.productvariant", "pk": 271, "fields": {"sku": "98530976", "name": "S", "price_override": null, "product": 110, "attributes": "{\"13\": \"36\"}", "track_inventory": true, "quantity": 1213, "quantity_allocated": 0, "cost_price": {"_type": "Money", "amount": "10.00", "currency": "USD"}, "weight": "0.0 kg"}}, {"model": "product.productvariant", "pk": 272, "fields": {"sku": "46806935", "name": "M", "price_override": null, "product": 110, "attributes": "{\"13\": \"37\"}", "track_inventory": true, "quantity": 6, "quantity_allocated": 5, "cost_price": {"_type": "Money", "amount": "10.00", "currency": "USD"}, "weight": "0.0 kg"}}, {"model": "product.productvariant", "pk": 273, "fields": {"sku": "71103052", "name": "L", "price_override": null, "product": 110, "attributes": "{\"13\": \"38\"}", "track_inventory": true, "quantity": 9818, "quantity_allocated": 0, "cost_price": {"_type": "Money", "amount": "10.00", "currency": "USD"}, "weight": "0.0 kg"}}, {"model": "product.productvariant", "pk": 274, "fields": {"sku": "84812015", "name": "XL", "price_override": null, "product": 110, "attributes": "{\"13\": \"39\"}", "track_inventory": true, "quantity": 1, "quantity_allocated": 0, "cost_price": {"_type": "Money", "amount": "10.00", "currency": "USD"}, "weight": "0.0 kg"}}, {"model": "product.productvariant", "pk": 275, "fields": {"sku": "89820261", "name": "XXL", "price_override": null, "product": 110, "attributes": "{\"13\": \"40\"}", "track_inventory": true, "quantity": 5791, "quantity_allocated": 0, "cost_price": {"_type": "Money", "amount": "10.00", "currency": "USD"}, "weight": "0.0 kg"}}, {"model": "product.productvariant", "pk": 276, "fields": {"sku": "81115323", "name": "S", "price_override": null, "product": 111, "attributes": "{\"13\": \"36\"}", "track_inventory": true, "quantity": 1213, "quantity_allocated": 0, "cost_price": {"_type": "Money", "amount": "10.00", "currency": "USD"}, "weight": "0.0 kg"}}, {"model": "product.productvariant", "pk": 277, "fields": {"sku": "38254631", "name": "M", "price_override": null, "product": 111, "attributes": "{\"13\": \"37\"}", "track_inventory": true, "quantity": 1, "quantity_allocated": 0, "cost_price": {"_type": "Money", "amount": "10.00", "currency": "USD"}, "weight": "0.0 kg"}}, {"model": "product.productvariant", "pk": 278, "fields": {"sku": "11511539", "name": "L", "price_override": null, "product": 111, "attributes": "{\"13\": \"38\"}", "track_inventory": true, "quantity": 9818, "quantity_allocated": 0, "cost_price": {"_type": "Money", "amount": "10.00", "currency": "USD"}, "weight": "0.0 kg"}}, {"model": "product.productvariant", "pk": 279, "fields": {"sku": "84192227", "name": "XL", "price_override": null, "product": 111, "attributes": "{\"13\": \"39\"}", "track_inventory": true, "quantity": 1, "quantity_allocated": 0, "cost_price": {"_type": "Money", "amount": "10.00", "currency": "USD"}, "weight": "0.0 kg"}}, {"model": "product.productvariant", "pk": 280, "fields": {"sku": "91642659", "name": "XXL", "price_override": null, "product": 111, "attributes": "{\"13\": \"40\"}", "track_inventory": true, "quantity": 5791, "quantity_allocated": 0, "cost_price": {"_type": "Money", "amount": "10.00", "currency": "USD"}, "weight": "0.0 kg"}}, {"model": "product.productvariant", "pk": 281, "fields": {"sku": "76491340", "name": "S", "price_override": null, "product": 112, "attributes": "{\"13\": \"36\"}", "track_inventory": true, "quantity": 1213, "quantity_allocated": 0, "cost_price": {"_type": "Money", "amount": "10.00", "currency": "USD"}, "weight": "0.0 kg"}}, {"model": "product.productvariant", "pk": 282, "fields": {"sku": "55101176", "name": "M", "price_override": null, "product": 112, "attributes": "{\"13\": \"37\"}", "track_inventory": true, "quantity": 2, "quantity_allocated": 1, "cost_price": {"_type": "Money", "amount": "10.00", "currency": "USD"}, "weight": "0.0 kg"}}, {"model": "product.productvariant", "pk": 283, "fields": {"sku": "28094954", "name": "L", "price_override": null, "product": 112, "attributes": "{\"13\": \"38\"}", "track_inventory": true, "quantity": 9818, "quantity_allocated": 0, "cost_price": {"_type": "Money", "amount": "10.00", "currency": "USD"}, "weight": "0.0 kg"}}, {"model": "product.productvariant", "pk": 284, "fields": {"sku": "40232182", "name": "XL", "price_override": null, "product": 112, "attributes": "{\"13\": \"39\"}", "track_inventory": true, "quantity": 1, "quantity_allocated": 0, "cost_price": {"_type": "Money", "amount": "10.00", "currency": "USD"}, "weight": "0.0 kg"}}, {"model": "product.productvariant", "pk": 285, "fields": {"sku": "21522631", "name": "XXL", "price_override": null, "product": 112, "attributes": "{\"13\": \"40\"}", "track_inventory": true, "quantity": 5791, "quantity_allocated": 0, "cost_price": {"_type": "Money", "amount": "10.00", "currency": "USD"}, "weight": "0.0 kg"}}, {"model": "product.productvariant", "pk": 286, "fields": {"sku": "29810068", "name": "S", "price_override": null, "product": 113, "attributes": "{\"13\": \"36\"}", "track_inventory": true, "quantity": 1213, "quantity_allocated": 0, "cost_price": {"_type": "Money", "amount": "10.00", "currency": "USD"}, "weight": "0.0 kg"}}, {"model": "product.productvariant", "pk": 287, "fields": {"sku": "57917658", "name": "M", "price_override": null, "product": 113, "attributes": "{\"13\": \"37\"}", "track_inventory": true, "quantity": 6, "quantity_allocated": 5, "cost_price": {"_type": "Money", "amount": "10.00", "currency": "USD"}, "weight": "0.0 kg"}}, {"model": "product.productvariant", "pk": 288, "fields": {"sku": "42680611", "name": "L", "price_override": null, "product": 113, "attributes": "{\"13\": \"38\"}", "track_inventory": true, "quantity": 9818, "quantity_allocated": 0, "cost_price": {"_type": "Money", "amount": "10.00", "currency": "USD"}, "weight": "0.0 kg"}}, {"model": "product.productvariant", "pk": 289, "fields": {"sku": "72289815", "name": "XL", "price_override": null, "product": 113, "attributes": "{\"13\": \"39\"}", "track_inventory": true, "quantity": 1, "quantity_allocated": 0, "cost_price": {"_type": "Money", "amount": "10.00", "currency": "USD"}, "weight": "0.0 kg"}}, {"model": "product.productvariant", "pk": 290, "fields": {"sku": "98653891", "name": "XXL", "price_override": null, "product": 113, "attributes": "{\"13\": \"40\"}", "track_inventory": true, "quantity": 5791, "quantity_allocated": 0, "cost_price": {"_type": "Money", "amount": "10.00", "currency": "USD"}, "weight": "0.0 kg"}}, {"model": "product.productvariant", "pk": 291, "fields": {"sku": "77306807", "name": "S", "price_override": null, "product": 114, "attributes": "{\"13\": \"36\"}", "track_inventory": true, "quantity": 1213, "quantity_allocated": 0, "cost_price": {"_type": "Money", "amount": "10.00", "currency": "USD"}, "weight": "0.0 kg"}}, {"model": "product.productvariant", "pk": 292, "fields": {"sku": "68848129", "name": "M", "price_override": null, "product": 114, "attributes": "{\"13\": \"37\"}", "track_inventory": true, "quantity": 1, "quantity_allocated": 0, "cost_price": {"_type": "Money", "amount": "10.00", "currency": "USD"}, "weight": "0.0 kg"}}, {"model": "product.productvariant", "pk": 293, "fields": {"sku": "35342696", "name": "L", "price_override": null, "product": 114, "attributes": "{\"13\": \"38\"}", "track_inventory": true, "quantity": 9818, "quantity_allocated": 0, "cost_price": {"_type": "Money", "amount": "10.00", "currency": "USD"}, "weight": "0.0 kg"}}, {"model": "product.productvariant", "pk": 294, "fields": {"sku": "98935349", "name": "XL", "price_override": null, "product": 114, "attributes": "{\"13\": \"39\"}", "track_inventory": true, "quantity": 1, "quantity_allocated": 0, "cost_price": {"_type": "Money", "amount": "10.00", "currency": "USD"}, "weight": "0.0 kg"}}, {"model": "product.productvariant", "pk": 295, "fields": {"sku": "45179543", "name": "XXL", "price_override": null, "product": 114, "attributes": "{\"13\": \"40\"}", "track_inventory": true, "quantity": 5791, "quantity_allocated": 0, "cost_price": {"_type": "Money", "amount": "10.00", "currency": "USD"}, "weight": "0.0 kg"}}, {"model": "product.productvariant", "pk": 296, "fields": {"sku": "62783187", "name": "S", "price_override": null, "product": 115, "attributes": "{\"13\": \"36\"}", "track_inventory": true, "quantity": 1213, "quantity_allocated": 0, "cost_price": {"_type": "Money", "amount": "10.00", "currency": "USD"}, "weight": "0.0 kg"}}, {"model": "product.productvariant", "pk": 297, "fields": {"sku": "91406604", "name": "M", "price_override": null, "product": 115, "attributes": "{\"13\": \"37\"}", "track_inventory": true, "quantity": 3, "quantity_allocated": 2, "cost_price": {"_type": "Money", "amount": "10.00", "currency": "USD"}, "weight": "0.0 kg"}}, {"model": "product.productvariant", "pk": 298, "fields": {"sku": "22119503", "name": "L", "price_override": null, "product": 115, "attributes": "{\"13\": \"38\"}", "track_inventory": true, "quantity": 9818, "quantity_allocated": 0, "cost_price": {"_type": "Money", "amount": "10.00", "currency": "USD"}, "weight": "0.0 kg"}}, {"model": "product.productvariant", "pk": 299, "fields": {"sku": "19230637", "name": "XL", "price_override": null, "product": 115, "attributes": "{\"13\": \"39\"}", "track_inventory": true, "quantity": 1, "quantity_allocated": 0, "cost_price": {"_type": "Money", "amount": "10.00", "currency": "USD"}, "weight": "0.0 kg"}}, {"model": "product.productvariant", "pk": 300, "fields": {"sku": "61630747", "name": "XXL", "price_override": null, "product": 115, "attributes": "{\"13\": \"40\"}", "track_inventory": true, "quantity": 5791, "quantity_allocated": 0, "cost_price": {"_type": "Money", "amount": "10.00", "currency": "USD"}, "weight": "0.0 kg"}}, {"model": "product.productvariant", "pk": 301, "fields": {"sku": "15744278", "name": "S", "price_override": null, "product": 116, "attributes": "{\"13\": \"36\"}", "track_inventory": true, "quantity": 1213, "quantity_allocated": 0, "cost_price": {"_type": "Money", "amount": "10.00", "currency": "USD"}, "weight": "0.0 kg"}}, {"model": "product.productvariant", "pk": 302, "fields": {"sku": "21599567", "name": "M", "price_override": null, "product": 116, "attributes": "{\"13\": \"37\"}", "track_inventory": true, "quantity": 4, "quantity_allocated": 3, "cost_price": {"_type": "Money", "amount": "10.00", "currency": "USD"}, "weight": "0.0 kg"}}, {"model": "product.productvariant", "pk": 303, "fields": {"sku": "65363253", "name": "L", "price_override": null, "product": 116, "attributes": "{\"13\": \"38\"}", "track_inventory": true, "quantity": 9820, "quantity_allocated": 2, "cost_price": {"_type": "Money", "amount": "10.00", "currency": "USD"}, "weight": "0.0 kg"}}, {"model": "product.productvariant", "pk": 304, "fields": {"sku": "51987722", "name": "XL", "price_override": null, "product": 116, "attributes": "{\"13\": \"39\"}", "track_inventory": true, "quantity": 1, "quantity_allocated": 0, "cost_price": {"_type": "Money", "amount": "10.00", "currency": "USD"}, "weight": "0.0 kg"}}, {"model": "product.productvariant", "pk": 305, "fields": {"sku": "43313080", "name": "XXL", "price_override": null, "product": 116, "attributes": "{\"13\": \"40\"}", "track_inventory": true, "quantity": 5791, "quantity_allocated": 0, "cost_price": {"_type": "Money", "amount": "10.00", "currency": "USD"}, "weight": "0.0 kg"}}, {"model": "product.productvariant", "pk": 306, "fields": {"sku": "33963052", "name": "S", "price_override": null, "product": 117, "attributes": "{\"13\": \"36\"}", "track_inventory": true, "quantity": 1213, "quantity_allocated": 0, "cost_price": {"_type": "Money", "amount": "10.00", "currency": "USD"}, "weight": "0.0 kg"}}, {"model": "product.productvariant", "pk": 307, "fields": {"sku": "66846240", "name": "M", "price_override": null, "product": 117, "attributes": "{\"13\": \"37\"}", "track_inventory": true, "quantity": 8, "quantity_allocated": 7, "cost_price": {"_type": "Money", "amount": "10.00", "currency": "USD"}, "weight": "0.0 kg"}}, {"model": "product.productvariant", "pk": 308, "fields": {"sku": "55365141", "name": "L", "price_override": null, "product": 117, "attributes": "{\"13\": \"38\"}", "track_inventory": true, "quantity": 9818, "quantity_allocated": 0, "cost_price": {"_type": "Money", "amount": "10.00", "currency": "USD"}, "weight": "0.0 kg"}}, {"model": "product.productvariant", "pk": 309, "fields": {"sku": "73186143", "name": "XL", "price_override": null, "product": 117, "attributes": "{\"13\": \"39\"}", "track_inventory": true, "quantity": 1, "quantity_allocated": 0, "cost_price": {"_type": "Money", "amount": "10.00", "currency": "USD"}, "weight": "0.0 kg"}}, {"model": "product.productvariant", "pk": 310, "fields": {"sku": "42651772", "name": "XXL", "price_override": null, "product": 117, "attributes": "{\"13\": \"40\"}", "track_inventory": true, "quantity": 5791, "quantity_allocated": 0, "cost_price": {"_type": "Money", "amount": "10.00", "currency": "USD"}, "weight": "0.0 kg"}}, {"model": "product.productvariant", "pk": 311, "fields": {"sku": "70760297", "name": "S", "price_override": null, "product": 118, "attributes": "{\"13\": \"36\"}", "track_inventory": true, "quantity": 1213, "quantity_allocated": 0, "cost_price": {"_type": "Money", "amount": "10.00", "currency": "USD"}, "weight": "0.0 kg"}}, {"model": "product.productvariant", "pk": 312, "fields": {"sku": "36334412", "name": "M", "price_override": null, "product": 118, "attributes": "{\"13\": \"37\"}", "track_inventory": true, "quantity": 10, "quantity_allocated": 9, "cost_price": {"_type": "Money", "amount": "10.00", "currency": "USD"}, "weight": "0.0 kg"}}, {"model": "product.productvariant", "pk": 313, "fields": {"sku": "35994675", "name": "L", "price_override": null, "product": 118, "attributes": "{\"13\": \"38\"}", "track_inventory": true, "quantity": 9818, "quantity_allocated": 0, "cost_price": {"_type": "Money", "amount": "10.00", "currency": "USD"}, "weight": "0.0 kg"}}, {"model": "product.productvariant", "pk": 314, "fields": {"sku": "10404946", "name": "XL", "price_override": null, "product": 118, "attributes": "{\"13\": \"39\"}", "track_inventory": true, "quantity": 1, "quantity_allocated": 0, "cost_price": {"_type": "Money", "amount": "10.00", "currency": "USD"}, "weight": "0.0 kg"}}, {"model": "product.productvariant", "pk": 315, "fields": {"sku": "45507483", "name": "XXL", "price_override": null, "product": 118, "attributes": "{\"13\": \"40\"}", "track_inventory": true, "quantity": 5791, "quantity_allocated": 0, "cost_price": {"_type": "Money", "amount": "10.00", "currency": "USD"}, "weight": "0.0 kg"}}, {"model": "product.productvariant", "pk": 316, "fields": {"sku": "48191461", "name": "S", "price_override": null, "product": 119, "attributes": "{\"13\": \"36\"}", "track_inventory": true, "quantity": 1213, "quantity_allocated": 0, "cost_price": {"_type": "Money", "amount": "10.00", "currency": "USD"}, "weight": "0.0 kg"}}, {"model": "product.productvariant", "pk": 317, "fields": {"sku": "31314717", "name": "M", "price_override": null, "product": 119, "attributes": "{\"13\": \"37\"}", "track_inventory": true, "quantity": 1, "quantity_allocated": 0, "cost_price": {"_type": "Money", "amount": "10.00", "currency": "USD"}, "weight": "0.0 kg"}}, {"model": "product.productvariant", "pk": 318, "fields": {"sku": "37401790", "name": "L", "price_override": null, "product": 119, "attributes": "{\"13\": \"38\"}", "track_inventory": true, "quantity": 9818, "quantity_allocated": 0, "cost_price": {"_type": "Money", "amount": "10.00", "currency": "USD"}, "weight": "0.0 kg"}}, {"model": "product.productvariant", "pk": 319, "fields": {"sku": "39426947", "name": "XL", "price_override": null, "product": 119, "attributes": "{\"13\": \"39\"}", "track_inventory": true, "quantity": 1, "quantity_allocated": 0, "cost_price": {"_type": "Money", "amount": "10.00", "currency": "USD"}, "weight": "0.0 kg"}}, {"model": "product.productvariant", "pk": 320, "fields": {"sku": "74886803", "name": "XXL", "price_override": null, "product": 119, "attributes": "{\"13\": \"40\"}", "track_inventory": true, "quantity": 5791, "quantity_allocated": 0, "cost_price": {"_type": "Money", "amount": "10.00", "currency": "USD"}, "weight": "0.0 kg"}}, {"model": "product.attribute", "pk": 13, "fields": {"slug": "size", "name": "Size", "product_type": null, "product_variant_type": 14}}, {"model": "product.attribute", "pk": 14, "fields": {"slug": "color", "name": "Color", "product_type": null, "product_variant_type": null}}, {"model": "product.attribute", "pk": 15, "fields": {"slug": "bottle-size", "name": "Size", "product_type": 11, "product_variant_type": null}}, {"model": "product.attribute", "pk": 16, "fields": {"slug": "flavour", "name": "Flavour", "product_type": 9, "product_variant_type": null}}, {"model": "product.attribute", "pk": 18, "fields": {"slug": "bucket-size", "name": "Size", "product_type": null, "product_variant_type": 7}}, {"model": "product.attribute", "pk": 19, "fields": {"slug": "medium", "name": "Medium", "product_type": null, "product_variant_type": 8}}, {"model": "product.attribute", "pk": 20, "fields": {"slug": "volume", "name": "Volume", "product_type": 10, "product_variant_type": null}}, {"model": "product.attribute", "pk": 21, "fields": {"slug": "abv", "name": "ABV", "product_type": 11, "product_variant_type": null}}, {"model": "product.attribute", "pk": 22, "fields": {"slug": "cushion-size", "name": "Size", "product_type": null, "product_variant_type": 12}}, {"model": "product.attribute", "pk": 23, "fields": {"slug": "material", "name": "Material", "product_type": 12, "product_variant_type": null}}, {"model": "product.attribute", "pk": 24, "fields": {"slug": "shoe-size", "name": "Shoe size", "product_type": null, "product_variant_type": 13}}, {"model": "product.attribute", "pk": 25, "fields": {"slug": "shirt-material", "name": "Material", "product_type": 14, "product_variant_type": null}}, {"model": "product.attributevalue", "pk": 36, "fields": {"sort_order": 0, "name": "S", "value": "", "slug": "s", "attribute": 13}}, {"model": "product.attributevalue", "pk": 37, "fields": {"sort_order": 1, "name": "M", "value": "", "slug": "m", "attribute": 13}}, {"model": "product.attributevalue", "pk": 38, "fields": {"sort_order": 2, "name": "L", "value": "", "slug": "l", "attribute": 13}}, {"model": "product.attributevalue", "pk": 39, "fields": {"sort_order": 3, "name": "XL", "value": "", "slug": "xl", "attribute": 13}}, {"model": "product.attributevalue", "pk": 40, "fields": {"sort_order": 4, "name": "XXL", "value": "", "slug": "xxl", "attribute": 13}}, {"model": "product.attributevalue", "pk": 41, "fields": {"sort_order": 0, "name": "White", "value": "", "slug": "white", "attribute": 14}}, {"model": "product.attributevalue", "pk": 42, "fields": {"sort_order": 1, "name": "Blue", "value": "", "slug": "blue", "attribute": 14}}, {"model": "product.attributevalue", "pk": 43, "fields": {"sort_order": 2, "name": "Orange", "value": "", "slug": "orange", "attribute": 14}}, {"model": "product.attributevalue", "pk": 44, "fields": {"sort_order": 3, "name": "Black", "value": "", "slug": "black", "attribute": 14}}, {"model": "product.attributevalue", "pk": 45, "fields": {"sort_order": 4, "name": "Cyan", "value": "", "slug": "cyan", "attribute": 14}}, {"model": "product.attributevalue", "pk": 46, "fields": {"sort_order": 0, "name": "500ml", "value": "", "slug": "500ml", "attribute": 15}}, {"model": "product.attributevalue", "pk": 47, "fields": {"sort_order": 1, "name": "1l", "value": "", "slug": "1l", "attribute": 15}}, {"model": "product.attributevalue", "pk": 48, "fields": {"sort_order": 2, "name": "2l", "value": "", "slug": "2l", "attribute": 15}}, {"model": "product.attributevalue", "pk": 49, "fields": {"sort_order": 0, "name": "Orange", "value": "", "slug": "orange", "attribute": 16}}, {"model": "product.attributevalue", "pk": 50, "fields": {"sort_order": 1, "name": "Banana", "value": "", "slug": "banana", "attribute": 16}}, {"model": "product.attributevalue", "pk": 51, "fields": {"sort_order": 2, "name": "Bean", "value": "", "slug": "bean", "attribute": 16}}, {"model": "product.attributevalue", "pk": 52, "fields": {"sort_order": 3, "name": "Carrot", "value": "", "slug": "carrot", "attribute": 16}}, {"model": "product.attributevalue", "pk": 53, "fields": {"sort_order": 4, "name": "Green", "value": "", "slug": "green", "attribute": 16}}, {"model": "product.attributevalue", "pk": 54, "fields": {"sort_order": 5, "name": "Power", "value": "", "slug": "power", "attribute": 16}}, {"model": "product.attributevalue", "pk": 60, "fields": {"sort_order": 0, "name": "1l", "value": "", "slug": "1l", "attribute": 18}}, {"model": "product.attributevalue", "pk": 61, "fields": {"sort_order": 1, "name": "2.5l", "value": "", "slug": "25l", "attribute": 18}}, {"model": "product.attributevalue", "pk": 62, "fields": {"sort_order": 2, "name": "5l", "value": "", "slug": "5l", "attribute": 18}}, {"model": "product.attributevalue", "pk": 63, "fields": {"sort_order": 0, "name": "Vinyl", "value": "", "slug": "vinyl", "attribute": 19}}, {"model": "product.attributevalue", "pk": 64, "fields": {"sort_order": 1, "name": "DVD", "value": "", "slug": "dvd", "attribute": 19}}, {"model": "product.attributevalue", "pk": 65, "fields": {"sort_order": 2, "name": "VHS", "value": "", "slug": "vhs", "attribute": 19}}, {"model": "product.attributevalue", "pk": 66, "fields": {"sort_order": 3, "name": "iTunes", "value": "", "slug": "itunes", "attribute": 19}}, {"model": "product.attributevalue", "pk": 67, "fields": {"sort_order": 0, "name": "700ml", "value": "", "slug": "700ml", "attribute": 20}}, {"model": "product.attributevalue", "pk": 68, "fields": {"sort_order": 0, "name": "5.1%", "value": "", "slug": "51", "attribute": 21}}, {"model": "product.attributevalue", "pk": 69, "fields": {"sort_order": 1, "name": "6.7%", "value": "", "slug": "67", "attribute": 21}}, {"model": "product.attributevalue", "pk": 70, "fields": {"sort_order": 0, "name": "45cm x 45cm", "value": "", "slug": "45cm-x-45cm", "attribute": 22}}, {"model": "product.attributevalue", "pk": 71, "fields": {"sort_order": 1, "name": "55cm x 55cm", "value": "", "slug": "55cm-x-55cm", "attribute": 22}}, {"model": "product.attributevalue", "pk": 72, "fields": {"sort_order": 0, "name": "Cotton", "value": "", "slug": "cotton", "attribute": 23}}, {"model": "product.attributevalue", "pk": 73, "fields": {"sort_order": 1, "name": "Elastane", "value": "", "slug": "elastane", "attribute": 23}}, {"model": "product.attributevalue", "pk": 74, "fields": {"sort_order": 2, "name": "Polyester", "value": "", "slug": "polyester", "attribute": 23}}, {"model": "product.attributevalue", "pk": 75, "fields": {"sort_order": 0, "name": "39", "value": "", "slug": "39", "attribute": 24}}, {"model": "product.attributevalue", "pk": 76, "fields": {"sort_order": 1, "name": "40", "value": "", "slug": "40", "attribute": 24}}, {"model": "product.attributevalue", "pk": 77, "fields": {"sort_order": 2, "name": "41", "value": "", "slug": "41", "attribute": 24}}, {"model": "product.attributevalue", "pk": 78, "fields": {"sort_order": 3, "name": "42", "value": "", "slug": "42", "attribute": 24}}, {"model": "product.attributevalue", "pk": 79, "fields": {"sort_order": 4, "name": "43", "value": "", "slug": "43", "attribute": 24}}, {"model": "product.attributevalue", "pk": 80, "fields": {"sort_order": 5, "name": "44", "value": "", "slug": "44", "attribute": 24}}, {"model": "product.attributevalue", "pk": 81, "fields": {"sort_order": 6, "name": "45", "value": "", "slug": "45", "attribute": 24}}, {"model": "product.attributevalue", "pk": 82, "fields": {"sort_order": 0, "name": "Cotton", "value": "", "slug": "cotton", "attribute": 25}}, {"model": "product.productimage", "pk": 164, "fields": {"sort_order": 0, "product": 61, "image": "products/saleordemoproduct_paints_01_nn6IXph.png", "ppoi": "0.5x0.5", "alt": ""}}, {"model": "product.productimage", "pk": 165, "fields": {"sort_order": 0, "product": 62, "image": "products/saleordemoproduct_paints_02_hhbVrUN.png", "ppoi": "0.5x0.5", "alt": ""}}, {"model": "product.productimage", "pk": 166, "fields": {"sort_order": 0, "product": 63, "image": "products/saleordemoproduct_paints_03_lxIiskX.png", "ppoi": "0.5x0.5", "alt": ""}}, {"model": "product.productimage", "pk": 167, "fields": {"sort_order": 0, "product": 64, "image": "products/saleordemoproduct_paints_04_1BzwZiY.png", "ppoi": "0.5x0.5", "alt": ""}}, {"model": "product.productimage", "pk": 168, "fields": {"sort_order": 0, "product": 65, "image": "products/saleordemoproduct_paints_05_Ni7yG0n.png", "ppoi": "0.5x0.5", "alt": ""}}, {"model": "product.productimage", "pk": 169, "fields": {"sort_order": 0, "product": 71, "image": "products/saleordemoproduct_fd_juice_06_7kTDh3u.png", "ppoi": "0.5x0.5", "alt": ""}}, {"model": "product.productimage", "pk": 170, "fields": {"sort_order": 0, "product": 73, "image": "products/saleordemoproduct_fd_juice_05_7Q8Qg7h.png", "ppoi": "0.5x0.5", "alt": ""}}, {"model": "product.productimage", "pk": 171, "fields": {"sort_order": 0, "product": 74, "image": "products/saleordemoproduct_fd_juice_01_hWRARBg.png", "ppoi": "0.5x0.5", "alt": ""}}, {"model": "product.productimage", "pk": 172, "fields": {"sort_order": 0, "product": 77, "image": "products/saleordemoproduct_fd_juice_03_v0qsVsn.png", "ppoi": "0.5x0.5", "alt": ""}}, {"model": "product.productimage", "pk": 173, "fields": {"sort_order": 0, "product": 78, "image": "products/saleordemoproduct_fd_juice_04_4PVWfyh.png", "ppoi": "0.5x0.5", "alt": ""}}, {"model": "product.productimage", "pk": 174, "fields": {"sort_order": 0, "product": 79, "image": "products/saleordemoproduct_fd_juice_02_2v0dTu1.png", "ppoi": "0.5x0.5", "alt": ""}}, {"model": "product.productimage", "pk": 175, "fields": {"sort_order": 0, "product": 81, "image": "products/saleordemoproduct_wine-red_jQWFrRc.png", "ppoi": "0.5x0.5", "alt": ""}}, {"model": "product.productimage", "pk": 176, "fields": {"sort_order": 0, "product": 82, "image": "products/saleordemoproduct_wine-white_pyPX5KL.png", "ppoi": "0.5x0.5", "alt": ""}}, {"model": "product.productimage", "pk": 177, "fields": {"sort_order": 0, "product": 83, "image": "products/saleordemoproduct_beer-02_1_1DHxiFT.png", "ppoi": "0.5x0.5", "alt": ""}}, {"model": "product.productimage", "pk": 178, "fields": {"sort_order": 0, "product": 84, "image": "products/saleordemoproduct_beer-01_1_SsRISZ1.png", "ppoi": "0.5x0.5", "alt": ""}}, {"model": "product.productimage", "pk": 179, "fields": {"sort_order": 0, "product": 85, "image": "products/saleordemoproduct_cuschion01_l4KSRvV.png", "ppoi": "0.5x0.5", "alt": ""}}, {"model": "product.productimage", "pk": 180, "fields": {"sort_order": 0, "product": 86, "image": "products/saleordemoproduct_cuschion02_aKM0SA5.png", "ppoi": "0.5x0.5", "alt": ""}}, {"model": "product.productimage", "pk": 181, "fields": {"sort_order": 0, "product": 87, "image": "products/saleordemoproduct_sneakers_01_1_QPPF7Us.png", "ppoi": "0.5x0.5", "alt": ""}}, {"model": "product.productimage", "pk": 182, "fields": {"sort_order": 0, "product": 88, "image": "products/saleordemoproduct_sneakers_02_1_cZYEpQz.png", "ppoi": "0.5x0.5", "alt": ""}}, {"model": "product.productimage", "pk": 183, "fields": {"sort_order": 0, "product": 89, "image": "products/saleordemoproduct_cl_boot07_1_M8b7Cwt.png", "ppoi": "0.5x0.5", "alt": ""}}, {"model": "product.productimage", "pk": 184, "fields": {"sort_order": 0, "product": 107, "image": "products/saleordemoproduct_cl_polo01_Y236nyn.png", "ppoi": "0.5x0.5", "alt": ""}}, {"model": "product.productimage", "pk": 185, "fields": {"sort_order": 0, "product": 108, "image": "products/saleordemoproduct_cl_polo02_y1hB6E3.png", "ppoi": "0.5x0.5", "alt": ""}}, {"model": "product.productimage", "pk": 186, "fields": {"sort_order": 0, "product": 109, "image": "products/saleordemoproduct_cl_polo03-woman_dOTB77F.png", "ppoi": "0.5x0.5", "alt": ""}}, {"model": "product.productimage", "pk": 187, "fields": {"sort_order": 0, "product": 110, "image": "products/saleordemoproduct_cl_polo04-woman_5LpOvag.png", "ppoi": "0.5x0.5", "alt": ""}}, {"model": "product.productimage", "pk": 188, "fields": {"sort_order": 0, "product": 111, "image": "products/saleordemoproduct_cl_boot01_1_cYAV6xu.png", "ppoi": "0.5x0.5", "alt": ""}}, {"model": "product.productimage", "pk": 189, "fields": {"sort_order": 0, "product": 112, "image": "products/saleordemoproduct_cl_boot03_1_1IPSG0z.png", "ppoi": "0.5x0.5", "alt": ""}}, {"model": "product.productimage", "pk": 190, "fields": {"sort_order": 0, "product": 113, "image": "products/saleordemoproduct_cl_boot06_1_38MpbLZ.png", "ppoi": "0.5x0.5", "alt": ""}}, {"model": "product.productimage", "pk": 191, "fields": {"sort_order": 0, "product": 115, "image": "products/saleordemoproduct_cl_bogo01_1_fSxetB4.png", "ppoi": "0.5x0.5", "alt": ""}}, {"model": "product.productimage", "pk": 192, "fields": {"sort_order": 0, "product": 116, "image": "products/saleordemoproduct_cl_bogo02_1_ADyHizP.png", "ppoi": "0.5x0.5", "alt": ""}}, {"model": "product.productimage", "pk": 193, "fields": {"sort_order": 0, "product": 117, "image": "products/saleordemoproduct_cl_bogo03_1_wvnE52I.png", "ppoi": "0.5x0.5", "alt": ""}}, {"model": "product.productimage", "pk": 194, "fields": {"sort_order": 0, "product": 118, "image": "products/saleordemoproduct_cl_bogo04_1_Vo9Ehnx.png", "ppoi": "0.5x0.5", "alt": ""}}, {"model": "product.collection", "pk": 3, "fields": {"seo_title": null, "seo_description": null, "name": "Summer collection", "slug": "summer-collection", "background_image": "collection-backgrounds/summer.jpg", "is_published": false, "products": [65, 66, 72, 74, 85, 109, 112, 118]}}, {"model": "product.collection", "pk": 4, "fields": {"seo_title": null, "seo_description": null, "name": "Winter sale", "slug": "winter-sale", "background_image": "collection-backgrounds/sale.jpg", "is_published": false, "products": [71, 72, 74, 81, 88, 108, 115, 82]}}]
