[
  {
    "model": "discount.sale",
    "pk": 56,
    "fields": {
      "private_metadata": {},
      "metadata": {},
      "name": "Seasonal sale",
      "type": "percentage",
      "start_date": "2022-05-14T22:00:00Z",
      "end_date": null,
      "created_at": "2022-05-16T12:35:53.164Z",
      "updated_at": "2022-05-16T12:35:53.164Z",
      "categories": [],
      "collections": [],
      "products": [128, 137, 126, 141, 143],
      "variants": []
    }
  },
  {
    "model": "discount.salechannellisting",
    "pk": 111,
    "fields": {
      "sale": 56,
      "channel": 2,
      "discount_value": "10.000",
      "currency": "PLN"
    }
  },
  {
    "model": "discount.salechannellisting",
    "pk": 112,
    "fields": {
      "sale": 56,
      "channel": 1,
      "discount_value": "10.000",
      "currency": "USD"
    }
  },
  {
    "model": "giftcard.giftcardtag",
    "pk": 1,
    "fields": { "name": "issued-gift-cards" }
  },
  {
    "model": "product.category",
    "pk": 25,
    "fields": {
      "private_metadata": {},
      "metadata": {},
      "seo_title": "",
      "seo_description": "",
      "name": "Accessories",
      "slug": "accessories",
      "description": null,
      "description_plaintext": "",
      "parent": null,
      "background_image": "",
      "background_image_alt": "",
      "lft": 1,
      "rght": 8,
      "tree_id": 1,
      "level": 0
    }
  },
  {
    "model": "product.category",
    "pk": 26,
    "fields": {
      "private_metadata": {},
      "metadata": {},
      "seo_title": "",
      "seo_description": "",
      "name": "Audiobooks",
      "slug": "audiobooks",
      "description": null,
      "description_plaintext": "",
      "parent": 25,
      "background_image": "",
      "background_image_alt": "",
      "lft": 2,
      "rght": 3,
      "tree_id": 1,
      "level": 1
    }
  },
  {
    "model": "product.category",
    "pk": 27,
    "fields": {
      "private_metadata": {},
      "metadata": {},
      "seo_title": "",
      "seo_description": "",
      "name": "Apparel",
      "slug": "apparel",
      "description": null,
      "description_plaintext": "",
      "parent": null,
      "background_image": "",
      "background_image_alt": "",
      "lft": 1,
      "rght": 28,
      "tree_id": 2,
      "level": 0
    }
  },
  {
    "model": "product.category",
    "pk": 28,
    "fields": {
      "private_metadata": {},
      "metadata": {},
      "seo_title": "",
      "seo_description": "",
      "name": "Sneakers",
      "slug": "sneakers",
      "description": null,
      "description_plaintext": "",
      "parent": 27,
      "background_image": "",
      "background_image_alt": "",
      "lft": 2,
      "rght": 3,
      "tree_id": 2,
      "level": 1
    }
  },
  {
    "model": "product.category",
    "pk": 29,
    "fields": {
      "private_metadata": {},
      "metadata": {},
      "seo_title": "",
      "seo_description": "",
      "name": "Sweatshirts",
      "slug": "sweatshirts",
      "description": null,
      "description_plaintext": "",
      "parent": 27,
      "background_image": "",
      "background_image_alt": "",
      "lft": 4,
      "rght": 5,
      "tree_id": 2,
      "level": 1
    }
  },
  {
    "model": "product.category",
    "pk": 33,
    "fields": {
      "private_metadata": {},
      "metadata": {},
      "seo_title": "",
      "seo_description": "",
      "name": "Headware",
      "slug": "headware",
      "description": null,
      "description_plaintext": "",
      "parent": 27,
      "background_image": "",
      "background_image_alt": "",
      "lft": 14,
      "rght": 21,
      "tree_id": 2,
      "level": 1
    }
  },
  {
    "model": "product.category",
    "pk": 35,
    "fields": {
      "private_metadata": {},
      "metadata": {},
      "seo_title": "",
      "seo_description": "",
      "name": "Beanies",
      "slug": "beanies",
      "description": null,
      "description_plaintext": "",
      "parent": 33,
      "background_image": "",
      "background_image_alt": "",
      "lft": 15,
      "rght": 16,
      "tree_id": 2,
      "level": 2
    }
  },
  {
    "model": "product.category",
    "pk": 36,
    "fields": {
      "private_metadata": {},
      "metadata": {},
      "seo_title": "",
      "seo_description": "",
      "name": "Scarfs",
      "slug": "scarfs",
      "description": null,
      "description_plaintext": "",
      "parent": 33,
      "background_image": "",
      "background_image_alt": "",
      "lft": 17,
      "rght": 18,
      "tree_id": 2,
      "level": 2
    }
  },
  {
    "model": "product.category",
    "pk": 37,
    "fields": {
      "private_metadata": {},
      "metadata": {},
      "seo_title": "",
      "seo_description": "",
      "name": "Sunglasses",
      "slug": "sunglasses",
      "description": null,
      "description_plaintext": "",
      "parent": 33,
      "background_image": "",
      "background_image_alt": "",
      "lft": 19,
      "rght": 20,
      "tree_id": 2,
      "level": 2
    }
  },
  {
    "model": "product.category",
    "pk": 38,
    "fields": {
      "private_metadata": {},
      "metadata": {},
      "seo_title": "",
      "seo_description": "",
      "name": "Shirts",
      "slug": "shirts",
      "description": null,
      "description_plaintext": "",
      "parent": 27,
      "background_image": "",
      "background_image_alt": "",
      "lft": 22,
      "rght": 27,
      "tree_id": 2,
      "level": 1
    }
  },
  {
    "model": "product.category",
    "pk": 39,
    "fields": {
      "private_metadata": {},
      "metadata": {},
      "seo_title": "",
      "seo_description": "",
      "name": "T-shirts",
      "slug": "t-shirts",
      "description": null,
      "description_plaintext": "",
      "parent": 38,
      "background_image": "",
      "background_image_alt": "",
      "lft": 23,
      "rght": 24,
      "tree_id": 2,
      "level": 2
    }
  },
  {
    "model": "product.category",
    "pk": 40,
    "fields": {
      "private_metadata": {},
      "metadata": {},
      "seo_title": "",
      "seo_description": "",
      "name": "Polo shirts",
      "slug": "polo-shirts-2",
      "description": null,
      "description_plaintext": "",
      "parent": 38,
      "background_image": "",
      "background_image_alt": "",
      "lft": 25,
      "rght": 26,
      "tree_id": 2,
      "level": 2
    }
  },
  {
    "model": "product.category",
    "pk": 41,
    "fields": {
      "private_metadata": {},
      "metadata": {},
      "seo_title": "",
      "seo_description": "",
      "name": "Homewares",
      "slug": "homewares",
      "description": {
        "time": 1652606793760,
        "blocks": [
          {
            "id": "ckre1-oB3I",
            "data": {
              "text": "Everything a programmer's comfort requires&nbsp;"
            },
            "type": "paragraph"
          }
        ],
        "version": "2.22.2"
      },
      "description_plaintext": "Everything a programmer's comfort requires&nbsp;",
      "parent": 25,
      "background_image": "",
      "background_image_alt": "",
      "lft": 4,
      "rght": 5,
      "tree_id": 1,
      "level": 1
    }
  },
  {
    "model": "product.category",
    "pk": 42,
    "fields": {
      "private_metadata": {},
      "metadata": {},
      "seo_title": "",
      "seo_description": "",
      "name": "Groceries",
      "slug": "groceries",
      "description": null,
      "description_plaintext": "",
      "parent": null,
      "background_image": "",
      "background_image_alt": "",
      "lft": 1,
      "rght": 4,
      "tree_id": 3,
      "level": 0
    }
  },
  {
    "model": "product.category",
    "pk": 43,
    "fields": {
      "private_metadata": {},
      "metadata": {},
      "seo_title": "",
      "seo_description": "",
      "name": "Juices",
      "slug": "juices",
      "description": null,
      "description_plaintext": "",
      "parent": 42,
      "background_image": "",
      "background_image_alt": "",
      "lft": 2,
      "rght": 3,
      "tree_id": 3,
      "level": 1
    }
  },
  {
    "model": "product.category",
    "pk": 44,
    "fields": {
      "private_metadata": {},
      "metadata": {},
      "seo_title": "",
      "seo_description": "",
      "name": "Gift cards",
      "slug": "gift-cards",
      "description": null,
      "description_plaintext": "",
      "parent": 25,
      "background_image": "",
      "background_image_alt": "",
      "lft": 6,
      "rght": 7,
      "tree_id": 1,
      "level": 1
    }
  },
  {
    "model": "product.producttype",
    "pk": 17,
    "fields": {
      "private_metadata": {},
      "metadata": {},
      "name": "Audiobook",
      "slug": "audiobook",
      "kind": "normal",
      "has_variants": true,
      "is_shipping_required": false,
      "is_digital": false,
      "weight": "0.0:g"
    }
  },
  {
    "model": "product.producttype",
    "pk": 18,
    "fields": {
      "private_metadata": {},
      "metadata": {},
      "name": "Shoe",
      "slug": "shoe",
      "kind": "normal",
      "has_variants": true,
      "is_shipping_required": true,
      "is_digital": false,
      "weight": "1000.0:g"
    }
  },
  {
    "model": "product.producttype",
    "pk": 19,
    "fields": {
      "private_metadata": {},
      "metadata": {},
      "name": "Sweatshirt",
      "slug": "sweatshirt",
      "kind": "normal",
      "has_variants": false,
      "is_shipping_required": true,
      "is_digital": false,
      "weight": "1000.0:g"
    }
  },
  {
    "model": "product.producttype",
    "pk": 20,
    "fields": {
      "private_metadata": {},
      "metadata": {},
      "name": "Top",
      "slug": "shirt",
      "kind": "normal",
      "has_variants": true,
      "is_shipping_required": true,
      "is_digital": false,
      "weight": "1000.0:g"
    }
  },
  {
    "model": "product.producttype",
    "pk": 21,
    "fields": {
      "private_metadata": {},
      "metadata": {},
      "name": "Beanies & Scarfs",
      "slug": "beanie",
      "kind": "normal",
      "has_variants": false,
      "is_shipping_required": true,
      "is_digital": false,
      "weight": "1000.0:g"
    }
  },
  {
    "model": "product.producttype",
    "pk": 22,
    "fields": {
      "private_metadata": {},
      "metadata": {},
      "name": "Simple",
      "slug": "simple",
      "kind": "normal",
      "has_variants": false,
      "is_shipping_required": false,
      "is_digital": false,
      "weight": "0.0:g"
    }
  },
  {
    "model": "product.producttype",
    "pk": 23,
    "fields": {
      "private_metadata": {},
      "metadata": {},
      "name": "Juice",
      "slug": "juice",
      "kind": "normal",
      "has_variants": false,
      "is_shipping_required": true,
      "is_digital": false,
      "weight": "100.0:g"
    }
  },
  {
    "model": "product.producttype",
    "pk": 24,
    "fields": {
      "private_metadata": {},
      "metadata": {},
      "name": "Simple Gift Card",
      "slug": "gift-card",
      "kind": "gift_card",
      "has_variants": false,
      "is_shipping_required": false,
      "is_digital": false,
      "weight": "0.0:g"
    }
  },
  {
    "model": "product.product",
    "pk": 126,
    "fields": {
      "private_metadata": {},
      "metadata": {},
      "seo_title": "Headless + Omnichannel",
      "seo_description": "Launch new markets fast",
      "product_type": 17,
      "name": "Headless + Omnichannel in a pill",
      "slug": "headless-omnichannel-commerce",
      "description": {
        "time": 1652952009724,
        "blocks": [
          {
            "id": "32SKrcyWwb",
            "data": { "text": "Launch <b>new markets fast</b>" },
            "type": "paragraph"
          }
        ],
        "version": "2.22.2"
      },
      "description_plaintext": "Launch new markets fast",
      "search_document": "",
      "search_vector": "'audio':11B 'digit':10B 'fast':9C 'headless':1A,13A 'headless-omnichannel-mp3':12A 'launch':6C 'market':8C 'mp3':15A,16A,17B 'new':7C 'omnichannel':2A,14A 'pill':5A",
      "category": 26,
      "created_at": "2022-05-12T22:07:58.327Z",
      "updated_at": "2022-05-19T09:20:18.453Z",
      "weight": null,
      "rating": 0.0
    }
  },
  {
    "model": "product.product",
    "pk": 127,
    "fields": {
      "private_metadata": {},
      "metadata": {},
      "seo_title": "White Plimsolls",
      "seo_description": "PE at school wouldn’t have been such a drag with these on your feet. Slip on the style and stride tall with Saleor branded plimsolls. PE now stands for pretty elegant shoes.",
      "product_type": 18,
      "name": "White Plimsolls",
      "slug": "white-plimsolls",
      "description": {
        "time": 1653425999878,
        "blocks": [
          {
            "id": "zUV4oz05zN",
            "data": {
              "text": "<b>PE at school wouldn’t have been such a drag</b> with these on your feet. Slip on the style and stride tall with Saleor branded plimsolls. PE now stands for pretty elegant."
            },
            "type": "paragraph"
          }
        ],
        "version": "2.22.2"
      },
      "description_plaintext": "PE at school wouldn’t have been such a drag with these on your feet. Slip on the style and stride tall with Saleor branded plimsolls. PE now stands for pretty elegant.",
      "search_document": "",
      "search_vector": "'39':36A,49B '40':38A,50B '41':40A,51B '42':42A,52B '43':44A,53B '44':46A,54B '45':48A,55B '918223582':35A '918223583':37A '918223584':39A '918223585':41A '918223586':43A '918223587':45A '918223588':47A 'brand':27C 'drag':12C 'eleg':34C 'feet':17C 'pe':3C,29C 'plimsol':2A,28C 'pretti':33C 'saleor':26C 'school':5C 'slip':18C 'stand':31C 'stride':23C 'style':21C 'tall':24C 'white':1A 'wouldn':6C",
      "category": 28,
      "created_at": "2022-05-13T14:34:39.934Z",
      "updated_at": "2022-05-13T20:11:18.993Z",
      "weight": null,
      "rating": 0.0
    }
  },
  {
    "model": "product.product",
    "pk": 128,
    "fields": {
      "private_metadata": {},
      "metadata": {},
      "seo_title": "",
      "seo_description": "",
      "product_type": 18,
      "name": "Blue Plimsolls",
      "slug": "blue-plimsolls",
      "description": {
        "time": 1653426057314,
        "blocks": [
          {
            "id": "b8HYevCTpU",
            "data": {
              "text": "<b>Step into summer with Saleor.</b> Every time your head goes down, you see these beauties, and your mood bounces right back up."
            },
            "type": "paragraph"
          }
        ],
        "version": "2.22.2"
      },
      "description_plaintext": "Step into summer with Saleor. Every time your head goes down, you see these beauties, and your mood bounces right back up.",
      "search_document": "",
      "search_vector": "'40':25A,30B '41':27A,31B '42':29A,32B '818223582':24A '818223583':26A '818223584':28A 'back':23C 'beauti':17C 'blue':1A 'bounc':21C 'everi':8C 'goe':12C 'head':11C 'mood':20C 'plimsol':2A 'right':22C 'saleor':7C 'see':15C 'step':3C 'summer':5C 'time':9C",
      "category": 28,
      "created_at": "2022-05-13T20:14:01.299Z",
      "updated_at": "2022-05-13T20:39:54.551Z",
      "weight": null,
      "rating": 0.0
    }
  },
  {
    "model": "product.product",
    "pk": 129,
    "fields": {
      "private_metadata": {},
      "metadata": {},
      "seo_title": "",
      "seo_description": "",
      "product_type": 18,
      "name": "Dash Force",
      "slug": "dash-force",
      "description": {
        "time": 1653426379418,
        "blocks": [
          {
            "id": "N0VISDl8_2",
            "data": {
              "text": "<b>Step into summer with the right balance.</b>&nbsp;Every time your head goes down, you see these beauties, and your mood bounces right back up."
            },
            "type": "paragraph"
          }
        ],
        "version": "2.22.2"
      },
      "description_plaintext": "Step into summer with the right balance.&nbsp;Every time your head goes down, you see these beauties, and your mood bounces right back up.",
      "search_document": "",
      "search_vector": "'118223581':28A '118223582':30A '118223583':32A '118223584':34A '118223585':36A '39':29A,38B '40':31A,39B '41':33A,40B '42':35A,41B '420':4A '45':37A,42B 'back':27C 'balanc':3A,11C 'beauti':21C 'bounc':25C 'everi':12C 'goe':16C 'head':15C 'mood':24C 'paul':1A 'right':10C,26C 'see':19C 'step':5C 'summer':7C 'time':13C",
      "category": 28,
      "created_at": "2022-05-13T20:44:05.403Z",
      "updated_at": "2022-05-13T20:47:18.902Z",
      "weight": null,
      "rating": 0.0
    }
  },
  {
    "model": "product.product",
    "pk": 130,
    "fields": {
      "private_metadata": {},
      "metadata": {},
      "seo_title": "",
      "seo_description": "",
      "product_type": 18,
      "name": "Paul's Balance 420",
      "slug": "balance-trail-720",
      "description": {
        "time": 1653426379418,
        "blocks": [
          {
            "id": "N0VISDl8_2",
            "data": {
              "text": "<b>Step into summer with the right balance.</b>&nbsp;Every time your head goes down, you see these beauties, and your mood bounces right back up."
            },
            "type": "paragraph"
          }
        ],
        "version": "2.22.2"
      },
      "description_plaintext": "Step into summer with the right balance.&nbsp;Every time your head goes down, you see these beauties, and your mood bounces right back up.",
      "search_document": "",
      "search_vector": "'118223581':28A '118223582':30A '118223583':32A '118223584':34A '118223585':36A '39':29A,38B '40':31A,39B '41':33A,40B '42':35A,41B '420':4A '45':37A,42B 'back':27C 'balanc':3A,11C 'beauti':21C 'bounc':25C 'everi':12C 'goe':16C 'head':15C 'mood':24C 'paul':1A 'right':10C,26C 'see':19C 'step':5C 'summer':7C 'time':13C",
      "category": 28,
      "created_at": "2022-05-13T20:50:54.123Z",
      "updated_at": "2022-05-13T21:15:21.592Z",
      "weight": null,
      "rating": 0.0
    }
  },
  {
    "model": "product.product",
    "pk": 131,
    "fields": {
      "private_metadata": {},
      "metadata": {},
      "seo_title": "",
      "seo_description": "",
      "product_type": 19,
      "name": "Grey Hoodie",
      "slug": "grey-hoodie",
      "description": null,
      "description_plaintext": "",
      "search_document": "",
      "search_vector": "'cotton':3B 'grey':1A 'hoodi':2A 'uhjvzhvjdfzhcmlhbnq6mzq1':4A",
      "category": 29,
      "created_at": "2022-05-13T21:07:45.009Z",
      "updated_at": "2022-05-13T21:10:33.993Z",
      "weight": null,
      "rating": 0.0
    }
  },
  {
    "model": "product.product",
    "pk": 132,
    "fields": {
      "private_metadata": {},
      "metadata": {},
      "seo_title": "",
      "seo_description": "",
      "product_type": 19,
      "name": "Blue Hoodie",
      "slug": "blue-hoodie",
      "description": null,
      "description_plaintext": "",
      "search_document": "",
      "search_vector": "'blue':1A 'hoodi':2A 'polyest':3B 'uhjvzhvjdfzhcmlhbnq6mzq2':4A",
      "category": 29,
      "created_at": "2022-05-13T21:11:28.525Z",
      "updated_at": "2022-05-16T16:40:43.118Z",
      "weight": null,
      "rating": 0.0
    }
  },
  {
    "model": "product.product",
    "pk": 133,
    "fields": {
      "private_metadata": {},
      "metadata": {},
      "seo_title": "",
      "seo_description": "",
      "product_type": 19,
      "name": "White Hoodie",
      "slug": "white-hoodie",
      "description": null,
      "description_plaintext": "",
      "search_document": "",
      "search_vector": "'cotton':3B 'hoodi':2A 'uhjvzhvjdfzhcmlhbnq6mzq3':4A 'white':1A",
      "category": 29,
      "created_at": "2022-05-13T21:13:28.944Z",
      "updated_at": "2022-05-13T21:14:28.328Z",
      "weight": null,
      "rating": 0.0
    }
  },
  {
    "model": "product.product",
    "pk": 134,
    "fields": {
      "private_metadata": {},
      "metadata": {},
      "seo_title": "",
      "seo_description": "",
      "product_type": 20,
      "name": "Monospace Tee",
      "slug": "ascii-tee",
      "description": {
        "time": 1653425587889,
        "blocks": [
          {
            "id": "HVJ8gMNIXY",
            "data": {
              "text": "<b>Your t-shirt is your second skin.</b> It’s the version of you that you show to the world. Wear the Monospace one that flows with your command line kung-fu moves!&nbsp;"
            },
            "type": "paragraph"
          }
        ],
        "version": "2.22.2"
      },
      "description_plaintext": "Your t-shirt is your second skin. It’s the version of you that you show to the world. Wear the Monospace one that flows with your command line kung-fu moves!&nbsp;",
      "search_document": "",
      "search_vector": "'328223580':38A '328223581':39A '328223582':41A '328223583':43A '328223584':45A 'command':31C 'cotton':37B 'flow':28C 'fu':35C 'kung':34C 'kung-fu':33C 'l':42A,48B 'line':32C 'm':40A,47B 'monospac':1A,25C 'move':36C 'one':26C 'second':9C 'shirt':6C 'show':19C 'skin':10C 't-shirt':4C 'tee':2A 'version':14C 'wear':23C 'world':22C 'xl':44A,49B 'xxl':46A,50B",
      "category": 39,
      "created_at": "2022-05-13T21:20:59.727Z",
      "updated_at": "2022-05-15T09:38:17.179Z",
      "weight": null,
      "rating": 0.0
    }
  },
  {
    "model": "product.product",
    "pk": 135,
    "fields": {
      "private_metadata": {},
      "metadata": {},
      "seo_title": "",
      "seo_description": "",
      "product_type": 20,
      "name": "Team Shirt",
      "slug": "team-shirt",
      "description": {
        "time": 1653425391562,
        "blocks": [
          {
            "id": "fMdfe0Bfpe",
            "data": {
              "text": "<b>One style fits all.</b> Get a look that works even when you are taking it easy. Relaxed wear for the fans."
            },
            "type": "paragraph"
          }
        ],
        "version": "2.22.2"
      },
      "description_plaintext": "One style fits all. Get a look that works even when you are taking it easy. Relaxed wear for the fans.",
      "search_document": "",
      "search_vector": "'128223580':25A '128223581':26A '128223582':28A '128223583':30A '128223584':32A 'easi':18C 'elastan':24B 'even':12C 'fan':23C 'fit':5C 'get':7C 'l':29A,35B 'look':9C 'm':27A,34B 'one':3C 'relax':19C 'shirt':2A 'style':4C 'take':16C 'team':1A 'wear':20C 'work':11C 'xl':31A,36B 'xxl':33A,37B",
      "category": 39,
      "created_at": "2022-05-13T21:29:38.009Z",
      "updated_at": "2022-05-14T21:37:02.094Z",
      "weight": null,
      "rating": 0.0
    }
  },
  {
    "model": "product.product",
    "pk": 136,
    "fields": {
      "private_metadata": {},
      "metadata": {},
      "seo_title": "",
      "seo_description": "",
      "product_type": 20,
      "name": "Darko Polo",
      "slug": "darko-polo",
      "description": {
        "time": 1653425959030,
        "blocks": [
          {
            "id": "Bw6qwwACo6",
            "data": {
              "text": "<b>Ever have those days where you feel a bit geometric?</b>&nbsp;Can't quite shape yourself up right? Show your different sides with a Saleor styles."
            },
            "type": "paragraph"
          }
        ],
        "version": "2.22.2"
      },
      "description_plaintext": "Ever have those days where you feel a bit geometric?&nbsp;Can't quite shape yourself up right? Show your different sides with a Saleor styles.",
      "search_document": "",
      "search_vector": "'111223580':29A '111223581':30A '111223582':32A 'bit':11C 'cotton':28B 'darko':1A 'day':6C 'differ':22C 'ever':3C 'feel':9C 'geometr':12C 'm':31A,34B 'polo':2A 'quit':15C 'right':19C 'saleor':26C 'shape':16C 'show':20C 'side':23C 'style':27C 'xxl':33A,35B",
      "category": 40,
      "created_at": "2022-05-13T21:37:35.753Z",
      "updated_at": "2022-05-14T21:36:42.372Z",
      "weight": null,
      "rating": 0.0
    }
  },
  {
    "model": "product.product",
    "pk": 137,
    "fields": {
      "private_metadata": {},
      "metadata": {},
      "seo_title": "",
      "seo_description": "",
      "product_type": 20,
      "name": "Blue Polygon Shirt",
      "slug": "blue-polygon-shirt",
      "description": {
        "time": 1653425319677,
        "blocks": [
          {
            "id": "sMEIn2NR8s",
            "data": {
              "text": "<b>Ever have those days where you feel a bit geometric?</b> Can't quite shape yourself up right? Show your different sides with a Saleor styles."
            },
            "type": "paragraph"
          }
        ],
        "version": "2.22.2"
      },
      "description_plaintext": "Ever have those days where you feel a bit geometric? Can't quite shape yourself up right? Show your different sides with a Saleor styles.",
      "search_document": "",
      "search_vector": "'218223580':30A '218223581':32A '218223582':34A 'bit':12C 'blue':1A 'cotton':29B 'day':7C 'differ':23C 'ever':4C 'feel':10C 'geometr':13C 'l':33A,37B 'm':31A,36B 'polygon':2A 'quit':16C 'right':20C 'saleor':27C 'shape':17C 'shirt':3A 'show':21C 'side':24C 'style':28C 'xl':35A,38B",
      "category": 39,
      "created_at": "2022-05-13T21:41:46.295Z",
      "updated_at": "2022-05-14T21:36:18.923Z",
      "weight": null,
      "rating": 0.0
    }
  },
  {
    "model": "product.product",
    "pk": 138,
    "fields": {
      "private_metadata": {},
      "metadata": {},
      "seo_title": "",
      "seo_description": "",
      "product_type": 20,
      "name": "Dark Polygon Tee",
      "slug": "dark-polygon-tee",
      "description": {
        "time": 1653425300293,
        "blocks": [
          {
            "id": "DBlOMRDzk_",
            "data": {
              "text": "<b>Ever have those days where you feel a bit geometric?</b> Can't quite shape yourself up right? Show your different sides with a Saleor styles."
            },
            "type": "paragraph"
          }
        ],
        "version": "2.22.2"
      },
      "description_plaintext": "Ever have those days where you feel a bit geometric? Can't quite shape yourself up right? Show your different sides with a Saleor styles.",
      "search_document": "",
      "search_vector": "'112223580':30A '112223581':31A '112223582':33A 'bit':12C 'cotton':29B 'dark':1A 'day':7C 'differ':23C 'ever':4C 'feel':10C 'geometr':13C 'l':34A,36B 'm':32A,35B 'polygon':2A 'quit':16C 'right':20C 'saleor':27C 'shape':17C 'show':21C 'side':24C 'style':28C 'tee':3A",
      "category": 39,
      "created_at": "2022-05-13T21:44:02.972Z",
      "updated_at": "2022-05-14T21:36:31.780Z",
      "weight": null,
      "rating": 0.0
    }
  },
  {
    "model": "product.product",
    "pk": 141,
    "fields": {
      "private_metadata": {},
      "metadata": {},
      "seo_title": "",
      "seo_description": "",
      "product_type": 21,
      "name": "Pirate's Beanie",
      "slug": "pirates-beanie",
      "description": null,
      "description_plaintext": "",
      "search_document": "",
      "search_vector": "'beani':3A 'cotton':4B 'pirat':1A 'uhjvzhvjdfzhcmlhbnq6mzy4':5A",
      "category": 35,
      "created_at": "2022-05-13T23:50:16.297Z",
      "updated_at": "2022-05-14T21:33:36.545Z",
      "weight": null,
      "rating": 0.0
    }
  },
  {
    "model": "product.product",
    "pk": 143,
    "fields": {
      "private_metadata": {},
      "metadata": {},
      "seo_title": "",
      "seo_description": "",
      "product_type": 21,
      "name": "Neck Warmer",
      "slug": "tactical-neck-warmer",
      "description": null,
      "description_plaintext": "",
      "search_document": "",
      "search_vector": "'neck':1A 'uhjvzhvjdfzhcmlhbnq6mzcw':4A 'warmer':2A 'wool':3B",
      "category": 36,
      "created_at": "2022-05-14T21:10:01.383Z",
      "updated_at": "2022-05-14T21:33:04.263Z",
      "weight": null,
      "rating": 0.0
    }
  },
  {
    "model": "product.product",
    "pk": 144,
    "fields": {
      "private_metadata": {},
      "metadata": {},
      "seo_title": "",
      "seo_description": "",
      "product_type": 22,
      "name": "DRY Sunglasses",
      "slug": "dry-sunglasses",
      "description": null,
      "description_plaintext": "",
      "search_document": "",
      "search_vector": "'dri':1A 'sunglass':2A 'uhjvzhvjdfzhcmlhbnq6mzcx':3A",
      "category": 37,
      "created_at": "2022-05-14T21:24:57.725Z",
      "updated_at": "2022-05-14T21:25:09.229Z",
      "weight": null,
      "rating": 0.0
    }
  },
  {
    "model": "product.product",
    "pk": 145,
    "fields": {
      "private_metadata": {},
      "metadata": {},
      "seo_title": "",
      "seo_description": "",
      "product_type": 17,
      "name": "Battle-tested at brands like Lush",
      "slug": "battle-tested-at-brands-like-lush",
      "description": {
        "time": 1652811542659,
        "blocks": [
          {
            "id": "g2sLxZcLZa",
            "data": { "text": "Scale <b>effortlessly</b>" },
            "type": "paragraph"
          }
        ],
        "version": "2.22.2"
      },
      "description_plaintext": "Scale effortlessly",
      "search_document": "",
      "search_vector": "'9018223582':10A '9018223583':12A '9018223584':14A 'battl':2A 'battle-test':1A 'brand':5A 'dvd':11A,16B 'effortless':9C 'itun':13A,17B 'like':6A 'lush':7A 'mp3':15A,18B 'scale':8C 'test':3A",
      "category": 26,
      "created_at": "2022-05-14T21:53:34.556Z",
      "updated_at": "2022-05-19T09:15:38.806Z",
      "weight": null,
      "rating": 0.0
    }
  },
  {
    "model": "product.product",
    "pk": 146,
    "fields": {
      "private_metadata": {},
      "metadata": {},
      "seo_title": "",
      "seo_description": "",
      "product_type": 17,
      "name": "Enterprise Cloud + On-premises",
      "slug": "enterprise-cloud-on-premises-tales",
      "description": {
        "time": 1652727780700,
        "blocks": [
          {
            "id": "w3x66nix3o",
            "data": { "text": "Open Source <b>without the DevOps</b>" },
            "type": "paragraph"
          }
        ],
        "version": "2.24.3"
      },
      "description_plaintext": "Open Source without the DevOps",
      "search_document": "",
      "search_vector": "'113223582':13A '113223583':15A '113223584':17A '113223585':19A 'cd':20A,24B 'cloud':2A 'devop':10C 'dvd':16A,22B 'enterpris':1A 'itun':18A,23B 'on-premis':3A 'open':6C 'premis':5A 'publish':12B 'saleor':11B 'sourc':7C 'vinyl':14A,21B 'without':8C",
      "category": 26,
      "created_at": "2022-05-15T09:03:06.009Z",
      "updated_at": "2022-05-19T09:19:50.290Z",
      "weight": null,
      "rating": 0.0
    }
  },
  {
    "model": "product.product",
    "pk": 147,
    "fields": {
      "private_metadata": {},
      "metadata": {},
      "seo_title": "",
      "seo_description": "",
      "product_type": 17,
      "name": "Own your stack and data",
      "slug": "own-your-stack-and-data",
      "description": {
        "time": 1652952066167,
        "blocks": [
          {
            "id": "KQt85UC1t1",
            "data": {
              "text": "Own your investment, <b>ditch vendor lock-in</b>"
            },
            "type": "paragraph"
          }
        ],
        "version": "2.22.2"
      },
      "description_plaintext": "Own your investment, ditch vendor lock-in",
      "search_document": "",
      "search_vector": "'124223581':15A '124223582':17A 'data':5A 'ditch':9C 'invest':8C 'itun':16A,19B 'lock':12C 'lock-in':11C 'mp3':18A,20B 'publish':14B 'saleor':13B 'stack':3A 'vendor':10C",
      "category": 26,
      "created_at": "2022-05-15T09:10:17.077Z",
      "updated_at": "2022-05-19T09:22:29.677Z",
      "weight": null,
      "rating": 0.0
    }
  },
  {
    "model": "product.product",
    "pk": 150,
    "fields": {
      "private_metadata": {},
      "metadata": {},
      "seo_title": "",
      "seo_description": "",
      "product_type": 22,
      "name": "Mighty Mug",
      "slug": "mighty-mug",
      "description": {
        "time": 1653425905079,
        "blocks": [
          {
            "id": "2sjPP8KzGf",
            "data": {
              "text": "<b>Tonight, my love, let us take fat brushes</b> and paint the skies with the shades of nebula tides. Best for the darkest, moody shades of the coffee you can brew."
            },
            "type": "paragraph"
          }
        ],
        "version": "2.22.2"
      },
      "description_plaintext": "Tonight, my love, let us take fat brushes and paint the skies with the shades of nebula tides. Best for the darkest, moody shades of the coffee you can brew.",
      "search_document": "",
      "search_vector": "'best':21C 'brew':32C 'brush':10C 'coffe':29C 'darkest':24C 'fat':9C 'let':6C 'love':5C 'mighti':1A 'moodi':25C 'mug':2A 'nebula':19C 'paint':12C 'shade':17C,26C 'sky':14C 'take':8C 'tide':20C 'tonight':3C 'uhjvzhvjdfzhcmlhbnq6mzgy':33A 'us':7C",
      "category": 41,
      "created_at": "2022-05-15T09:28:13.067Z",
      "updated_at": "2022-05-15T09:28:13.368Z",
      "weight": null,
      "rating": 0.0
    }
  },
  {
    "model": "product.product",
    "pk": 151,
    "fields": {
      "private_metadata": {},
      "metadata": {},
      "seo_title": "",
      "seo_description": "",
      "product_type": 22,
      "name": "The Dash Cushion",
      "slug": "the-dash-cushion",
      "description": {
        "time": 1653425717989,
        "blocks": [
          {
            "id": "KL2jdkdLiu",
            "data": {
              "text": "Minimalist interiors need simple, sleek soft furnishings. Set your own trends with Saleor designs."
            },
            "type": "paragraph"
          }
        ],
        "version": "2.22.2"
      },
      "description_plaintext": "Minimalist interiors need simple, sleek soft furnishings. Set your own trends with Saleor designs.",
      "search_document": "",
      "search_vector": "'cushion':3A 'dash':2A 'design':17C 'furnish':10C 'interior':5C 'minimalist':4C 'need':6C 'saleor':16C 'set':11C 'simpl':7C 'sleek':8C 'soft':9C 'trend':14C 'uhjvzhvjdfzhcmlhbnq6mzgz':18A",
      "category": 41,
      "created_at": "2022-05-15T09:32:27.163Z",
      "updated_at": "2022-05-16T16:38:35.766Z",
      "weight": null,
      "rating": 0.0
    }
  },
  {
    "model": "product.product",
    "pk": 152,
    "fields": {
      "private_metadata": {},
      "metadata": {},
      "seo_title": "",
      "seo_description": "",
      "product_type": 23,
      "name": "Apple Juice",
      "slug": "apple-juice",
      "description": {
        "time": 1653425438149,
        "blocks": [
          {
            "id": "rGR983yNVl",
            "data": {
              "text": "<b>Fell straight from the tree</b>, on to Newton’s head, then into the bottle. The autumn taste of English apples. Brought to you by gravity."
            },
            "type": "paragraph"
          }
        ],
        "version": "2.22.2"
      },
      "description_plaintext": "Fell straight from the tree, on to Newton’s head, then into the bottle. The autumn taste of English apples. Brought to you by gravity.",
      "search_document": "",
      "search_vector": "'appl':1A,22C,28B 'autumn':18C 'bottl':16C 'brought':23C 'english':21C 'fell':3C 'graviti':27C 'head':12C 'juic':2A 'newton':10C 'straight':4C 'tast':19C 'tree':7C 'uhjvzhvjdfzhcmlhbnq6mzg0':29A",
      "category": 43,
      "created_at": "2022-05-16T16:19:50.880Z",
      "updated_at": "2022-05-18T12:21:40.815Z",
      "weight": null,
      "rating": 0.0
    }
  },
  {
    "model": "product.product",
    "pk": 153,
    "fields": {
      "private_metadata": {},
      "metadata": {},
      "seo_title": "",
      "seo_description": "",
      "product_type": 23,
      "name": "Bean Juice",
      "slug": "bean-juice",
      "description": {
        "time": 1653425488999,
        "blocks": [
          {
            "id": "QHFEWEGvaq",
            "data": {
              "text": "<b>Bean there, drunk that!</b> The energy drink for the health-conscious. Brand new bean juice; from allotment to bottle in under 8 hours."
            },
            "type": "paragraph"
          }
        ],
        "version": "2.22.2"
      },
      "description_plaintext": "Bean there, drunk that! The energy drink for the health-conscious. Brand new bean juice; from allotment to bottle in under 8 hours.",
      "search_document": "",
      "search_vector": "'8':25C 'allot':20C 'bean':1A,3C,17C,27B 'bottl':22C 'brand':15C 'conscious':14C 'drink':9C 'drunk':5C 'energi':8C 'health':13C 'health-consci':12C 'hour':26C 'juic':2A,18C 'new':16C 'uhjvzhvjdfzhcmlhbnq6mzg1':28A",
      "category": 43,
      "created_at": "2022-05-16T16:25:11.442Z",
      "updated_at": "2022-05-16T16:25:11.768Z",
      "weight": null,
      "rating": 0.0
    }
  },
  {
    "model": "product.product",
    "pk": 154,
    "fields": {
      "private_metadata": {},
      "metadata": {},
      "seo_title": "",
      "seo_description": "",
      "product_type": 23,
      "name": "Banana Juice",
      "slug": "banana-juice",
      "description": {
        "time": 1653425465674,
        "blocks": [
          {
            "id": "94R0GvrOck",
            "data": {
              "text": "<b>Build your protein the natural way</b>, with exotic banana juice made from ripe fruit and packed with all the goodness of the tropical sun."
            },
            "type": "paragraph"
          }
        ],
        "version": "2.22.2"
      },
      "description_plaintext": "Build your protein the natural way, with exotic banana juice made from ripe fruit and packed with all the goodness of the tropical sun.",
      "search_document": "",
      "search_vector": "'banana':1A,11C,27B 'build':3C 'exot':10C 'fruit':16C 'good':22C 'juic':2A,12C 'made':13C 'natur':7C 'pack':18C 'protein':5C 'ripe':15C 'sun':26C 'tropic':25C 'uhjvzhvjdfzhcmlhbnq6mzg2':28A 'way':8C",
      "category": 43,
      "created_at": "2022-05-16T16:27:16.648Z",
      "updated_at": "2022-05-16T16:27:16.933Z",
      "weight": null,
      "rating": 0.0
    }
  },
  {
    "model": "product.product",
    "pk": 155,
    "fields": {
      "private_metadata": {},
      "metadata": {},
      "seo_title": "",
      "seo_description": "",
      "product_type": 23,
      "name": "Carrot Juice",
      "slug": "carrot-juice",
      "description": {
        "time": 1652790989820,
        "blocks": [
          {
            "id": "VWVrSI_Cza",
            "data": {
              "text": "Improve your eyesight the natural way with <b>100% pure, squeezed carrot juice</b>. The sweet, orange nectar of <i>Mother Earth</i>."
            },
            "type": "paragraph"
          }
        ],
        "version": "2.22.2"
      },
      "description_plaintext": "Improve your eyesight the natural way with 100% pure, squeezed carrot juice. The sweet, orange nectar of Mother Earth.",
      "search_document": "",
      "search_vector": "'100':10C 'carrot':1A,13C,22B 'earth':21C 'eyesight':5C 'improv':3C 'juic':2A,14C 'mother':20C 'natur':7C 'nectar':18C 'orang':17C 'pure':11C 'squeez':12C 'sweet':16C 'uhjvzhvjdfzhcmlhbnq6mzg3':23A 'way':8C",
      "category": 43,
      "created_at": "2022-05-16T16:28:14.885Z",
      "updated_at": "2022-05-17T12:36:31.471Z",
      "weight": null,
      "rating": 0.0
    }
  },
  {
    "model": "product.product",
    "pk": 156,
    "fields": {
      "private_metadata": {},
      "metadata": {},
      "seo_title": "",
      "seo_description": "",
      "product_type": 22,
      "name": "Monokai Dimmed Sunnies",
      "slug": "monokai-dimmed-sunnies",
      "description": null,
      "description_plaintext": "",
      "search_document": "",
      "search_vector": "'dim':2A 'monokai':1A 'sunni':3A 'uhjvzhvjdfzhcmlhbnq6mzg4':4A",
      "category": 37,
      "created_at": "2022-05-17T11:44:16.884Z",
      "updated_at": "2022-05-17T11:44:17.205Z",
      "weight": null,
      "rating": 0.0
    }
  },
  {
    "model": "product.product",
    "pk": 157,
    "fields": {
      "private_metadata": {},
      "metadata": {},
      "seo_title": "",
      "seo_description": "",
      "product_type": 20,
      "name": "Reversed Monotype Tee",
      "slug": "reversed-monotype-tee",
      "description": {
        "time": 1653425264795,
        "blocks": [
          {
            "id": "CMRIgvbpUG",
            "data": {
              "text": "Wondering if this will look as good on you as it does on the screen? The answer is yes. A quality Monospace Tee variant art with smart styling."
            },
            "type": "paragraph"
          }
        ],
        "version": "2.22.2"
      },
      "description_plaintext": "Wondering if this will look as good on you as it does on the screen? The answer is yes. A quality Monospace Tee variant art with smart styling.",
      "search_document": "",
      "search_vector": "'9182235820':32A '9182235821':34A 'answer':20C 'art':28C 'good':10C 'look':8C 'monospac':25C 'monotyp':2A 'qualiti':24C 'revers':1A 'screen':18C 'smart':30C 'style':31C 'tee':3A,26C 'variant':27C 'wonder':4C 'xl':33A,36B 'xxl':35A,37B 'yes':22C",
      "category": 39,
      "created_at": "2022-05-17T11:48:18.537Z",
      "updated_at": "2022-05-17T11:50:42.152Z",
      "weight": null,
      "rating": 0.0
    }
  },
  {
    "model": "product.product",
    "pk": 160,
    "fields": {
      "private_metadata": {},
      "metadata": {},
      "seo_title": "",
      "seo_description": "",
      "product_type": 24,
      "name": "Gift card 100",
      "slug": "gift-card",
      "description": {
        "time": 1652788779629,
        "blocks": [
          {
            "id": "x5bGwCbYOX",
            "data": { "text": "Gift card to use in the shop." },
            "type": "paragraph"
          }
        ],
        "version": "2.24.3"
      },
      "description_plaintext": "Gift card to use in the shop.",
      "search_document": "",
      "search_vector": "'100':3A 'card':2A,5C 'gift':1A,4C 'shop':10C 'uhjvzhvjdfzhcmlhbnq6mzkz':11A 'use':7C",
      "category": 44,
      "created_at": "2022-05-17T11:57:19.204Z",
      "updated_at": "2022-05-18T19:30:32.578Z",
      "weight": null,
      "rating": 0.0
    }
  },
  {
    "model": "product.product",
    "pk": 161,
    "fields": {
      "private_metadata": {},
      "metadata": {},
      "seo_title": "",
      "seo_description": "",
      "product_type": 20,
      "name": "Cubes Fountain Tee",
      "slug": "cubes-fountain-tee",
      "description": {
        "time": 1653424009054,
        "blocks": [
          {
            "id": "0n5N0DE7BU",
            "data": {
              "text": "<b>There is life in outer space.</b> This vibrant light speed cubes brings life to any surface. Goes on easy and dries at light speed."
            },
            "type": "paragraph"
          }
        ],
        "version": "2.22.2"
      },
      "description_plaintext": "There is life in outer space. This vibrant light speed cubes brings life to any surface. Goes on easy and dries at light speed.",
      "search_document": "",
      "search_vector": "'49182235820':29A '49182235821':30A '49182235822':32A '49182235823':34A '49182235824':36A 'bring':15C 'cotton':28B 'cube':1A,14C 'dri':24C 'easi':22C 'fountain':2A 'goe':20C 'l':33A,39B 'life':6C,16C 'light':12C,26C 'm':31A,38B 'outer':8C 'space':9C 'speed':13C,27C 'surfac':19C 'tee':3A 'vibrant':11C 'xl':35A,40B 'xxl':37A,41B",
      "category": 39,
      "created_at": "2022-05-17T12:02:44.850Z",
      "updated_at": "2022-05-18T12:21:19.661Z",
      "weight": null,
      "rating": 0.0
    }
  },
  {
    "model": "product.product",
    "pk": 162,
    "fields": {
      "private_metadata": {},
      "metadata": {},
      "seo_title": "",
      "seo_description": "",
      "product_type": 22,
      "name": "White Parrot Cushion",
      "slug": "white-parrot-cusion",
      "description": {
        "time": 1652875592737,
        "blocks": [
          {
            "id": "46o78ZqlJ8",
            "data": {
              "text": "Minimalist interiors need simple, sleek soft furnishings. Don’t parrot what others do, set your own monochrome trends with Saleor designs."
            },
            "type": "paragraph"
          }
        ],
        "version": "2.22.2"
      },
      "description_plaintext": "Minimalist interiors need simple, sleek soft furnishings. Don’t parrot what others do, set your own monochrome trends with Saleor designs.",
      "search_document": "",
      "search_vector": "'cushion':3A 'design':24C 'furnish':10C 'interior':5C 'minimalist':4C 'monochrom':20C 'need':6C 'other':15C 'parrot':2A,13C 'saleor':23C 'set':17C 'simpl':7C 'sleek':8C 'soft':9C 'trend':21C 'uhjvzhvjdfzhcmlhbnq6mzk5':25A 'white':1A",
      "category": 41,
      "created_at": "2022-05-18T12:06:53.986Z",
      "updated_at": "2022-05-18T12:07:49.831Z",
      "weight": null,
      "rating": 0.0
    }
  },
  {
    "model": "product.product",
    "pk": 163,
    "fields": {
      "private_metadata": {},
      "metadata": {},
      "seo_title": "",
      "seo_description": "",
      "product_type": 24,
      "name": "Gift card 500",
      "slug": "gift-card-500",
      "description": null,
      "description_plaintext": "",
      "search_document": "",
      "search_vector": "'500':3A 'card':2A 'gift':1A 'uhjvzhvjdfzhcmlhbnq6ndaw':4A",
      "category": 44,
      "created_at": "2022-05-18T19:29:35.052Z",
      "updated_at": "2022-05-18T19:29:47.127Z",
      "weight": null,
      "rating": 0.0
    }
  },
  {
    "model": "product.product",
    "pk": 164,
    "fields": {
      "private_metadata": {},
      "metadata": {},
      "seo_title": "",
      "seo_description": "",
      "product_type": 24,
      "name": "Gift card 50",
      "slug": "gift-card-50",
      "description": null,
      "description_plaintext": "",
      "search_document": "",
      "search_vector": "'50':3A 'card':2A 'gift':1A 'uhjvzhvjdfzhcmlhbnq6ndax':4A",
      "category": 44,
      "created_at": "2022-05-18T19:31:14.463Z",
      "updated_at": "2022-05-18T19:31:14.751Z",
      "weight": null,
      "rating": 0.0
    }
  },
  {
    "model": "product.productchannellisting",
    "pk": 74,
    "fields": {
      "published_at": "2022-05-13T00:00:00Z",
      "is_published": true,
      "product": 126,
      "channel": 2,
      "visible_in_listings": false,
      "available_for_purchase_at": "2022-05-12T22:28:54.347Z",
      "currency": "PLN",
      "discounted_price_amount": "36.000"
    }
  },
  {
    "model": "product.productchannellisting",
    "pk": 75,
    "fields": {
      "published_at": "2022-05-13T00:00:00Z",
      "is_published": true,
      "product": 126,
      "channel": 1,
      "visible_in_listings": true,
      "available_for_purchase_at": "2022-05-12T00:00:00Z",
      "currency": "USD",
      "discounted_price_amount": "9.000"
    }
  },
  {
    "model": "product.productchannellisting",
    "pk": 76,
    "fields": {
      "published_at": "2022-05-13T00:00:00Z",
      "is_published": true,
      "product": 127,
      "channel": 2,
      "visible_in_listings": true,
      "available_for_purchase_at": "2022-05-13T00:00:00Z",
      "currency": "PLN",
      "discounted_price_amount": "240.000"
    }
  },
  {
    "model": "product.productchannellisting",
    "pk": 77,
    "fields": {
      "published_at": "2022-05-13T00:00:00Z",
      "is_published": true,
      "product": 127,
      "channel": 1,
      "visible_in_listings": true,
      "available_for_purchase_at": "2022-05-13T00:00:00Z",
      "currency": "USD",
      "discounted_price_amount": "80.000"
    }
  },
  {
    "model": "product.productchannellisting",
    "pk": 78,
    "fields": {
      "published_at": "2022-05-13T00:00:00Z",
      "is_published": true,
      "product": 128,
      "channel": 2,
      "visible_in_listings": true,
      "available_for_purchase_at": "2022-05-13T20:39:54.804Z",
      "currency": "PLN",
      "discounted_price_amount": "207.000"
    }
  },
  {
    "model": "product.productchannellisting",
    "pk": 79,
    "fields": {
      "published_at": "2022-05-13T00:00:00Z",
      "is_published": true,
      "product": 128,
      "channel": 1,
      "visible_in_listings": true,
      "available_for_purchase_at": "2022-05-13T20:39:54.813Z",
      "currency": "USD",
      "discounted_price_amount": "67.500"
    }
  },
  {
    "model": "product.productchannellisting",
    "pk": 80,
    "fields": {
      "published_at": "2022-05-13T00:00:00Z",
      "is_published": true,
      "product": 129,
      "channel": 2,
      "visible_in_listings": true,
      "available_for_purchase_at": "2022-05-13T20:47:19.212Z",
      "currency": "PLN",
      "discounted_price_amount": "420.000"
    }
  },
  {
    "model": "product.productchannellisting",
    "pk": 81,
    "fields": {
      "published_at": "2022-05-13T00:00:00Z",
      "is_published": true,
      "product": 129,
      "channel": 1,
      "visible_in_listings": true,
      "available_for_purchase_at": "2022-05-13T20:47:19.242Z",
      "currency": "USD",
      "discounted_price_amount": "90.000"
    }
  },
  {
    "model": "product.productchannellisting",
    "pk": 82,
    "fields": {
      "published_at": "2022-05-13T00:00:00Z",
      "is_published": true,
      "product": 130,
      "channel": 2,
      "visible_in_listings": true,
      "available_for_purchase_at": "2022-05-13T20:58:06.889Z",
      "currency": "PLN",
      "discounted_price_amount": "209.960"
    }
  },
  {
    "model": "product.productchannellisting",
    "pk": 83,
    "fields": {
      "published_at": "2022-05-13T00:00:00Z",
      "is_published": true,
      "product": 130,
      "channel": 1,
      "visible_in_listings": true,
      "available_for_purchase_at": "2022-05-13T20:58:06.895Z",
      "currency": "USD",
      "discounted_price_amount": "50.000"
    }
  },
  {
    "model": "product.productchannellisting",
    "pk": 84,
    "fields": {
      "published_at": "2022-05-13T00:00:00Z",
      "is_published": true,
      "product": 131,
      "channel": 2,
      "visible_in_listings": true,
      "available_for_purchase_at": "2022-05-13T21:10:34.318Z",
      "currency": "PLN",
      "discounted_price_amount": "100.000"
    }
  },
  {
    "model": "product.productchannellisting",
    "pk": 85,
    "fields": {
      "published_at": "2022-05-13T00:00:00Z",
      "is_published": true,
      "product": 131,
      "channel": 1,
      "visible_in_listings": true,
      "available_for_purchase_at": "2022-05-13T21:10:34.327Z",
      "currency": "USD",
      "discounted_price_amount": "30.000"
    }
  },
  {
    "model": "product.productchannellisting",
    "pk": 86,
    "fields": {
      "published_at": "2022-05-13T00:00:00Z",
      "is_published": true,
      "product": 132,
      "channel": 2,
      "visible_in_listings": true,
      "available_for_purchase_at": "2022-05-16T16:40:43.400Z",
      "currency": "PLN",
      "discounted_price_amount": "120.000"
    }
  },
  {
    "model": "product.productchannellisting",
    "pk": 87,
    "fields": {
      "published_at": "2022-05-13T00:00:00Z",
      "is_published": true,
      "product": 132,
      "channel": 1,
      "visible_in_listings": true,
      "available_for_purchase_at": "2022-05-16T16:40:43.412Z",
      "currency": "USD",
      "discounted_price_amount": "35.000"
    }
  },
  {
    "model": "product.productchannellisting",
    "pk": 88,
    "fields": {
      "published_at": "2022-05-13T00:00:00Z",
      "is_published": true,
      "product": 133,
      "channel": 2,
      "visible_in_listings": true,
      "available_for_purchase_at": "2022-05-13T21:14:28.706Z",
      "currency": "PLN",
      "discounted_price_amount": "120.000"
    }
  },
  {
    "model": "product.productchannellisting",
    "pk": 89,
    "fields": {
      "published_at": "2022-05-13T00:00:00Z",
      "is_published": true,
      "product": 133,
      "channel": 1,
      "visible_in_listings": true,
      "available_for_purchase_at": "2022-05-13T21:14:28.718Z",
      "currency": "USD",
      "discounted_price_amount": "35.000"
    }
  },
  {
    "model": "product.productchannellisting",
    "pk": 90,
    "fields": {
      "published_at": "2022-05-13T00:00:00Z",
      "is_published": true,
      "product": 134,
      "channel": 2,
      "visible_in_listings": true,
      "available_for_purchase_at": "2022-05-13T21:22:42.287Z",
      "currency": "PLN",
      "discounted_price_amount": "90.000"
    }
  },
  {
    "model": "product.productchannellisting",
    "pk": 91,
    "fields": {
      "published_at": "2022-05-13T00:00:00Z",
      "is_published": true,
      "product": 134,
      "channel": 1,
      "visible_in_listings": true,
      "available_for_purchase_at": "2022-05-13T21:22:42.298Z",
      "currency": "USD",
      "discounted_price_amount": "20.000"
    }
  },
  {
    "model": "product.productchannellisting",
    "pk": 92,
    "fields": {
      "published_at": "2022-05-13T00:00:00Z",
      "is_published": true,
      "product": 135,
      "channel": 2,
      "visible_in_listings": true,
      "available_for_purchase_at": "2022-05-13T21:31:26.409Z",
      "currency": "PLN",
      "discounted_price_amount": "200.000"
    }
  },
  {
    "model": "product.productchannellisting",
    "pk": 93,
    "fields": {
      "published_at": "2022-05-13T00:00:00Z",
      "is_published": true,
      "product": 135,
      "channel": 1,
      "visible_in_listings": true,
      "available_for_purchase_at": "2022-05-13T21:31:26.426Z",
      "currency": "USD",
      "discounted_price_amount": "40.000"
    }
  },
  {
    "model": "product.productchannellisting",
    "pk": 94,
    "fields": {
      "published_at": "2022-05-13T00:00:00Z",
      "is_published": true,
      "product": 136,
      "channel": 2,
      "visible_in_listings": true,
      "available_for_purchase_at": "2022-05-13T21:39:11.647Z",
      "currency": "PLN",
      "discounted_price_amount": "150.000"
    }
  },
  {
    "model": "product.productchannellisting",
    "pk": 95,
    "fields": {
      "published_at": "2022-05-13T00:00:00Z",
      "is_published": true,
      "product": 136,
      "channel": 1,
      "visible_in_listings": true,
      "available_for_purchase_at": "2022-05-13T21:39:11.656Z",
      "currency": "USD",
      "discounted_price_amount": "45.000"
    }
  },
  {
    "model": "product.productchannellisting",
    "pk": 96,
    "fields": {
      "published_at": "2022-05-13T00:00:00Z",
      "is_published": true,
      "product": 137,
      "channel": 2,
      "visible_in_listings": true,
      "available_for_purchase_at": "2022-05-13T21:42:58.688Z",
      "currency": "PLN",
      "discounted_price_amount": "135.000"
    }
  },
  {
    "model": "product.productchannellisting",
    "pk": 97,
    "fields": {
      "published_at": "2022-05-13T00:00:00Z",
      "is_published": true,
      "product": 137,
      "channel": 1,
      "visible_in_listings": true,
      "available_for_purchase_at": "2022-05-13T21:42:58.694Z",
      "currency": "USD",
      "discounted_price_amount": "40.500"
    }
  },
  {
    "model": "product.productchannellisting",
    "pk": 98,
    "fields": {
      "published_at": "2022-05-13T00:00:00Z",
      "is_published": true,
      "product": 138,
      "channel": 2,
      "visible_in_listings": true,
      "available_for_purchase_at": "2022-05-13T21:45:11.183Z",
      "currency": "PLN",
      "discounted_price_amount": "150.000"
    }
  },
  {
    "model": "product.productchannellisting",
    "pk": 99,
    "fields": {
      "published_at": "2022-05-13T00:00:00Z",
      "is_published": true,
      "product": 138,
      "channel": 1,
      "visible_in_listings": true,
      "available_for_purchase_at": "2022-05-13T21:45:11.191Z",
      "currency": "USD",
      "discounted_price_amount": "45.000"
    }
  },
  {
    "model": "product.productchannellisting",
    "pk": 104,
    "fields": {
      "published_at": "2022-05-14T00:00:00Z",
      "is_published": true,
      "product": 141,
      "channel": 2,
      "visible_in_listings": true,
      "available_for_purchase_at": "2022-05-14T21:33:36.864Z",
      "currency": "PLN",
      "discounted_price_amount": "45.000"
    }
  },
  {
    "model": "product.productchannellisting",
    "pk": 105,
    "fields": {
      "published_at": "2022-05-14T00:00:00Z",
      "is_published": true,
      "product": 141,
      "channel": 1,
      "visible_in_listings": true,
      "available_for_purchase_at": "2022-05-14T21:33:36.876Z",
      "currency": "USD",
      "discounted_price_amount": "9.000"
    }
  },
  {
    "model": "product.productchannellisting",
    "pk": 108,
    "fields": {
      "published_at": "2022-05-14T00:00:00Z",
      "is_published": true,
      "product": 143,
      "channel": 2,
      "visible_in_listings": true,
      "available_for_purchase_at": "2022-05-14T21:33:04.609Z",
      "currency": "PLN",
      "discounted_price_amount": "81.000"
    }
  },
  {
    "model": "product.productchannellisting",
    "pk": 109,
    "fields": {
      "published_at": "2022-05-14T00:00:00Z",
      "is_published": true,
      "product": 143,
      "channel": 1,
      "visible_in_listings": true,
      "available_for_purchase_at": "2022-05-14T21:33:04.615Z",
      "currency": "USD",
      "discounted_price_amount": "18.000"
    }
  },
  {
    "model": "product.productchannellisting",
    "pk": 110,
    "fields": {
      "published_at": "2022-05-14T00:00:00Z",
      "is_published": true,
      "product": 144,
      "channel": 2,
      "visible_in_listings": true,
      "available_for_purchase_at": "2022-05-14T21:25:09.403Z",
      "currency": "PLN",
      "discounted_price_amount": "60.000"
    }
  },
  {
    "model": "product.productchannellisting",
    "pk": 111,
    "fields": {
      "published_at": "2022-05-14T00:00:00Z",
      "is_published": true,
      "product": 144,
      "channel": 1,
      "visible_in_listings": true,
      "available_for_purchase_at": "2022-05-14T21:25:09.408Z",
      "currency": "USD",
      "discounted_price_amount": "15.000"
    }
  },
  {
    "model": "product.productchannellisting",
    "pk": 112,
    "fields": {
      "published_at": "2022-05-14T00:00:00Z",
      "is_published": true,
      "product": 145,
      "channel": 2,
      "visible_in_listings": false,
      "available_for_purchase_at": "2022-05-14T21:56:09.039Z",
      "currency": "PLN",
      "discounted_price_amount": "45.000"
    }
  },
  {
    "model": "product.productchannellisting",
    "pk": 113,
    "fields": {
      "published_at": "2022-05-14T00:00:00Z",
      "is_published": true,
      "product": 145,
      "channel": 1,
      "visible_in_listings": true,
      "available_for_purchase_at": "2022-05-14T21:56:09.046Z",
      "currency": "USD",
      "discounted_price_amount": "10.000"
    }
  },
  {
    "model": "product.productchannellisting",
    "pk": 114,
    "fields": {
      "published_at": "2022-05-15T00:00:00Z",
      "is_published": true,
      "product": 146,
      "channel": 2,
      "visible_in_listings": true,
      "available_for_purchase_at": "2022-05-15T09:07:27.049Z",
      "currency": "PLN",
      "discounted_price_amount": "29.990"
    }
  },
  {
    "model": "product.productchannellisting",
    "pk": 115,
    "fields": {
      "published_at": "2022-05-15T00:00:00Z",
      "is_published": true,
      "product": 146,
      "channel": 1,
      "visible_in_listings": true,
      "available_for_purchase_at": "2022-05-18T12:09:56.745Z",
      "currency": "USD",
      "discounted_price_amount": "8.990"
    }
  },
  {
    "model": "product.productchannellisting",
    "pk": 116,
    "fields": {
      "published_at": "2022-05-15T00:00:00Z",
      "is_published": true,
      "product": 147,
      "channel": 2,
      "visible_in_listings": true,
      "available_for_purchase_at": "2022-05-15T09:21:45.107Z",
      "currency": "PLN",
      "discounted_price_amount": "9.990"
    }
  },
  {
    "model": "product.productchannellisting",
    "pk": 117,
    "fields": {
      "published_at": "2022-05-15T00:00:00Z",
      "is_published": true,
      "product": 147,
      "channel": 1,
      "visible_in_listings": true,
      "available_for_purchase_at": "2022-05-15T09:21:45.111Z",
      "currency": "USD",
      "discounted_price_amount": "2.000"
    }
  },
  {
    "model": "product.productchannellisting",
    "pk": 120,
    "fields": {
      "published_at": "2022-05-15T00:00:00Z",
      "is_published": true,
      "product": 150,
      "channel": 2,
      "visible_in_listings": true,
      "available_for_purchase_at": "2022-05-15T09:28:13.277Z",
      "currency": "PLN",
      "discounted_price_amount": "29.990"
    }
  },
  {
    "model": "product.productchannellisting",
    "pk": 121,
    "fields": {
      "published_at": "2022-05-15T00:00:00Z",
      "is_published": true,
      "product": 150,
      "channel": 1,
      "visible_in_listings": true,
      "available_for_purchase_at": "2022-05-15T09:28:13.293Z",
      "currency": "USD",
      "discounted_price_amount": "11.990"
    }
  },
  {
    "model": "product.productchannellisting",
    "pk": 122,
    "fields": {
      "published_at": "2022-05-15T00:00:00Z",
      "is_published": true,
      "product": 151,
      "channel": 2,
      "visible_in_listings": true,
      "available_for_purchase_at": "2022-05-16T16:38:36.080Z",
      "currency": "PLN",
      "discounted_price_amount": "70.000"
    }
  },
  {
    "model": "product.productchannellisting",
    "pk": 123,
    "fields": {
      "published_at": "2022-05-15T00:00:00Z",
      "is_published": true,
      "product": 151,
      "channel": 1,
      "visible_in_listings": true,
      "available_for_purchase_at": "2022-05-16T16:38:36.086Z",
      "currency": "USD",
      "discounted_price_amount": "18.000"
    }
  },
  {
    "model": "product.productchannellisting",
    "pk": 124,
    "fields": {
      "published_at": "2022-05-16T00:00:00Z",
      "is_published": true,
      "product": 152,
      "channel": 2,
      "visible_in_listings": true,
      "available_for_purchase_at": "2022-05-18T12:21:41.061Z",
      "currency": "PLN",
      "discounted_price_amount": "5.990"
    }
  },
  {
    "model": "product.productchannellisting",
    "pk": 125,
    "fields": {
      "published_at": "2022-05-16T00:00:00Z",
      "is_published": true,
      "product": 152,
      "channel": 1,
      "visible_in_listings": true,
      "available_for_purchase_at": "2022-05-18T12:21:41.066Z",
      "currency": "USD",
      "discounted_price_amount": "1.990"
    }
  },
  {
    "model": "product.productchannellisting",
    "pk": 126,
    "fields": {
      "published_at": "2022-05-16T00:00:00Z",
      "is_published": true,
      "product": 153,
      "channel": 2,
      "visible_in_listings": true,
      "available_for_purchase_at": "2022-05-16T16:25:11.675Z",
      "currency": "PLN",
      "discounted_price_amount": "5.990"
    }
  },
  {
    "model": "product.productchannellisting",
    "pk": 127,
    "fields": {
      "published_at": "2022-05-16T00:00:00Z",
      "is_published": true,
      "product": 153,
      "channel": 1,
      "visible_in_listings": true,
      "available_for_purchase_at": "2022-05-16T16:25:11.691Z",
      "currency": "USD",
      "discounted_price_amount": "1.990"
    }
  },
  {
    "model": "product.productchannellisting",
    "pk": 128,
    "fields": {
      "published_at": "2022-05-16T00:00:00Z",
      "is_published": true,
      "product": 154,
      "channel": 2,
      "visible_in_listings": true,
      "available_for_purchase_at": "2022-05-16T16:27:16.884Z",
      "currency": "PLN",
      "discounted_price_amount": "5.990"
    }
  },
  {
    "model": "product.productchannellisting",
    "pk": 129,
    "fields": {
      "published_at": "2022-05-16T00:00:00Z",
      "is_published": true,
      "product": 154,
      "channel": 1,
      "visible_in_listings": true,
      "available_for_purchase_at": "2022-05-16T16:27:16.897Z",
      "currency": "USD",
      "discounted_price_amount": "1.990"
    }
  },
  {
    "model": "product.productchannellisting",
    "pk": 130,
    "fields": {
      "published_at": "2022-05-16T00:00:00Z",
      "is_published": true,
      "product": 155,
      "channel": 2,
      "visible_in_listings": true,
      "available_for_purchase_at": "2022-05-17T12:36:31.769Z",
      "currency": "PLN",
      "discounted_price_amount": "5.990"
    }
  },
  {
    "model": "product.productchannellisting",
    "pk": 131,
    "fields": {
      "published_at": "2022-05-16T00:00:00Z",
      "is_published": true,
      "product": 155,
      "channel": 1,
      "visible_in_listings": true,
      "available_for_purchase_at": "2022-05-17T12:36:31.775Z",
      "currency": "USD",
      "discounted_price_amount": "1.990"
    }
  },
  {
    "model": "product.productchannellisting",
    "pk": 132,
    "fields": {
      "published_at": "2022-05-17T00:00:00Z",
      "is_published": true,
      "product": 156,
      "channel": 2,
      "visible_in_listings": true,
      "available_for_purchase_at": "2022-05-17T11:44:17.092Z",
      "currency": "PLN",
      "discounted_price_amount": "90.000"
    }
  },
  {
    "model": "product.productchannellisting",
    "pk": 133,
    "fields": {
      "published_at": "2022-05-17T00:00:00Z",
      "is_published": true,
      "product": 156,
      "channel": 1,
      "visible_in_listings": true,
      "available_for_purchase_at": "2022-05-17T11:44:17.105Z",
      "currency": "USD",
      "discounted_price_amount": "17.000"
    }
  },
  {
    "model": "product.productchannellisting",
    "pk": 134,
    "fields": {
      "published_at": "2022-05-17T00:00:00Z",
      "is_published": true,
      "product": 157,
      "channel": 2,
      "visible_in_listings": true,
      "available_for_purchase_at": "2022-05-17T11:50:42.404Z",
      "currency": "PLN",
      "discounted_price_amount": "120.000"
    }
  },
  {
    "model": "product.productchannellisting",
    "pk": 135,
    "fields": {
      "published_at": "2022-05-17T00:00:00Z",
      "is_published": true,
      "product": 157,
      "channel": 1,
      "visible_in_listings": true,
      "available_for_purchase_at": "2022-05-17T11:50:42.416Z",
      "currency": "USD",
      "discounted_price_amount": "25.000"
    }
  },
  {
    "model": "product.productchannellisting",
    "pk": 136,
    "fields": {
      "published_at": "2022-05-17T00:00:00Z",
      "is_published": true,
      "product": 160,
      "channel": 2,
      "visible_in_listings": true,
      "available_for_purchase_at": "2022-05-18T19:30:32.863Z",
      "currency": "PLN",
      "discounted_price_amount": "450.000"
    }
  },
  {
    "model": "product.productchannellisting",
    "pk": 137,
    "fields": {
      "published_at": "2022-05-17T00:00:00Z",
      "is_published": true,
      "product": 160,
      "channel": 1,
      "visible_in_listings": true,
      "available_for_purchase_at": "2022-05-18T19:30:32.870Z",
      "currency": "USD",
      "discounted_price_amount": "100.000"
    }
  },
  {
    "model": "product.productchannellisting",
    "pk": 138,
    "fields": {
      "published_at": "2022-05-17T00:00:00Z",
      "is_published": true,
      "product": 161,
      "channel": 2,
      "visible_in_listings": true,
      "available_for_purchase_at": "2022-05-17T12:04:24.093Z",
      "currency": "PLN",
      "discounted_price_amount": "130.000"
    }
  },
  {
    "model": "product.productchannellisting",
    "pk": 139,
    "fields": {
      "published_at": "2022-05-17T00:00:00Z",
      "is_published": true,
      "product": 161,
      "channel": 1,
      "visible_in_listings": true,
      "available_for_purchase_at": "2022-05-17T12:04:24.101Z",
      "currency": "USD",
      "discounted_price_amount": "30.000"
    }
  },
  {
    "model": "product.productchannellisting",
    "pk": 140,
    "fields": {
      "published_at": "2022-05-18T00:00:00Z",
      "is_published": true,
      "product": 162,
      "channel": 2,
      "visible_in_listings": true,
      "available_for_purchase_at": "2022-05-18T12:07:50.177Z",
      "currency": "PLN",
      "discounted_price_amount": "230.000"
    }
  },
  {
    "model": "product.productchannellisting",
    "pk": 141,
    "fields": {
      "published_at": "2022-05-18T00:00:00Z",
      "is_published": true,
      "product": 162,
      "channel": 1,
      "visible_in_listings": true,
      "available_for_purchase_at": "2022-05-18T12:07:50.182Z",
      "currency": "USD",
      "discounted_price_amount": "50.000"
    }
  },
  {
    "model": "product.productchannellisting",
    "pk": 142,
    "fields": {
      "published_at": "2022-05-18T00:00:00Z",
      "is_published": true,
      "product": 163,
      "channel": 2,
      "visible_in_listings": true,
      "available_for_purchase_at": "2022-05-18T19:29:47.375Z",
      "currency": "PLN",
      "discounted_price_amount": "2300.000"
    }
  },
  {
    "model": "product.productchannellisting",
    "pk": 143,
    "fields": {
      "published_at": "2022-05-18T00:00:00Z",
      "is_published": true,
      "product": 163,
      "channel": 1,
      "visible_in_listings": true,
      "available_for_purchase_at": "2022-05-18T19:29:47.387Z",
      "currency": "USD",
      "discounted_price_amount": "500.000"
    }
  },
  {
    "model": "product.productchannellisting",
    "pk": 144,
    "fields": {
      "published_at": "2022-05-18T00:00:00Z",
      "is_published": true,
      "product": 164,
      "channel": 2,
      "visible_in_listings": true,
      "available_for_purchase_at": "2022-05-18T19:31:14.637Z",
      "currency": "PLN",
      "discounted_price_amount": "230.000"
    }
  },
  {
    "model": "product.productchannellisting",
    "pk": 145,
    "fields": {
      "published_at": "2022-05-18T00:00:00Z",
      "is_published": true,
      "product": 164,
      "channel": 1,
      "visible_in_listings": true,
      "available_for_purchase_at": "2022-05-18T19:31:14.662Z",
      "currency": "USD",
      "discounted_price_amount": "50.000"
    }
  },
  {
    "model": "product.productvariant",
    "pk": 324,
    "fields": {
      "sort_order": 0,
      "private_metadata": {},
      "metadata": {},
      "sku": "headless-omnichannel-mp3",
      "name": "MP3",
      "product": 126,
      "track_inventory": true,
      "is_preorder": false,
      "preorder_end_date": null,
      "preorder_global_threshold": null,
      "quantity_limit_per_customer": null,
      "created_at": "2022-05-12T22:09:40.752Z",
      "updated_at": "2022-05-12T22:29:28.421Z",
      "weight": null,
      "default": true
    }
  },
  {
    "model": "product.productvariant",
    "pk": 325,
    "fields": {
      "sort_order": 0,
      "private_metadata": {},
      "metadata": {},
      "sku": "918223582",
      "name": "39",
      "product": 127,
      "track_inventory": true,
      "is_preorder": false,
      "preorder_end_date": null,
      "preorder_global_threshold": null,
      "quantity_limit_per_customer": null,
      "created_at": "2022-05-13T15:01:07.152Z",
      "updated_at": "2022-05-13T19:48:53.078Z",
      "weight": null,
      "default": true
    }
  },
  {
    "model": "product.productvariant",
    "pk": 326,
    "fields": {
      "sort_order": 1,
      "private_metadata": {},
      "metadata": {},
      "sku": "918223583",
      "name": "40",
      "product": 127,
      "track_inventory": true,
      "is_preorder": false,
      "preorder_end_date": null,
      "preorder_global_threshold": null,
      "quantity_limit_per_customer": null,
      "created_at": "2022-05-13T19:52:24.369Z",
      "updated_at": "2022-05-13T20:08:56.891Z",
      "weight": "1000.0:g"
    }
  },
  {
    "model": "product.productvariant",
    "pk": 327,
    "fields": {
      "sort_order": 2,
      "private_metadata": {},
      "metadata": {},
      "sku": "918223584",
      "name": "41",
      "product": 127,
      "track_inventory": true,
      "is_preorder": false,
      "preorder_end_date": null,
      "preorder_global_threshold": null,
      "quantity_limit_per_customer": null,
      "created_at": "2022-05-13T19:53:03.367Z",
      "updated_at": "2022-05-13T20:10:53.560Z",
      "weight": null
    }
  },
  {
    "model": "product.productvariant",
    "pk": 328,
    "fields": {
      "sort_order": 3,
      "private_metadata": {},
      "metadata": {},
      "sku": "918223585",
      "name": "42",
      "product": 127,
      "track_inventory": true,
      "is_preorder": false,
      "preorder_end_date": null,
      "preorder_global_threshold": null,
      "quantity_limit_per_customer": null,
      "created_at": "2022-05-13T19:53:28.144Z",
      "updated_at": "2022-05-13T20:10:59.528Z",
      "weight": null
    }
  },
  {
    "model": "product.productvariant",
    "pk": 329,
    "fields": {
      "sort_order": 4,
      "private_metadata": {},
      "metadata": {},
      "sku": "918223586",
      "name": "43",
      "product": 127,
      "track_inventory": true,
      "is_preorder": false,
      "preorder_end_date": null,
      "preorder_global_threshold": null,
      "quantity_limit_per_customer": null,
      "created_at": "2022-05-13T19:53:52.354Z",
      "updated_at": "2022-05-13T20:11:06.863Z",
      "weight": null
    }
  },
  {
    "model": "product.productvariant",
    "pk": 330,
    "fields": {
      "sort_order": 5,
      "private_metadata": {},
      "metadata": {},
      "sku": "918223587",
      "name": "44",
      "product": 127,
      "track_inventory": true,
      "is_preorder": false,
      "preorder_end_date": null,
      "preorder_global_threshold": null,
      "quantity_limit_per_customer": null,
      "created_at": "2022-05-13T19:55:25.701Z",
      "updated_at": "2022-05-13T20:11:13.296Z",
      "weight": null
    }
  },
  {
    "model": "product.productvariant",
    "pk": 331,
    "fields": {
      "sort_order": 6,
      "private_metadata": {},
      "metadata": {},
      "sku": "918223588",
      "name": "45",
      "product": 127,
      "track_inventory": true,
      "is_preorder": false,
      "preorder_end_date": null,
      "preorder_global_threshold": null,
      "quantity_limit_per_customer": null,
      "created_at": "2022-05-13T20:06:43.538Z",
      "updated_at": "2022-05-13T20:11:18.983Z",
      "weight": null
    }
  },
  {
    "model": "product.productvariant",
    "pk": 332,
    "fields": {
      "sort_order": 1,
      "private_metadata": {},
      "metadata": {},
      "sku": "818223583",
      "name": "41",
      "product": 128,
      "track_inventory": true,
      "is_preorder": false,
      "preorder_end_date": null,
      "preorder_global_threshold": null,
      "quantity_limit_per_customer": null,
      "created_at": "2022-05-13T20:39:26.112Z",
      "updated_at": "2022-05-13T20:39:26.185Z",
      "weight": null,
      "default": true
    }
  },
  {
    "model": "product.productvariant",
    "pk": 333,
    "fields": {
      "sort_order": 0,
      "private_metadata": {},
      "metadata": {},
      "sku": "818223582",
      "name": "40",
      "product": 128,
      "track_inventory": true,
      "is_preorder": false,
      "preorder_end_date": null,
      "preorder_global_threshold": null,
      "quantity_limit_per_customer": null,
      "created_at": "2022-05-13T20:39:26.216Z",
      "updated_at": "2022-05-13T20:39:26.245Z",
      "weight": null
    }
  },
  {
    "model": "product.productvariant",
    "pk": 334,
    "fields": {
      "sort_order": 2,
      "private_metadata": {},
      "metadata": {},
      "sku": "818223584",
      "name": "42",
      "product": 128,
      "track_inventory": true,
      "is_preorder": false,
      "preorder_end_date": null,
      "preorder_global_threshold": null,
      "quantity_limit_per_customer": null,
      "created_at": "2022-05-13T20:39:26.254Z",
      "updated_at": "2022-05-13T20:39:26.280Z",
      "weight": null
    }
  },
  {
    "model": "product.productvariant",
    "pk": 335,
    "fields": {
      "sort_order": 0,
      "private_metadata": {},
      "metadata": {},
      "sku": "618223581",
      "name": "39",
      "product": 129,
      "track_inventory": true,
      "is_preorder": false,
      "preorder_end_date": null,
      "preorder_global_threshold": null,
      "quantity_limit_per_customer": null,
      "created_at": "2022-05-13T20:47:03.499Z",
      "updated_at": "2022-05-13T20:47:03.620Z",
      "weight": null,
      "default": true
    }
  },
  {
    "model": "product.productvariant",
    "pk": 336,
    "fields": {
      "sort_order": 1,
      "private_metadata": {},
      "metadata": {},
      "sku": "618223582",
      "name": "40",
      "product": 129,
      "track_inventory": true,
      "is_preorder": false,
      "preorder_end_date": null,
      "preorder_global_threshold": null,
      "quantity_limit_per_customer": null,
      "created_at": "2022-05-13T20:47:03.655Z",
      "updated_at": "2022-05-13T20:47:03.695Z",
      "weight": null
    }
  },
  {
    "model": "product.productvariant",
    "pk": 337,
    "fields": {
      "sort_order": 2,
      "private_metadata": {},
      "metadata": {},
      "sku": "618223583",
      "name": "41",
      "product": 129,
      "track_inventory": true,
      "is_preorder": false,
      "preorder_end_date": null,
      "preorder_global_threshold": null,
      "quantity_limit_per_customer": null,
      "created_at": "2022-05-13T20:47:03.705Z",
      "updated_at": "2022-05-13T20:47:03.731Z",
      "weight": null
    }
  },
  {
    "model": "product.productvariant",
    "pk": 338,
    "fields": {
      "sort_order": 3,
      "private_metadata": {},
      "metadata": {},
      "sku": "618223584",
      "name": "42",
      "product": 129,
      "track_inventory": true,
      "is_preorder": false,
      "preorder_end_date": null,
      "preorder_global_threshold": null,
      "quantity_limit_per_customer": null,
      "created_at": "2022-05-13T20:47:03.738Z",
      "updated_at": "2022-05-13T20:47:03.775Z",
      "weight": null
    }
  },
  {
    "model": "product.productvariant",
    "pk": 339,
    "fields": {
      "sort_order": 4,
      "private_metadata": {},
      "metadata": {},
      "sku": "618223585",
      "name": "43",
      "product": 129,
      "track_inventory": true,
      "is_preorder": false,
      "preorder_end_date": null,
      "preorder_global_threshold": null,
      "quantity_limit_per_customer": null,
      "created_at": "2022-05-13T20:47:03.809Z",
      "updated_at": "2022-05-13T20:47:03.837Z",
      "weight": null
    }
  },
  {
    "model": "product.productvariant",
    "pk": 340,
    "fields": {
      "sort_order": 0,
      "private_metadata": {},
      "metadata": {},
      "sku": "118223581",
      "name": "39",
      "product": 130,
      "track_inventory": true,
      "is_preorder": false,
      "preorder_end_date": null,
      "preorder_global_threshold": null,
      "quantity_limit_per_customer": null,
      "created_at": "2022-05-13T20:57:45.685Z",
      "updated_at": "2022-05-13T20:57:45.754Z",
      "weight": null,
      "default": true
    }
  },
  {
    "model": "product.productvariant",
    "pk": 341,
    "fields": {
      "sort_order": 1,
      "private_metadata": {},
      "metadata": {},
      "sku": "118223582",
      "name": "40",
      "product": 130,
      "track_inventory": true,
      "is_preorder": false,
      "preorder_end_date": null,
      "preorder_global_threshold": null,
      "quantity_limit_per_customer": null,
      "created_at": "2022-05-13T20:57:45.785Z",
      "updated_at": "2022-05-13T20:57:45.820Z",
      "weight": null
    }
  },
  {
    "model": "product.productvariant",
    "pk": 342,
    "fields": {
      "sort_order": 2,
      "private_metadata": {},
      "metadata": {},
      "sku": "118223583",
      "name": "41",
      "product": 130,
      "track_inventory": true,
      "is_preorder": false,
      "preorder_end_date": null,
      "preorder_global_threshold": null,
      "quantity_limit_per_customer": null,
      "created_at": "2022-05-13T20:57:45.826Z",
      "updated_at": "2022-05-13T20:57:45.854Z",
      "weight": null
    }
  },
  {
    "model": "product.productvariant",
    "pk": 343,
    "fields": {
      "sort_order": 3,
      "private_metadata": {},
      "metadata": {},
      "sku": "118223584",
      "name": "42",
      "product": 130,
      "track_inventory": true,
      "is_preorder": false,
      "preorder_end_date": null,
      "preorder_global_threshold": null,
      "quantity_limit_per_customer": null,
      "created_at": "2022-05-13T20:57:45.861Z",
      "updated_at": "2022-05-13T20:57:45.880Z",
      "weight": null
    }
  },
  {
    "model": "product.productvariant",
    "pk": 344,
    "fields": {
      "sort_order": 4,
      "private_metadata": {},
      "metadata": {},
      "sku": "118223585",
      "name": "45",
      "product": 130,
      "track_inventory": true,
      "is_preorder": false,
      "preorder_end_date": null,
      "preorder_global_threshold": null,
      "quantity_limit_per_customer": null,
      "created_at": "2022-05-13T20:57:45.887Z",
      "updated_at": "2022-05-13T20:57:45.927Z",
      "weight": null
    }
  },
  {
    "model": "product.productvariant",
    "pk": 345,
    "fields": {
      "sort_order": 0,
      "private_metadata": {},
      "metadata": {},
      "sku": null,
      "name": "UHJvZHVjdFZhcmlhbnQ6MzQ1",
      "product": 131,
      "track_inventory": false,
      "is_preorder": false,
      "preorder_end_date": null,
      "preorder_global_threshold": null,
      "quantity_limit_per_customer": null,
      "created_at": "2022-05-13T21:07:45.439Z",
      "updated_at": "2022-05-13T21:10:33.980Z",
      "weight": null,
      "default": true
    }
  },
  {
    "model": "product.productvariant",
    "pk": 346,
    "fields": {
      "sort_order": 0,
      "private_metadata": {},
      "metadata": {},
      "sku": null,
      "name": "UHJvZHVjdFZhcmlhbnQ6MzQ2",
      "product": 132,
      "track_inventory": false,
      "is_preorder": false,
      "preorder_end_date": null,
      "preorder_global_threshold": null,
      "quantity_limit_per_customer": null,
      "created_at": "2022-05-13T21:11:28.927Z",
      "updated_at": "2022-05-16T16:40:43.108Z",
      "weight": null,
      "default": true
    }
  },
  {
    "model": "product.productvariant",
    "pk": 347,
    "fields": {
      "sort_order": 0,
      "private_metadata": {},
      "metadata": {},
      "sku": null,
      "name": "UHJvZHVjdFZhcmlhbnQ6MzQ3",
      "product": 133,
      "track_inventory": false,
      "is_preorder": false,
      "preorder_end_date": null,
      "preorder_global_threshold": null,
      "quantity_limit_per_customer": null,
      "created_at": "2022-05-13T21:13:29.305Z",
      "updated_at": "2022-05-13T21:14:28.317Z",
      "weight": null,
      "default": true
    }
  },
  {
    "model": "product.productvariant",
    "pk": 348,
    "fields": {
      "sort_order": 0,
      "private_metadata": {},
      "metadata": {},
      "sku": "328223580",
      "name": "S",
      "product": 134,
      "track_inventory": true,
      "is_preorder": false,
      "preorder_end_date": null,
      "preorder_global_threshold": null,
      "quantity_limit_per_customer": null,
      "created_at": "2022-05-13T21:22:25.536Z",
      "updated_at": "2022-05-13T23:26:53.236Z",
      "weight": null,
      "default": true
    }
  },
  {
    "model": "product.productvariant",
    "pk": 349,
    "fields": {
      "sort_order": 1,
      "private_metadata": {},
      "metadata": {},
      "sku": "328223581",
      "name": "M",
      "product": 134,
      "track_inventory": true,
      "is_preorder": false,
      "preorder_end_date": null,
      "preorder_global_threshold": null,
      "quantity_limit_per_customer": null,
      "created_at": "2022-05-13T21:22:25.647Z",
      "updated_at": "2022-05-13T23:26:53.374Z",
      "weight": null
    }
  },
  {
    "model": "product.productvariant",
    "pk": 350,
    "fields": {
      "sort_order": 2,
      "private_metadata": {},
      "metadata": {},
      "sku": "328223582",
      "name": "L",
      "product": 134,
      "track_inventory": true,
      "is_preorder": false,
      "preorder_end_date": null,
      "preorder_global_threshold": null,
      "quantity_limit_per_customer": null,
      "created_at": "2022-05-13T21:22:25.700Z",
      "updated_at": "2022-05-13T23:26:53.453Z",
      "weight": null
    }
  },
  {
    "model": "product.productvariant",
    "pk": 351,
    "fields": {
      "sort_order": 3,
      "private_metadata": {},
      "metadata": {},
      "sku": "328223583",
      "name": "XL",
      "product": 134,
      "track_inventory": true,
      "is_preorder": false,
      "preorder_end_date": null,
      "preorder_global_threshold": null,
      "quantity_limit_per_customer": null,
      "created_at": "2022-05-13T21:22:25.736Z",
      "updated_at": "2022-05-13T23:26:53.488Z",
      "weight": null
    }
  },
  {
    "model": "product.productvariant",
    "pk": 352,
    "fields": {
      "sort_order": 4,
      "private_metadata": {},
      "metadata": {},
      "sku": "328223584",
      "name": "XXL",
      "product": 134,
      "track_inventory": true,
      "is_preorder": false,
      "preorder_end_date": null,
      "preorder_global_threshold": null,
      "quantity_limit_per_customer": null,
      "created_at": "2022-05-13T21:22:25.789Z",
      "updated_at": "2022-05-13T23:26:53.520Z",
      "weight": null
    }
  },
  {
    "model": "product.productvariant",
    "pk": 353,
    "fields": {
      "sort_order": 0,
      "private_metadata": {},
      "metadata": {},
      "sku": "128223580",
      "name": "S",
      "product": 135,
      "track_inventory": true,
      "is_preorder": false,
      "preorder_end_date": null,
      "preorder_global_threshold": null,
      "quantity_limit_per_customer": null,
      "created_at": "2022-05-13T21:30:50.614Z",
      "updated_at": "2022-05-13T23:26:53.207Z",
      "weight": null,
      "default": true
    }
  },
  {
    "model": "product.productvariant",
    "pk": 354,
    "fields": {
      "sort_order": 1,
      "private_metadata": {},
      "metadata": {},
      "sku": "128223581",
      "name": "M",
      "product": 135,
      "track_inventory": true,
      "is_preorder": false,
      "preorder_end_date": null,
      "preorder_global_threshold": null,
      "quantity_limit_per_customer": null,
      "created_at": "2022-05-13T21:30:50.694Z",
      "updated_at": "2022-05-13T23:26:53.296Z",
      "weight": null
    }
  },
  {
    "model": "product.productvariant",
    "pk": 355,
    "fields": {
      "sort_order": 2,
      "private_metadata": {},
      "metadata": {},
      "sku": "128223582",
      "name": "L",
      "product": 135,
      "track_inventory": true,
      "is_preorder": false,
      "preorder_end_date": null,
      "preorder_global_threshold": null,
      "quantity_limit_per_customer": null,
      "created_at": "2022-05-13T21:30:50.756Z",
      "updated_at": "2022-05-13T23:26:53.422Z",
      "weight": null
    }
  },
  {
    "model": "product.productvariant",
    "pk": 356,
    "fields": {
      "sort_order": 3,
      "private_metadata": {},
      "metadata": {},
      "sku": "128223583",
      "name": "XL",
      "product": 135,
      "track_inventory": true,
      "is_preorder": false,
      "preorder_end_date": null,
      "preorder_global_threshold": null,
      "quantity_limit_per_customer": null,
      "created_at": "2022-05-13T21:30:50.795Z",
      "updated_at": "2022-05-13T23:26:53.470Z",
      "weight": null
    }
  },
  {
    "model": "product.productvariant",
    "pk": 357,
    "fields": {
      "sort_order": 4,
      "private_metadata": {},
      "metadata": {},
      "sku": "128223584",
      "name": "XXL",
      "product": 135,
      "track_inventory": true,
      "is_preorder": false,
      "preorder_end_date": null,
      "preorder_global_threshold": null,
      "quantity_limit_per_customer": null,
      "created_at": "2022-05-13T21:30:50.889Z",
      "updated_at": "2022-05-13T23:26:53.507Z",
      "weight": null
    }
  },
  {
    "model": "product.productvariant",
    "pk": 358,
    "fields": {
      "sort_order": 0,
      "private_metadata": {},
      "metadata": {},
      "sku": "111223580",
      "name": "S",
      "product": 136,
      "track_inventory": true,
      "is_preorder": false,
      "preorder_end_date": null,
      "preorder_global_threshold": null,
      "quantity_limit_per_customer": null,
      "created_at": "2022-05-13T21:38:56.282Z",
      "updated_at": "2022-05-13T23:26:53.164Z",
      "weight": null,
      "default": true
    }
  },
  {
    "model": "product.productvariant",
    "pk": 359,
    "fields": {
      "sort_order": 1,
      "private_metadata": {},
      "metadata": {},
      "sku": "111223581",
      "name": "M",
      "product": 136,
      "track_inventory": true,
      "is_preorder": false,
      "preorder_end_date": null,
      "preorder_global_threshold": null,
      "quantity_limit_per_customer": null,
      "created_at": "2022-05-13T21:38:56.373Z",
      "updated_at": "2022-05-13T23:26:53.257Z",
      "weight": null
    }
  },
  {
    "model": "product.productvariant",
    "pk": 360,
    "fields": {
      "sort_order": 2,
      "private_metadata": {},
      "metadata": {},
      "sku": "111223582",
      "name": "XXL",
      "product": 136,
      "track_inventory": true,
      "is_preorder": false,
      "preorder_end_date": null,
      "preorder_global_threshold": null,
      "quantity_limit_per_customer": null,
      "created_at": "2022-05-13T21:38:56.422Z",
      "updated_at": "2022-05-13T23:26:53.392Z",
      "weight": null
    }
  },
  {
    "model": "product.productvariant",
    "pk": 361,
    "fields": {
      "sort_order": 0,
      "private_metadata": {},
      "metadata": {},
      "sku": "218223580",
      "name": "M",
      "product": 137,
      "track_inventory": true,
      "is_preorder": false,
      "preorder_end_date": null,
      "preorder_global_threshold": null,
      "quantity_limit_per_customer": null,
      "created_at": "2022-05-13T21:42:43.229Z",
      "updated_at": "2022-05-13T23:26:53.217Z",
      "weight": null,
      "default": true
    }
  },
  {
    "model": "product.productvariant",
    "pk": 362,
    "fields": {
      "sort_order": 1,
      "private_metadata": {},
      "metadata": {},
      "sku": "218223581",
      "name": "L",
      "product": 137,
      "track_inventory": true,
      "is_preorder": false,
      "preorder_end_date": null,
      "preorder_global_threshold": null,
      "quantity_limit_per_customer": null,
      "created_at": "2022-05-13T21:42:43.314Z",
      "updated_at": "2022-05-13T23:26:53.309Z",
      "weight": null
    }
  },
  {
    "model": "product.productvariant",
    "pk": 363,
    "fields": {
      "sort_order": 2,
      "private_metadata": {},
      "metadata": {},
      "sku": "218223582",
      "name": "XL",
      "product": 137,
      "track_inventory": true,
      "is_preorder": false,
      "preorder_end_date": null,
      "preorder_global_threshold": null,
      "quantity_limit_per_customer": null,
      "created_at": "2022-05-13T21:42:43.351Z",
      "updated_at": "2022-05-13T23:26:53.439Z",
      "weight": null
    }
  },
  {
    "model": "product.productvariant",
    "pk": 364,
    "fields": {
      "sort_order": 0,
      "private_metadata": {},
      "metadata": {},
      "sku": "112223580",
      "name": "S",
      "product": 138,
      "track_inventory": true,
      "is_preorder": false,
      "preorder_end_date": null,
      "preorder_global_threshold": null,
      "quantity_limit_per_customer": null,
      "created_at": "2022-05-13T21:44:58.194Z",
      "updated_at": "2022-05-13T23:26:53.194Z",
      "weight": null,
      "default": true
    }
  },
  {
    "model": "product.productvariant",
    "pk": 365,
    "fields": {
      "sort_order": 1,
      "private_metadata": {},
      "metadata": {},
      "sku": "112223581",
      "name": "M",
      "product": 138,
      "track_inventory": true,
      "is_preorder": false,
      "preorder_end_date": null,
      "preorder_global_threshold": null,
      "quantity_limit_per_customer": null,
      "created_at": "2022-05-13T21:44:58.258Z",
      "updated_at": "2022-05-13T23:26:53.285Z",
      "weight": null
    }
  },
  {
    "model": "product.productvariant",
    "pk": 366,
    "fields": {
      "sort_order": 2,
      "private_metadata": {},
      "metadata": {},
      "sku": "112223582",
      "name": "L",
      "product": 138,
      "track_inventory": true,
      "is_preorder": false,
      "preorder_end_date": null,
      "preorder_global_threshold": null,
      "quantity_limit_per_customer": null,
      "created_at": "2022-05-13T21:44:58.304Z",
      "updated_at": "2022-05-13T23:26:53.407Z",
      "weight": null
    }
  },
  {
    "model": "product.productvariant",
    "pk": 368,
    "fields": {
      "sort_order": 0,
      "private_metadata": {},
      "metadata": {},
      "sku": null,
      "name": "UHJvZHVjdFZhcmlhbnQ6MzY4",
      "product": 141,
      "track_inventory": false,
      "is_preorder": false,
      "preorder_end_date": null,
      "preorder_global_threshold": null,
      "quantity_limit_per_customer": null,
      "created_at": "2022-05-13T23:50:16.869Z",
      "updated_at": "2022-05-14T21:33:36.523Z",
      "weight": null,
      "default": true
    }
  },
  {
    "model": "product.productvariant",
    "pk": 370,
    "fields": {
      "sort_order": 0,
      "private_metadata": {},
      "metadata": {},
      "sku": null,
      "name": "UHJvZHVjdFZhcmlhbnQ6Mzcw",
      "product": 143,
      "track_inventory": false,
      "is_preorder": false,
      "preorder_end_date": null,
      "preorder_global_threshold": null,
      "quantity_limit_per_customer": null,
      "created_at": "2022-05-14T21:10:01.587Z",
      "updated_at": "2022-05-14T21:33:04.241Z",
      "weight": null,
      "default": true
    }
  },
  {
    "model": "product.productvariant",
    "pk": 371,
    "fields": {
      "sort_order": 0,
      "private_metadata": {},
      "metadata": {},
      "sku": null,
      "name": "UHJvZHVjdFZhcmlhbnQ6Mzcx",
      "product": 144,
      "track_inventory": false,
      "is_preorder": false,
      "preorder_end_date": null,
      "preorder_global_threshold": null,
      "quantity_limit_per_customer": null,
      "created_at": "2022-05-14T21:24:57.904Z",
      "updated_at": "2022-05-14T21:25:09.225Z",
      "weight": null,
      "default": true
    }
  },
  {
    "model": "product.productvariant",
    "pk": 372,
    "fields": {
      "sort_order": 0,
      "private_metadata": {},
      "metadata": {},
      "sku": "9018223582",
      "name": "DVD",
      "product": 145,
      "track_inventory": true,
      "is_preorder": false,
      "preorder_end_date": null,
      "preorder_global_threshold": null,
      "quantity_limit_per_customer": null,
      "created_at": "2022-05-14T21:55:45.910Z",
      "updated_at": "2022-05-14T21:55:45.938Z",
      "weight": null,
      "default": true
    }
  },
  {
    "model": "product.productvariant",
    "pk": 373,
    "fields": {
      "sort_order": 1,
      "private_metadata": {},
      "metadata": {},
      "sku": "9018223583",
      "name": "iTunes",
      "product": 145,
      "track_inventory": true,
      "is_preorder": false,
      "preorder_end_date": null,
      "preorder_global_threshold": null,
      "quantity_limit_per_customer": null,
      "created_at": "2022-05-14T21:55:45.950Z",
      "updated_at": "2022-05-14T21:55:45.974Z",
      "weight": null
    }
  },
  {
    "model": "product.productvariant",
    "pk": 374,
    "fields": {
      "sort_order": 2,
      "private_metadata": {},
      "metadata": {},
      "sku": "9018223584",
      "name": "MP3",
      "product": 145,
      "track_inventory": true,
      "is_preorder": false,
      "preorder_end_date": null,
      "preorder_global_threshold": null,
      "quantity_limit_per_customer": null,
      "created_at": "2022-05-14T21:55:45.983Z",
      "updated_at": "2022-05-14T21:55:46.009Z",
      "weight": null
    }
  },
  {
    "model": "product.productvariant",
    "pk": 375,
    "fields": {
      "sort_order": 0,
      "private_metadata": {},
      "metadata": {},
      "sku": "113223582",
      "name": "Vinyl",
      "product": 146,
      "track_inventory": true,
      "is_preorder": false,
      "preorder_end_date": null,
      "preorder_global_threshold": null,
      "quantity_limit_per_customer": null,
      "created_at": "2022-05-15T09:05:27.383Z",
      "updated_at": "2022-05-15T09:05:27.419Z",
      "weight": null,
      "default": true
    }
  },
  {
    "model": "product.productvariant",
    "pk": 376,
    "fields": {
      "sort_order": 1,
      "private_metadata": {},
      "metadata": {},
      "sku": "113223583",
      "name": "DVD",
      "product": 146,
      "track_inventory": true,
      "is_preorder": false,
      "preorder_end_date": null,
      "preorder_global_threshold": null,
      "quantity_limit_per_customer": null,
      "created_at": "2022-05-15T09:05:27.430Z",
      "updated_at": "2022-05-15T09:05:27.464Z",
      "weight": null
    }
  },
  {
    "model": "product.productvariant",
    "pk": 377,
    "fields": {
      "sort_order": 2,
      "private_metadata": {},
      "metadata": {},
      "sku": "113223584",
      "name": "iTunes",
      "product": 146,
      "track_inventory": true,
      "is_preorder": false,
      "preorder_end_date": null,
      "preorder_global_threshold": null,
      "quantity_limit_per_customer": null,
      "created_at": "2022-05-15T09:05:27.476Z",
      "updated_at": "2022-05-15T09:05:27.516Z",
      "weight": null
    }
  },
  {
    "model": "product.productvariant",
    "pk": 378,
    "fields": {
      "sort_order": 3,
      "private_metadata": {},
      "metadata": {},
      "sku": "113223585",
      "name": "CD",
      "product": 146,
      "track_inventory": true,
      "is_preorder": false,
      "preorder_end_date": null,
      "preorder_global_threshold": null,
      "quantity_limit_per_customer": null,
      "created_at": "2022-05-15T09:05:27.531Z",
      "updated_at": "2022-05-15T09:05:27.585Z",
      "weight": null
    }
  },
  {
    "model": "product.productvariant",
    "pk": 379,
    "fields": {
      "sort_order": 0,
      "private_metadata": {},
      "metadata": {},
      "sku": "124223581",
      "name": "iTunes",
      "product": 147,
      "track_inventory": true,
      "is_preorder": false,
      "preorder_end_date": null,
      "preorder_global_threshold": null,
      "quantity_limit_per_customer": null,
      "created_at": "2022-05-15T09:21:06.168Z",
      "updated_at": "2022-05-15T09:21:06.190Z",
      "weight": null,
      "default": true
    }
  },
  {
    "model": "product.productvariant",
    "pk": 380,
    "fields": {
      "sort_order": 1,
      "private_metadata": {},
      "metadata": {},
      "sku": "124223582",
      "name": "MP3",
      "product": 147,
      "track_inventory": true,
      "is_preorder": false,
      "preorder_end_date": null,
      "preorder_global_threshold": null,
      "quantity_limit_per_customer": null,
      "created_at": "2022-05-15T09:21:06.197Z",
      "updated_at": "2022-05-15T09:21:06.218Z",
      "weight": null
    }
  },
  {
    "model": "product.productvariant",
    "pk": 382,
    "fields": {
      "sort_order": 0,
      "private_metadata": {},
      "metadata": {},
      "sku": null,
      "name": "UHJvZHVjdFZhcmlhbnQ6Mzgy",
      "product": 150,
      "track_inventory": false,
      "is_preorder": false,
      "preorder_end_date": null,
      "preorder_global_threshold": null,
      "quantity_limit_per_customer": null,
      "created_at": "2022-05-15T09:28:13.324Z",
      "updated_at": "2022-05-15T09:28:13.363Z",
      "weight": null,
      "default": true
    }
  },
  {
    "model": "product.productvariant",
    "pk": 383,
    "fields": {
      "sort_order": 0,
      "private_metadata": {},
      "metadata": {},
      "sku": null,
      "name": "UHJvZHVjdFZhcmlhbnQ6Mzgz",
      "product": 151,
      "track_inventory": false,
      "is_preorder": false,
      "preorder_end_date": null,
      "preorder_global_threshold": null,
      "quantity_limit_per_customer": null,
      "created_at": "2022-05-15T09:32:27.397Z",
      "updated_at": "2022-05-16T16:38:35.759Z",
      "weight": null,
      "default": true
    }
  },
  {
    "model": "product.productvariant",
    "pk": 384,
    "fields": {
      "sort_order": 0,
      "private_metadata": {},
      "metadata": {},
      "sku": null,
      "name": "UHJvZHVjdFZhcmlhbnQ6Mzg0",
      "product": 152,
      "track_inventory": false,
      "is_preorder": false,
      "preorder_end_date": null,
      "preorder_global_threshold": null,
      "quantity_limit_per_customer": null,
      "created_at": "2022-05-16T16:19:51.191Z",
      "updated_at": "2022-05-18T12:21:40.806Z",
      "weight": null,
      "default": true
    }
  },
  {
    "model": "product.productvariant",
    "pk": 385,
    "fields": {
      "sort_order": 0,
      "private_metadata": {},
      "metadata": {},
      "sku": null,
      "name": "UHJvZHVjdFZhcmlhbnQ6Mzg1",
      "product": 153,
      "track_inventory": false,
      "is_preorder": false,
      "preorder_end_date": null,
      "preorder_global_threshold": null,
      "quantity_limit_per_customer": null,
      "created_at": "2022-05-16T16:25:11.701Z",
      "updated_at": "2022-05-16T16:25:11.757Z",
      "weight": null,
      "default": true
    }
  },
  {
    "model": "product.productvariant",
    "pk": 386,
    "fields": {
      "sort_order": 0,
      "private_metadata": {},
      "metadata": {},
      "sku": null,
      "name": "UHJvZHVjdFZhcmlhbnQ6Mzg2",
      "product": 154,
      "track_inventory": false,
      "is_preorder": false,
      "preorder_end_date": null,
      "preorder_global_threshold": null,
      "quantity_limit_per_customer": null,
      "created_at": "2022-05-16T16:27:16.900Z",
      "updated_at": "2022-05-16T16:27:16.924Z",
      "weight": null,
      "default": true
    }
  },
  {
    "model": "product.productvariant",
    "pk": 387,
    "fields": {
      "sort_order": 0,
      "private_metadata": {},
      "metadata": {},
      "sku": null,
      "name": "UHJvZHVjdFZhcmlhbnQ6Mzg3",
      "product": 155,
      "track_inventory": false,
      "is_preorder": false,
      "preorder_end_date": null,
      "preorder_global_threshold": null,
      "quantity_limit_per_customer": null,
      "created_at": "2022-05-16T16:28:15.149Z",
      "updated_at": "2022-05-17T12:36:31.454Z",
      "weight": null,
      "default": true
    }
  },
  {
    "model": "product.productvariant",
    "pk": 388,
    "fields": {
      "sort_order": 0,
      "private_metadata": {},
      "metadata": {},
      "sku": null,
      "name": "UHJvZHVjdFZhcmlhbnQ6Mzg4",
      "product": 156,
      "track_inventory": false,
      "is_preorder": false,
      "preorder_end_date": null,
      "preorder_global_threshold": null,
      "quantity_limit_per_customer": null,
      "created_at": "2022-05-17T11:44:17.115Z",
      "updated_at": "2022-05-17T11:44:17.201Z",
      "weight": null,
      "default": true
    }
  },
  {
    "model": "product.productvariant",
    "pk": 389,
    "fields": {
      "sort_order": 0,
      "private_metadata": {},
      "metadata": {},
      "sku": "9182235820",
      "name": "XL",
      "product": 157,
      "track_inventory": true,
      "is_preorder": false,
      "preorder_end_date": null,
      "preorder_global_threshold": null,
      "quantity_limit_per_customer": null,
      "created_at": "2022-05-17T11:50:09.662Z",
      "updated_at": "2022-05-17T11:50:09.694Z",
      "weight": null,
      "default": true
    }
  },
  {
    "model": "product.productvariant",
    "pk": 390,
    "fields": {
      "sort_order": 1,
      "private_metadata": {},
      "metadata": {},
      "sku": "9182235821",
      "name": "XXL",
      "product": 157,
      "track_inventory": true,
      "is_preorder": false,
      "preorder_end_date": null,
      "preorder_global_threshold": null,
      "quantity_limit_per_customer": null,
      "created_at": "2022-05-17T11:50:09.704Z",
      "updated_at": "2022-05-17T11:50:09.730Z",
      "weight": null
    }
  },
  {
    "model": "product.productvariant",
    "pk": 393,
    "fields": {
      "sort_order": 0,
      "private_metadata": {},
      "metadata": {},
      "sku": null,
      "name": "UHJvZHVjdFZhcmlhbnQ6Mzkz",
      "product": 160,
      "track_inventory": false,
      "is_preorder": false,
      "preorder_end_date": null,
      "preorder_global_threshold": null,
      "quantity_limit_per_customer": null,
      "created_at": "2022-05-17T11:57:19.386Z",
      "updated_at": "2022-05-18T19:30:32.573Z",
      "weight": null,
      "default": true
    }
  },
  {
    "model": "product.productvariant",
    "pk": 394,
    "fields": {
      "sort_order": 0,
      "private_metadata": {},
      "metadata": {},
      "sku": "49182235820",
      "name": "S",
      "product": 161,
      "track_inventory": true,
      "is_preorder": false,
      "preorder_end_date": null,
      "preorder_global_threshold": null,
      "quantity_limit_per_customer": null,
      "created_at": "2022-05-17T12:03:59.123Z",
      "updated_at": "2022-05-17T12:03:59.178Z",
      "weight": null,
      "default": true
    }
  },
  {
    "model": "product.productvariant",
    "pk": 395,
    "fields": {
      "sort_order": 1,
      "private_metadata": {},
      "metadata": {},
      "sku": "49182235821",
      "name": "M",
      "product": 161,
      "track_inventory": true,
      "is_preorder": false,
      "preorder_end_date": null,
      "preorder_global_threshold": null,
      "quantity_limit_per_customer": null,
      "created_at": "2022-05-17T12:03:59.193Z",
      "updated_at": "2022-05-17T12:03:59.243Z",
      "weight": null
    }
  },
  {
    "model": "product.productvariant",
    "pk": 396,
    "fields": {
      "sort_order": 2,
      "private_metadata": {},
      "metadata": {},
      "sku": "49182235822",
      "name": "L",
      "product": 161,
      "track_inventory": true,
      "is_preorder": false,
      "preorder_end_date": null,
      "preorder_global_threshold": null,
      "quantity_limit_per_customer": null,
      "created_at": "2022-05-17T12:03:59.262Z",
      "updated_at": "2022-05-17T12:03:59.311Z",
      "weight": null
    }
  },
  {
    "model": "product.productvariant",
    "pk": 397,
    "fields": {
      "sort_order": 3,
      "private_metadata": {},
      "metadata": {},
      "sku": "49182235823",
      "name": "XL",
      "product": 161,
      "track_inventory": true,
      "is_preorder": false,
      "preorder_end_date": null,
      "preorder_global_threshold": null,
      "quantity_limit_per_customer": null,
      "created_at": "2022-05-17T12:03:59.329Z",
      "updated_at": "2022-05-17T12:03:59.383Z",
      "weight": null
    }
  },
  {
    "model": "product.productvariant",
    "pk": 398,
    "fields": {
      "sort_order": 4,
      "private_metadata": {},
      "metadata": {},
      "sku": "49182235824",
      "name": "XXL",
      "product": 161,
      "track_inventory": true,
      "is_preorder": false,
      "preorder_end_date": null,
      "preorder_global_threshold": null,
      "quantity_limit_per_customer": null,
      "created_at": "2022-05-17T12:03:59.400Z",
      "updated_at": "2022-05-17T12:03:59.450Z",
      "weight": null
    }
  },
  {
    "model": "product.productvariant",
    "pk": 399,
    "fields": {
      "sort_order": 0,
      "private_metadata": {},
      "metadata": {},
      "sku": null,
      "name": "UHJvZHVjdFZhcmlhbnQ6Mzk5",
      "product": 162,
      "track_inventory": false,
      "is_preorder": false,
      "preorder_end_date": null,
      "preorder_global_threshold": null,
      "quantity_limit_per_customer": null,
      "created_at": "2022-05-18T12:06:54.246Z",
      "updated_at": "2022-05-18T12:07:49.819Z",
      "weight": null,
      "default": true
    }
  },
  {
    "model": "product.productvariant",
    "pk": 400,
    "fields": {
      "sort_order": 0,
      "private_metadata": {},
      "metadata": {},
      "sku": null,
      "name": "UHJvZHVjdFZhcmlhbnQ6NDAw",
      "product": 163,
      "track_inventory": false,
      "is_preorder": false,
      "preorder_end_date": null,
      "preorder_global_threshold": null,
      "quantity_limit_per_customer": null,
      "created_at": "2022-05-18T19:29:35.277Z",
      "updated_at": "2022-05-18T19:29:47.123Z",
      "weight": null,
      "default": true
    }
  },
  {
    "model": "product.productvariant",
    "pk": 401,
    "fields": {
      "sort_order": 0,
      "private_metadata": {},
      "metadata": {},
      "sku": null,
      "name": "UHJvZHVjdFZhcmlhbnQ6NDAx",
      "product": 164,
      "track_inventory": false,
      "is_preorder": false,
      "preorder_end_date": null,
      "preorder_global_threshold": null,
      "quantity_limit_per_customer": null,
      "created_at": "2022-05-18T19:31:14.677Z",
      "updated_at": "2022-05-18T19:31:14.745Z",
      "weight": null,
      "default": true
    }
  },
  {
    "model": "product.productvariantchannellisting",
    "pk": 224,
    "fields": {
      "variant": 324,
      "channel": 2,
      "currency": "PLN",
      "price_amount": "40.000",
      "cost_price_amount": null,
      "preorder_quantity_threshold": null
    }
  },
  {
    "model": "product.productvariantchannellisting",
    "pk": 225,
    "fields": {
      "variant": 324,
      "channel": 1,
      "currency": "USD",
      "price_amount": "10.000",
      "cost_price_amount": null,
      "preorder_quantity_threshold": null
    }
  },
  {
    "model": "product.productvariantchannellisting",
    "pk": 226,
    "fields": {
      "variant": 325,
      "channel": 2,
      "currency": "PLN",
      "price_amount": "240.000",
      "cost_price_amount": null,
      "preorder_quantity_threshold": null
    }
  },
  {
    "model": "product.productvariantchannellisting",
    "pk": 227,
    "fields": {
      "variant": 325,
      "channel": 1,
      "currency": "USD",
      "price_amount": "80.000",
      "cost_price_amount": null,
      "preorder_quantity_threshold": null
    }
  },
  {
    "model": "product.productvariantchannellisting",
    "pk": 228,
    "fields": {
      "variant": 326,
      "channel": 2,
      "currency": "PLN",
      "price_amount": "240.000",
      "cost_price_amount": null,
      "preorder_quantity_threshold": null
    }
  },
  {
    "model": "product.productvariantchannellisting",
    "pk": 229,
    "fields": {
      "variant": 327,
      "channel": 2,
      "currency": "PLN",
      "price_amount": "240.000",
      "cost_price_amount": null,
      "preorder_quantity_threshold": null
    }
  },
  {
    "model": "product.productvariantchannellisting",
    "pk": 230,
    "fields": {
      "variant": 328,
      "channel": 2,
      "currency": "PLN",
      "price_amount": "240.000",
      "cost_price_amount": null,
      "preorder_quantity_threshold": null
    }
  },
  {
    "model": "product.productvariantchannellisting",
    "pk": 231,
    "fields": {
      "variant": 329,
      "channel": 2,
      "currency": "PLN",
      "price_amount": "240.000",
      "cost_price_amount": null,
      "preorder_quantity_threshold": null
    }
  },
  {
    "model": "product.productvariantchannellisting",
    "pk": 232,
    "fields": {
      "variant": 330,
      "channel": 2,
      "currency": "PLN",
      "price_amount": "240.000",
      "cost_price_amount": null,
      "preorder_quantity_threshold": null
    }
  },
  {
    "model": "product.productvariantchannellisting",
    "pk": 233,
    "fields": {
      "variant": 331,
      "channel": 2,
      "currency": "PLN",
      "price_amount": "240.000",
      "cost_price_amount": null,
      "preorder_quantity_threshold": null
    }
  },
  {
    "model": "product.productvariantchannellisting",
    "pk": 234,
    "fields": {
      "variant": 326,
      "channel": 1,
      "currency": "USD",
      "price_amount": "80.000",
      "cost_price_amount": null,
      "preorder_quantity_threshold": null
    }
  },
  {
    "model": "product.productvariantchannellisting",
    "pk": 235,
    "fields": {
      "variant": 327,
      "channel": 1,
      "currency": "USD",
      "price_amount": "80.000",
      "cost_price_amount": null,
      "preorder_quantity_threshold": null
    }
  },
  {
    "model": "product.productvariantchannellisting",
    "pk": 236,
    "fields": {
      "variant": 328,
      "channel": 1,
      "currency": "USD",
      "price_amount": "80.000",
      "cost_price_amount": null,
      "preorder_quantity_threshold": null
    }
  },
  {
    "model": "product.productvariantchannellisting",
    "pk": 237,
    "fields": {
      "variant": 329,
      "channel": 1,
      "currency": "USD",
      "price_amount": "80.000",
      "cost_price_amount": null,
      "preorder_quantity_threshold": null
    }
  },
  {
    "model": "product.productvariantchannellisting",
    "pk": 238,
    "fields": {
      "variant": 330,
      "channel": 1,
      "currency": "USD",
      "price_amount": "80.000",
      "cost_price_amount": null,
      "preorder_quantity_threshold": null
    }
  },
  {
    "model": "product.productvariantchannellisting",
    "pk": 239,
    "fields": {
      "variant": 331,
      "channel": 1,
      "currency": "USD",
      "price_amount": "80.000",
      "cost_price_amount": null,
      "preorder_quantity_threshold": null
    }
  },
  {
    "model": "product.productvariantchannellisting",
    "pk": 240,
    "fields": {
      "variant": 332,
      "channel": 2,
      "currency": "PLN",
      "price_amount": "230.000",
      "cost_price_amount": null,
      "preorder_quantity_threshold": null
    }
  },
  {
    "model": "product.productvariantchannellisting",
    "pk": 241,
    "fields": {
      "variant": 332,
      "channel": 1,
      "currency": "USD",
      "price_amount": "75.000",
      "cost_price_amount": null,
      "preorder_quantity_threshold": null
    }
  },
  {
    "model": "product.productvariantchannellisting",
    "pk": 242,
    "fields": {
      "variant": 333,
      "channel": 2,
      "currency": "PLN",
      "price_amount": "230.000",
      "cost_price_amount": null,
      "preorder_quantity_threshold": null
    }
  },
  {
    "model": "product.productvariantchannellisting",
    "pk": 243,
    "fields": {
      "variant": 333,
      "channel": 1,
      "currency": "USD",
      "price_amount": "75.000",
      "cost_price_amount": null,
      "preorder_quantity_threshold": null
    }
  },
  {
    "model": "product.productvariantchannellisting",
    "pk": 244,
    "fields": {
      "variant": 334,
      "channel": 2,
      "currency": "PLN",
      "price_amount": "230.000",
      "cost_price_amount": null,
      "preorder_quantity_threshold": null
    }
  },
  {
    "model": "product.productvariantchannellisting",
    "pk": 245,
    "fields": {
      "variant": 334,
      "channel": 1,
      "currency": "USD",
      "price_amount": "75.000",
      "cost_price_amount": null,
      "preorder_quantity_threshold": null
    }
  },
  {
    "model": "product.productvariantchannellisting",
    "pk": 246,
    "fields": {
      "variant": 335,
      "channel": 2,
      "currency": "PLN",
      "price_amount": "420.000",
      "cost_price_amount": null,
      "preorder_quantity_threshold": null
    }
  },
  {
    "model": "product.productvariantchannellisting",
    "pk": 247,
    "fields": {
      "variant": 335,
      "channel": 1,
      "currency": "USD",
      "price_amount": "90.000",
      "cost_price_amount": null,
      "preorder_quantity_threshold": null
    }
  },
  {
    "model": "product.productvariantchannellisting",
    "pk": 248,
    "fields": {
      "variant": 336,
      "channel": 2,
      "currency": "PLN",
      "price_amount": "420.000",
      "cost_price_amount": null,
      "preorder_quantity_threshold": null
    }
  },
  {
    "model": "product.productvariantchannellisting",
    "pk": 249,
    "fields": {
      "variant": 336,
      "channel": 1,
      "currency": "USD",
      "price_amount": "90.000",
      "cost_price_amount": null,
      "preorder_quantity_threshold": null
    }
  },
  {
    "model": "product.productvariantchannellisting",
    "pk": 250,
    "fields": {
      "variant": 337,
      "channel": 2,
      "currency": "PLN",
      "price_amount": "420.000",
      "cost_price_amount": null,
      "preorder_quantity_threshold": null
    }
  },
  {
    "model": "product.productvariantchannellisting",
    "pk": 251,
    "fields": {
      "variant": 337,
      "channel": 1,
      "currency": "USD",
      "price_amount": "90.000",
      "cost_price_amount": null,
      "preorder_quantity_threshold": null
    }
  },
  {
    "model": "product.productvariantchannellisting",
    "pk": 252,
    "fields": {
      "variant": 338,
      "channel": 2,
      "currency": "PLN",
      "price_amount": "420.000",
      "cost_price_amount": null,
      "preorder_quantity_threshold": null
    }
  },
  {
    "model": "product.productvariantchannellisting",
    "pk": 253,
    "fields": {
      "variant": 338,
      "channel": 1,
      "currency": "USD",
      "price_amount": "90.000",
      "cost_price_amount": null,
      "preorder_quantity_threshold": null
    }
  },
  {
    "model": "product.productvariantchannellisting",
    "pk": 254,
    "fields": {
      "variant": 339,
      "channel": 2,
      "currency": "PLN",
      "price_amount": "420.000",
      "cost_price_amount": null,
      "preorder_quantity_threshold": null
    }
  },
  {
    "model": "product.productvariantchannellisting",
    "pk": 255,
    "fields": {
      "variant": 339,
      "channel": 1,
      "currency": "USD",
      "price_amount": "90.000",
      "cost_price_amount": null,
      "preorder_quantity_threshold": null
    }
  },
  {
    "model": "product.productvariantchannellisting",
    "pk": 256,
    "fields": {
      "variant": 340,
      "channel": 2,
      "currency": "PLN",
      "price_amount": "209.960",
      "cost_price_amount": null,
      "preorder_quantity_threshold": null
    }
  },
  {
    "model": "product.productvariantchannellisting",
    "pk": 257,
    "fields": {
      "variant": 340,
      "channel": 1,
      "currency": "USD",
      "price_amount": "50.000",
      "cost_price_amount": null,
      "preorder_quantity_threshold": null
    }
  },
  {
    "model": "product.productvariantchannellisting",
    "pk": 258,
    "fields": {
      "variant": 341,
      "channel": 2,
      "currency": "PLN",
      "price_amount": "209.960",
      "cost_price_amount": null,
      "preorder_quantity_threshold": null
    }
  },
  {
    "model": "product.productvariantchannellisting",
    "pk": 259,
    "fields": {
      "variant": 341,
      "channel": 1,
      "currency": "USD",
      "price_amount": "50.000",
      "cost_price_amount": null,
      "preorder_quantity_threshold": null
    }
  },
  {
    "model": "product.productvariantchannellisting",
    "pk": 260,
    "fields": {
      "variant": 342,
      "channel": 2,
      "currency": "PLN",
      "price_amount": "209.960",
      "cost_price_amount": null,
      "preorder_quantity_threshold": null
    }
  },
  {
    "model": "product.productvariantchannellisting",
    "pk": 261,
    "fields": {
      "variant": 342,
      "channel": 1,
      "currency": "USD",
      "price_amount": "50.000",
      "cost_price_amount": null,
      "preorder_quantity_threshold": null
    }
  },
  {
    "model": "product.productvariantchannellisting",
    "pk": 262,
    "fields": {
      "variant": 343,
      "channel": 2,
      "currency": "PLN",
      "price_amount": "209.960",
      "cost_price_amount": null,
      "preorder_quantity_threshold": null
    }
  },
  {
    "model": "product.productvariantchannellisting",
    "pk": 263,
    "fields": {
      "variant": 343,
      "channel": 1,
      "currency": "USD",
      "price_amount": "50.000",
      "cost_price_amount": null,
      "preorder_quantity_threshold": null
    }
  },
  {
    "model": "product.productvariantchannellisting",
    "pk": 264,
    "fields": {
      "variant": 344,
      "channel": 2,
      "currency": "PLN",
      "price_amount": "209.960",
      "cost_price_amount": null,
      "preorder_quantity_threshold": null
    }
  },
  {
    "model": "product.productvariantchannellisting",
    "pk": 265,
    "fields": {
      "variant": 344,
      "channel": 1,
      "currency": "USD",
      "price_amount": "50.000",
      "cost_price_amount": null,
      "preorder_quantity_threshold": null
    }
  },
  {
    "model": "product.productvariantchannellisting",
    "pk": 266,
    "fields": {
      "variant": 345,
      "channel": 2,
      "currency": "PLN",
      "price_amount": "100.000",
      "cost_price_amount": null,
      "preorder_quantity_threshold": null
    }
  },
  {
    "model": "product.productvariantchannellisting",
    "pk": 267,
    "fields": {
      "variant": 345,
      "channel": 1,
      "currency": "USD",
      "price_amount": "30.000",
      "cost_price_amount": null,
      "preorder_quantity_threshold": null
    }
  },
  {
    "model": "product.productvariantchannellisting",
    "pk": 268,
    "fields": {
      "variant": 346,
      "channel": 2,
      "currency": "PLN",
      "price_amount": "120.000",
      "cost_price_amount": null,
      "preorder_quantity_threshold": null
    }
  },
  {
    "model": "product.productvariantchannellisting",
    "pk": 269,
    "fields": {
      "variant": 346,
      "channel": 1,
      "currency": "USD",
      "price_amount": "35.000",
      "cost_price_amount": null,
      "preorder_quantity_threshold": null
    }
  },
  {
    "model": "product.productvariantchannellisting",
    "pk": 270,
    "fields": {
      "variant": 347,
      "channel": 2,
      "currency": "PLN",
      "price_amount": "120.000",
      "cost_price_amount": null,
      "preorder_quantity_threshold": null
    }
  },
  {
    "model": "product.productvariantchannellisting",
    "pk": 271,
    "fields": {
      "variant": 347,
      "channel": 1,
      "currency": "USD",
      "price_amount": "35.000",
      "cost_price_amount": null,
      "preorder_quantity_threshold": null
    }
  },
  {
    "model": "product.productvariantchannellisting",
    "pk": 272,
    "fields": {
      "variant": 348,
      "channel": 2,
      "currency": "PLN",
      "price_amount": "90.000",
      "cost_price_amount": null,
      "preorder_quantity_threshold": null
    }
  },
  {
    "model": "product.productvariantchannellisting",
    "pk": 273,
    "fields": {
      "variant": 348,
      "channel": 1,
      "currency": "USD",
      "price_amount": "20.000",
      "cost_price_amount": null,
      "preorder_quantity_threshold": null
    }
  },
  {
    "model": "product.productvariantchannellisting",
    "pk": 274,
    "fields": {
      "variant": 349,
      "channel": 2,
      "currency": "PLN",
      "price_amount": "90.000",
      "cost_price_amount": null,
      "preorder_quantity_threshold": null
    }
  },
  {
    "model": "product.productvariantchannellisting",
    "pk": 275,
    "fields": {
      "variant": 349,
      "channel": 1,
      "currency": "USD",
      "price_amount": "20.000",
      "cost_price_amount": null,
      "preorder_quantity_threshold": null
    }
  },
  {
    "model": "product.productvariantchannellisting",
    "pk": 276,
    "fields": {
      "variant": 350,
      "channel": 2,
      "currency": "PLN",
      "price_amount": "90.000",
      "cost_price_amount": null,
      "preorder_quantity_threshold": null
    }
  },
  {
    "model": "product.productvariantchannellisting",
    "pk": 277,
    "fields": {
      "variant": 350,
      "channel": 1,
      "currency": "USD",
      "price_amount": "20.000",
      "cost_price_amount": null,
      "preorder_quantity_threshold": null
    }
  },
  {
    "model": "product.productvariantchannellisting",
    "pk": 278,
    "fields": {
      "variant": 351,
      "channel": 2,
      "currency": "PLN",
      "price_amount": "90.000",
      "cost_price_amount": null,
      "preorder_quantity_threshold": null
    }
  },
  {
    "model": "product.productvariantchannellisting",
    "pk": 279,
    "fields": {
      "variant": 351,
      "channel": 1,
      "currency": "USD",
      "price_amount": "20.000",
      "cost_price_amount": null,
      "preorder_quantity_threshold": null
    }
  },
  {
    "model": "product.productvariantchannellisting",
    "pk": 280,
    "fields": {
      "variant": 352,
      "channel": 2,
      "currency": "PLN",
      "price_amount": "90.000",
      "cost_price_amount": null,
      "preorder_quantity_threshold": null
    }
  },
  {
    "model": "product.productvariantchannellisting",
    "pk": 281,
    "fields": {
      "variant": 352,
      "channel": 1,
      "currency": "USD",
      "price_amount": "20.000",
      "cost_price_amount": null,
      "preorder_quantity_threshold": null
    }
  },
  {
    "model": "product.productvariantchannellisting",
    "pk": 282,
    "fields": {
      "variant": 353,
      "channel": 2,
      "currency": "PLN",
      "price_amount": "200.000",
      "cost_price_amount": null,
      "preorder_quantity_threshold": null
    }
  },
  {
    "model": "product.productvariantchannellisting",
    "pk": 283,
    "fields": {
      "variant": 353,
      "channel": 1,
      "currency": "USD",
      "price_amount": "40.000",
      "cost_price_amount": null,
      "preorder_quantity_threshold": null
    }
  },
  {
    "model": "product.productvariantchannellisting",
    "pk": 284,
    "fields": {
      "variant": 354,
      "channel": 2,
      "currency": "PLN",
      "price_amount": "200.000",
      "cost_price_amount": null,
      "preorder_quantity_threshold": null
    }
  },
  {
    "model": "product.productvariantchannellisting",
    "pk": 285,
    "fields": {
      "variant": 354,
      "channel": 1,
      "currency": "USD",
      "price_amount": "40.000",
      "cost_price_amount": null,
      "preorder_quantity_threshold": null
    }
  },
  {
    "model": "product.productvariantchannellisting",
    "pk": 286,
    "fields": {
      "variant": 355,
      "channel": 2,
      "currency": "PLN",
      "price_amount": "200.000",
      "cost_price_amount": null,
      "preorder_quantity_threshold": null
    }
  },
  {
    "model": "product.productvariantchannellisting",
    "pk": 287,
    "fields": {
      "variant": 355,
      "channel": 1,
      "currency": "USD",
      "price_amount": "40.000",
      "cost_price_amount": null,
      "preorder_quantity_threshold": null
    }
  },
  {
    "model": "product.productvariantchannellisting",
    "pk": 288,
    "fields": {
      "variant": 356,
      "channel": 2,
      "currency": "PLN",
      "price_amount": "200.000",
      "cost_price_amount": null,
      "preorder_quantity_threshold": null
    }
  },
  {
    "model": "product.productvariantchannellisting",
    "pk": 289,
    "fields": {
      "variant": 356,
      "channel": 1,
      "currency": "USD",
      "price_amount": "40.000",
      "cost_price_amount": null,
      "preorder_quantity_threshold": null
    }
  },
  {
    "model": "product.productvariantchannellisting",
    "pk": 290,
    "fields": {
      "variant": 357,
      "channel": 2,
      "currency": "PLN",
      "price_amount": "200.000",
      "cost_price_amount": null,
      "preorder_quantity_threshold": null
    }
  },
  {
    "model": "product.productvariantchannellisting",
    "pk": 291,
    "fields": {
      "variant": 357,
      "channel": 1,
      "currency": "USD",
      "price_amount": "40.000",
      "cost_price_amount": null,
      "preorder_quantity_threshold": null
    }
  },
  {
    "model": "product.productvariantchannellisting",
    "pk": 292,
    "fields": {
      "variant": 358,
      "channel": 2,
      "currency": "PLN",
      "price_amount": "150.000",
      "cost_price_amount": null,
      "preorder_quantity_threshold": null
    }
  },
  {
    "model": "product.productvariantchannellisting",
    "pk": 293,
    "fields": {
      "variant": 358,
      "channel": 1,
      "currency": "USD",
      "price_amount": "45.000",
      "cost_price_amount": null,
      "preorder_quantity_threshold": null
    }
  },
  {
    "model": "product.productvariantchannellisting",
    "pk": 294,
    "fields": {
      "variant": 359,
      "channel": 2,
      "currency": "PLN",
      "price_amount": "150.000",
      "cost_price_amount": null,
      "preorder_quantity_threshold": null
    }
  },
  {
    "model": "product.productvariantchannellisting",
    "pk": 295,
    "fields": {
      "variant": 359,
      "channel": 1,
      "currency": "USD",
      "price_amount": "45.000",
      "cost_price_amount": null,
      "preorder_quantity_threshold": null
    }
  },
  {
    "model": "product.productvariantchannellisting",
    "pk": 296,
    "fields": {
      "variant": 360,
      "channel": 2,
      "currency": "PLN",
      "price_amount": "150.000",
      "cost_price_amount": null,
      "preorder_quantity_threshold": null
    }
  },
  {
    "model": "product.productvariantchannellisting",
    "pk": 297,
    "fields": {
      "variant": 360,
      "channel": 1,
      "currency": "USD",
      "price_amount": "45.000",
      "cost_price_amount": null,
      "preorder_quantity_threshold": null
    }
  },
  {
    "model": "product.productvariantchannellisting",
    "pk": 298,
    "fields": {
      "variant": 361,
      "channel": 2,
      "currency": "PLN",
      "price_amount": "150.000",
      "cost_price_amount": null,
      "preorder_quantity_threshold": null
    }
  },
  {
    "model": "product.productvariantchannellisting",
    "pk": 299,
    "fields": {
      "variant": 361,
      "channel": 1,
      "currency": "USD",
      "price_amount": "45.000",
      "cost_price_amount": null,
      "preorder_quantity_threshold": null
    }
  },
  {
    "model": "product.productvariantchannellisting",
    "pk": 300,
    "fields": {
      "variant": 362,
      "channel": 2,
      "currency": "PLN",
      "price_amount": "150.000",
      "cost_price_amount": null,
      "preorder_quantity_threshold": null
    }
  },
  {
    "model": "product.productvariantchannellisting",
    "pk": 301,
    "fields": {
      "variant": 362,
      "channel": 1,
      "currency": "USD",
      "price_amount": "45.000",
      "cost_price_amount": null,
      "preorder_quantity_threshold": null
    }
  },
  {
    "model": "product.productvariantchannellisting",
    "pk": 302,
    "fields": {
      "variant": 363,
      "channel": 2,
      "currency": "PLN",
      "price_amount": "150.000",
      "cost_price_amount": null,
      "preorder_quantity_threshold": null
    }
  },
  {
    "model": "product.productvariantchannellisting",
    "pk": 303,
    "fields": {
      "variant": 363,
      "channel": 1,
      "currency": "USD",
      "price_amount": "45.000",
      "cost_price_amount": null,
      "preorder_quantity_threshold": null
    }
  },
  {
    "model": "product.productvariantchannellisting",
    "pk": 304,
    "fields": {
      "variant": 364,
      "channel": 2,
      "currency": "PLN",
      "price_amount": "150.000",
      "cost_price_amount": null,
      "preorder_quantity_threshold": null
    }
  },
  {
    "model": "product.productvariantchannellisting",
    "pk": 305,
    "fields": {
      "variant": 364,
      "channel": 1,
      "currency": "USD",
      "price_amount": "45.000",
      "cost_price_amount": null,
      "preorder_quantity_threshold": null
    }
  },
  {
    "model": "product.productvariantchannellisting",
    "pk": 306,
    "fields": {
      "variant": 365,
      "channel": 2,
      "currency": "PLN",
      "price_amount": "150.000",
      "cost_price_amount": null,
      "preorder_quantity_threshold": null
    }
  },
  {
    "model": "product.productvariantchannellisting",
    "pk": 307,
    "fields": {
      "variant": 365,
      "channel": 1,
      "currency": "USD",
      "price_amount": "45.000",
      "cost_price_amount": null,
      "preorder_quantity_threshold": null
    }
  },
  {
    "model": "product.productvariantchannellisting",
    "pk": 308,
    "fields": {
      "variant": 366,
      "channel": 2,
      "currency": "PLN",
      "price_amount": "150.000",
      "cost_price_amount": null,
      "preorder_quantity_threshold": null
    }
  },
  {
    "model": "product.productvariantchannellisting",
    "pk": 309,
    "fields": {
      "variant": 366,
      "channel": 1,
      "currency": "USD",
      "price_amount": "45.000",
      "cost_price_amount": null,
      "preorder_quantity_threshold": null
    }
  },
  {
    "model": "product.productvariantchannellisting",
    "pk": 312,
    "fields": {
      "variant": 368,
      "channel": 2,
      "currency": "PLN",
      "price_amount": "50.000",
      "cost_price_amount": null,
      "preorder_quantity_threshold": null
    }
  },
  {
    "model": "product.productvariantchannellisting",
    "pk": 313,
    "fields": {
      "variant": 368,
      "channel": 1,
      "currency": "USD",
      "price_amount": "10.000",
      "cost_price_amount": null,
      "preorder_quantity_threshold": null
    }
  },
  {
    "model": "product.productvariantchannellisting",
    "pk": 316,
    "fields": {
      "variant": 370,
      "channel": 2,
      "currency": "PLN",
      "price_amount": "90.000",
      "cost_price_amount": null,
      "preorder_quantity_threshold": null
    }
  },
  {
    "model": "product.productvariantchannellisting",
    "pk": 317,
    "fields": {
      "variant": 370,
      "channel": 1,
      "currency": "USD",
      "price_amount": "20.000",
      "cost_price_amount": null,
      "preorder_quantity_threshold": null
    }
  },
  {
    "model": "product.productvariantchannellisting",
    "pk": 318,
    "fields": {
      "variant": 371,
      "channel": 2,
      "currency": "PLN",
      "price_amount": "60.000",
      "cost_price_amount": null,
      "preorder_quantity_threshold": null
    }
  },
  {
    "model": "product.productvariantchannellisting",
    "pk": 319,
    "fields": {
      "variant": 371,
      "channel": 1,
      "currency": "USD",
      "price_amount": "15.000",
      "cost_price_amount": null,
      "preorder_quantity_threshold": null
    }
  },
  {
    "model": "product.productvariantchannellisting",
    "pk": 320,
    "fields": {
      "variant": 372,
      "channel": 2,
      "currency": "PLN",
      "price_amount": "45.000",
      "cost_price_amount": null,
      "preorder_quantity_threshold": null
    }
  },
  {
    "model": "product.productvariantchannellisting",
    "pk": 321,
    "fields": {
      "variant": 372,
      "channel": 1,
      "currency": "USD",
      "price_amount": "10.000",
      "cost_price_amount": null,
      "preorder_quantity_threshold": null
    }
  },
  {
    "model": "product.productvariantchannellisting",
    "pk": 322,
    "fields": {
      "variant": 373,
      "channel": 2,
      "currency": "PLN",
      "price_amount": "45.000",
      "cost_price_amount": null,
      "preorder_quantity_threshold": null
    }
  },
  {
    "model": "product.productvariantchannellisting",
    "pk": 323,
    "fields": {
      "variant": 373,
      "channel": 1,
      "currency": "USD",
      "price_amount": "10.000",
      "cost_price_amount": null,
      "preorder_quantity_threshold": null
    }
  },
  {
    "model": "product.productvariantchannellisting",
    "pk": 324,
    "fields": {
      "variant": 374,
      "channel": 2,
      "currency": "PLN",
      "price_amount": "45.000",
      "cost_price_amount": null,
      "preorder_quantity_threshold": null
    }
  },
  {
    "model": "product.productvariantchannellisting",
    "pk": 325,
    "fields": {
      "variant": 374,
      "channel": 1,
      "currency": "USD",
      "price_amount": "10.000",
      "cost_price_amount": null,
      "preorder_quantity_threshold": null
    }
  },
  {
    "model": "product.productvariantchannellisting",
    "pk": 326,
    "fields": {
      "variant": 375,
      "channel": 2,
      "currency": "PLN",
      "price_amount": "29.990",
      "cost_price_amount": null,
      "preorder_quantity_threshold": null
    }
  },
  {
    "model": "product.productvariantchannellisting",
    "pk": 327,
    "fields": {
      "variant": 375,
      "channel": 1,
      "currency": "USD",
      "price_amount": "8.990",
      "cost_price_amount": null,
      "preorder_quantity_threshold": null
    }
  },
  {
    "model": "product.productvariantchannellisting",
    "pk": 328,
    "fields": {
      "variant": 376,
      "channel": 2,
      "currency": "PLN",
      "price_amount": "29.990",
      "cost_price_amount": null,
      "preorder_quantity_threshold": null
    }
  },
  {
    "model": "product.productvariantchannellisting",
    "pk": 329,
    "fields": {
      "variant": 376,
      "channel": 1,
      "currency": "USD",
      "price_amount": "8.990",
      "cost_price_amount": null,
      "preorder_quantity_threshold": null
    }
  },
  {
    "model": "product.productvariantchannellisting",
    "pk": 330,
    "fields": {
      "variant": 377,
      "channel": 2,
      "currency": "PLN",
      "price_amount": "29.990",
      "cost_price_amount": null,
      "preorder_quantity_threshold": null
    }
  },
  {
    "model": "product.productvariantchannellisting",
    "pk": 331,
    "fields": {
      "variant": 377,
      "channel": 1,
      "currency": "USD",
      "price_amount": "8.990",
      "cost_price_amount": null,
      "preorder_quantity_threshold": null
    }
  },
  {
    "model": "product.productvariantchannellisting",
    "pk": 332,
    "fields": {
      "variant": 378,
      "channel": 2,
      "currency": "PLN",
      "price_amount": "29.990",
      "cost_price_amount": null,
      "preorder_quantity_threshold": null
    }
  },
  {
    "model": "product.productvariantchannellisting",
    "pk": 333,
    "fields": {
      "variant": 378,
      "channel": 1,
      "currency": "USD",
      "price_amount": "8.990",
      "cost_price_amount": null,
      "preorder_quantity_threshold": null
    }
  },
  {
    "model": "product.productvariantchannellisting",
    "pk": 334,
    "fields": {
      "variant": 379,
      "channel": 2,
      "currency": "PLN",
      "price_amount": "9.990",
      "cost_price_amount": null,
      "preorder_quantity_threshold": null
    }
  },
  {
    "model": "product.productvariantchannellisting",
    "pk": 335,
    "fields": {
      "variant": 379,
      "channel": 1,
      "currency": "USD",
      "price_amount": "2.000",
      "cost_price_amount": null,
      "preorder_quantity_threshold": null
    }
  },
  {
    "model": "product.productvariantchannellisting",
    "pk": 336,
    "fields": {
      "variant": 380,
      "channel": 2,
      "currency": "PLN",
      "price_amount": "9.990",
      "cost_price_amount": null,
      "preorder_quantity_threshold": null
    }
  },
  {
    "model": "product.productvariantchannellisting",
    "pk": 337,
    "fields": {
      "variant": 380,
      "channel": 1,
      "currency": "USD",
      "price_amount": "2.000",
      "cost_price_amount": null,
      "preorder_quantity_threshold": null
    }
  },
  {
    "model": "product.productvariantchannellisting",
    "pk": 338,
    "fields": {
      "variant": 382,
      "channel": 2,
      "currency": "PLN",
      "price_amount": "29.990",
      "cost_price_amount": null,
      "preorder_quantity_threshold": null
    }
  },
  {
    "model": "product.productvariantchannellisting",
    "pk": 339,
    "fields": {
      "variant": 382,
      "channel": 1,
      "currency": "USD",
      "price_amount": "11.990",
      "cost_price_amount": null,
      "preorder_quantity_threshold": null
    }
  },
  {
    "model": "product.productvariantchannellisting",
    "pk": 340,
    "fields": {
      "variant": 383,
      "channel": 2,
      "currency": "PLN",
      "price_amount": "70.000",
      "cost_price_amount": null,
      "preorder_quantity_threshold": null
    }
  },
  {
    "model": "product.productvariantchannellisting",
    "pk": 341,
    "fields": {
      "variant": 383,
      "channel": 1,
      "currency": "USD",
      "price_amount": "18.000",
      "cost_price_amount": null,
      "preorder_quantity_threshold": null
    }
  },
  {
    "model": "product.productvariantchannellisting",
    "pk": 342,
    "fields": {
      "variant": 384,
      "channel": 2,
      "currency": "PLN",
      "price_amount": "5.990",
      "cost_price_amount": null,
      "preorder_quantity_threshold": null
    }
  },
  {
    "model": "product.productvariantchannellisting",
    "pk": 343,
    "fields": {
      "variant": 384,
      "channel": 1,
      "currency": "USD",
      "price_amount": "1.990",
      "cost_price_amount": null,
      "preorder_quantity_threshold": null
    }
  },
  {
    "model": "product.productvariantchannellisting",
    "pk": 344,
    "fields": {
      "variant": 385,
      "channel": 2,
      "currency": "PLN",
      "price_amount": "5.990",
      "cost_price_amount": null,
      "preorder_quantity_threshold": null
    }
  },
  {
    "model": "product.productvariantchannellisting",
    "pk": 345,
    "fields": {
      "variant": 385,
      "channel": 1,
      "currency": "USD",
      "price_amount": "1.990",
      "cost_price_amount": null,
      "preorder_quantity_threshold": null
    }
  },
  {
    "model": "product.productvariantchannellisting",
    "pk": 346,
    "fields": {
      "variant": 386,
      "channel": 2,
      "currency": "PLN",
      "price_amount": "5.990",
      "cost_price_amount": null,
      "preorder_quantity_threshold": null
    }
  },
  {
    "model": "product.productvariantchannellisting",
    "pk": 347,
    "fields": {
      "variant": 386,
      "channel": 1,
      "currency": "USD",
      "price_amount": "1.990",
      "cost_price_amount": null,
      "preorder_quantity_threshold": null
    }
  },
  {
    "model": "product.productvariantchannellisting",
    "pk": 348,
    "fields": {
      "variant": 387,
      "channel": 2,
      "currency": "PLN",
      "price_amount": "5.990",
      "cost_price_amount": null,
      "preorder_quantity_threshold": null
    }
  },
  {
    "model": "product.productvariantchannellisting",
    "pk": 349,
    "fields": {
      "variant": 387,
      "channel": 1,
      "currency": "USD",
      "price_amount": "1.990",
      "cost_price_amount": null,
      "preorder_quantity_threshold": null
    }
  },
  {
    "model": "product.productvariantchannellisting",
    "pk": 350,
    "fields": {
      "variant": 388,
      "channel": 2,
      "currency": "PLN",
      "price_amount": "90.000",
      "cost_price_amount": null,
      "preorder_quantity_threshold": null
    }
  },
  {
    "model": "product.productvariantchannellisting",
    "pk": 351,
    "fields": {
      "variant": 388,
      "channel": 1,
      "currency": "USD",
      "price_amount": "17.000",
      "cost_price_amount": null,
      "preorder_quantity_threshold": null
    }
  },
  {
    "model": "product.productvariantchannellisting",
    "pk": 352,
    "fields": {
      "variant": 389,
      "channel": 2,
      "currency": "PLN",
      "price_amount": "120.000",
      "cost_price_amount": null,
      "preorder_quantity_threshold": null
    }
  },
  {
    "model": "product.productvariantchannellisting",
    "pk": 353,
    "fields": {
      "variant": 389,
      "channel": 1,
      "currency": "USD",
      "price_amount": "25.000",
      "cost_price_amount": null,
      "preorder_quantity_threshold": null
    }
  },
  {
    "model": "product.productvariantchannellisting",
    "pk": 354,
    "fields": {
      "variant": 390,
      "channel": 2,
      "currency": "PLN",
      "price_amount": "120.000",
      "cost_price_amount": null,
      "preorder_quantity_threshold": null
    }
  },
  {
    "model": "product.productvariantchannellisting",
    "pk": 355,
    "fields": {
      "variant": 390,
      "channel": 1,
      "currency": "USD",
      "price_amount": "25.000",
      "cost_price_amount": null,
      "preorder_quantity_threshold": null
    }
  },
  {
    "model": "product.productvariantchannellisting",
    "pk": 356,
    "fields": {
      "variant": 393,
      "channel": 2,
      "currency": "PLN",
      "price_amount": "450.000",
      "cost_price_amount": null,
      "preorder_quantity_threshold": null
    }
  },
  {
    "model": "product.productvariantchannellisting",
    "pk": 357,
    "fields": {
      "variant": 393,
      "channel": 1,
      "currency": "USD",
      "price_amount": "100.000",
      "cost_price_amount": null,
      "preorder_quantity_threshold": null
    }
  },
  {
    "model": "product.productvariantchannellisting",
    "pk": 358,
    "fields": {
      "variant": 394,
      "channel": 2,
      "currency": "PLN",
      "price_amount": "130.000",
      "cost_price_amount": null,
      "preorder_quantity_threshold": null
    }
  },
  {
    "model": "product.productvariantchannellisting",
    "pk": 359,
    "fields": {
      "variant": 394,
      "channel": 1,
      "currency": "USD",
      "price_amount": "30.000",
      "cost_price_amount": null,
      "preorder_quantity_threshold": null
    }
  },
  {
    "model": "product.productvariantchannellisting",
    "pk": 360,
    "fields": {
      "variant": 395,
      "channel": 2,
      "currency": "PLN",
      "price_amount": "130.000",
      "cost_price_amount": null,
      "preorder_quantity_threshold": null
    }
  },
  {
    "model": "product.productvariantchannellisting",
    "pk": 361,
    "fields": {
      "variant": 395,
      "channel": 1,
      "currency": "USD",
      "price_amount": "30.000",
      "cost_price_amount": null,
      "preorder_quantity_threshold": null
    }
  },
  {
    "model": "product.productvariantchannellisting",
    "pk": 362,
    "fields": {
      "variant": 396,
      "channel": 2,
      "currency": "PLN",
      "price_amount": "130.000",
      "cost_price_amount": null,
      "preorder_quantity_threshold": null
    }
  },
  {
    "model": "product.productvariantchannellisting",
    "pk": 363,
    "fields": {
      "variant": 396,
      "channel": 1,
      "currency": "USD",
      "price_amount": "30.000",
      "cost_price_amount": null,
      "preorder_quantity_threshold": null
    }
  },
  {
    "model": "product.productvariantchannellisting",
    "pk": 364,
    "fields": {
      "variant": 397,
      "channel": 2,
      "currency": "PLN",
      "price_amount": "130.000",
      "cost_price_amount": null,
      "preorder_quantity_threshold": null
    }
  },
  {
    "model": "product.productvariantchannellisting",
    "pk": 365,
    "fields": {
      "variant": 397,
      "channel": 1,
      "currency": "USD",
      "price_amount": "30.000",
      "cost_price_amount": null,
      "preorder_quantity_threshold": null
    }
  },
  {
    "model": "product.productvariantchannellisting",
    "pk": 366,
    "fields": {
      "variant": 398,
      "channel": 2,
      "currency": "PLN",
      "price_amount": "130.000",
      "cost_price_amount": null,
      "preorder_quantity_threshold": null
    }
  },
  {
    "model": "product.productvariantchannellisting",
    "pk": 367,
    "fields": {
      "variant": 398,
      "channel": 1,
      "currency": "USD",
      "price_amount": "30.000",
      "cost_price_amount": null,
      "preorder_quantity_threshold": null
    }
  },
  {
    "model": "product.productvariantchannellisting",
    "pk": 368,
    "fields": {
      "variant": 399,
      "channel": 2,
      "currency": "PLN",
      "price_amount": "230.000",
      "cost_price_amount": null,
      "preorder_quantity_threshold": null
    }
  },
  {
    "model": "product.productvariantchannellisting",
    "pk": 369,
    "fields": {
      "variant": 399,
      "channel": 1,
      "currency": "USD",
      "price_amount": "50.000",
      "cost_price_amount": null,
      "preorder_quantity_threshold": null
    }
  },
  {
    "model": "product.productvariantchannellisting",
    "pk": 370,
    "fields": {
      "variant": 400,
      "channel": 2,
      "currency": "PLN",
      "price_amount": "2300.000",
      "cost_price_amount": null,
      "preorder_quantity_threshold": null
    }
  },
  {
    "model": "product.productvariantchannellisting",
    "pk": 371,
    "fields": {
      "variant": 400,
      "channel": 1,
      "currency": "USD",
      "price_amount": "500.000",
      "cost_price_amount": null,
      "preorder_quantity_threshold": null
    }
  },
  {
    "model": "product.productvariantchannellisting",
    "pk": 372,
    "fields": {
      "variant": 401,
      "channel": 2,
      "currency": "PLN",
      "price_amount": "230.000",
      "cost_price_amount": null,
      "preorder_quantity_threshold": null
    }
  },
  {
    "model": "product.productvariantchannellisting",
    "pk": 373,
    "fields": {
      "variant": 401,
      "channel": 1,
      "currency": "USD",
      "price_amount": "50.000",
      "cost_price_amount": null,
      "preorder_quantity_threshold": null
    }
  },
  {
    "model": "product.productmedia",
    "pk": 291,
    "fields": {
      "sort_order": 1,
      "product": 127,
      "image": "products/white-plimsolls-1_89b84f81.png",
      "ppoi": "0.5x0.5",
      "alt": "",
      "type": "IMAGE",
      "external_url": null,
      "oembed_data": {},
      "to_remove": false
    }
  },
  {
    "model": "product.productmedia",
    "pk": 292,
    "fields": {
      "sort_order": 2,
      "product": 127,
      "image": "products/white-plimsolls-4_5be43acb.png",
      "ppoi": "0.5x0.5",
      "alt": "",
      "type": "IMAGE",
      "external_url": null,
      "oembed_data": {},
      "to_remove": false
    }
  },
  {
    "model": "product.productmedia",
    "pk": 293,
    "fields": {
      "sort_order": 3,
      "product": 127,
      "image": "products/white-plimsolls-3_1ca670b6.png",
      "ppoi": "0.5x0.5",
      "alt": "",
      "type": "IMAGE",
      "external_url": null,
      "oembed_data": {},
      "to_remove": false
    }
  },
  {
    "model": "product.productmedia",
    "pk": 294,
    "fields": {
      "sort_order": 0,
      "product": 127,
      "image": "products/white-plimsolls-2_0d32e6cd.png",
      "ppoi": "0.5x0.5",
      "alt": "",
      "type": "IMAGE",
      "external_url": null,
      "oembed_data": {},
      "to_remove": false
    }
  },
  {
    "model": "product.productmedia",
    "pk": 295,
    "fields": {
      "sort_order": 2,
      "product": 128,
      "image": "products/blue-plimsolls-4_a736db7c.png",
      "ppoi": "0.5x0.5",
      "alt": "",
      "type": "IMAGE",
      "external_url": null,
      "oembed_data": {},
      "to_remove": false
    }
  },
  {
    "model": "product.productmedia",
    "pk": 296,
    "fields": {
      "sort_order": 3,
      "product": 128,
      "image": "products/blue-plimsolls-3_33357cf1.png",
      "ppoi": "0.5x0.5",
      "alt": "",
      "type": "IMAGE",
      "external_url": null,
      "oembed_data": {},
      "to_remove": false
    }
  },
  {
    "model": "product.productmedia",
    "pk": 297,
    "fields": {
      "sort_order": 1,
      "product": 128,
      "image": "products/blue-plimsolls-2_41772a01.png",
      "ppoi": "0.5x0.5",
      "alt": "",
      "type": "IMAGE",
      "external_url": null,
      "oembed_data": {},
      "to_remove": false
    }
  },
  {
    "model": "product.productmedia",
    "pk": 298,
    "fields": {
      "sort_order": 0,
      "product": 128,
      "image": "products/blue-plimsolls-1_faee630a.png",
      "ppoi": "0.5x0.5",
      "alt": "",
      "type": "IMAGE",
      "external_url": null,
      "oembed_data": {},
      "to_remove": false
    }
  },
  {
    "model": "product.productmedia",
    "pk": 299,
    "fields": {
      "sort_order": 1,
      "product": 129,
      "image": "products/dash-force-2_a2967ead.png",
      "ppoi": "0.5x0.5",
      "alt": "",
      "type": "IMAGE",
      "external_url": null,
      "oembed_data": {},
      "to_remove": false
    }
  },
  {
    "model": "product.productmedia",
    "pk": 300,
    "fields": {
      "sort_order": 0,
      "product": 129,
      "image": "products/dash-force-1_8e457aea.png",
      "ppoi": "0.5x0.5",
      "alt": "",
      "type": "IMAGE",
      "external_url": null,
      "oembed_data": {},
      "to_remove": false
    }
  },
  {
    "model": "product.productmedia",
    "pk": 301,
    "fields": {
      "sort_order": 1,
      "product": 130,
      "image": "products/paul-blanace-420-2_a7e37c20.png",
      "ppoi": "0.5x0.5",
      "alt": "",
      "type": "IMAGE",
      "external_url": null,
      "oembed_data": {},
      "to_remove": false
    }
  },
  {
    "model": "product.productmedia",
    "pk": 302,
    "fields": {
      "sort_order": 0,
      "product": 130,
      "image": "products/paul-balance-420-1_bc781886.png",
      "ppoi": "0.5x0.5",
      "alt": "",
      "type": "IMAGE",
      "external_url": null,
      "oembed_data": {},
      "to_remove": false
    }
  },
  {
    "model": "product.productmedia",
    "pk": 303,
    "fields": {
      "sort_order": 0,
      "product": 131,
      "image": "products/grey-hoodie_a4b54cef.png",
      "ppoi": "0.5x0.5",
      "alt": "",
      "type": "IMAGE",
      "external_url": null,
      "oembed_data": {},
      "to_remove": false
    }
  },
  {
    "model": "product.productmedia",
    "pk": 304,
    "fields": {
      "sort_order": 0,
      "product": 132,
      "image": "products/blue-hoodie_39853ca5.png",
      "ppoi": "0.5x0.5",
      "alt": "",
      "type": "IMAGE",
      "external_url": null,
      "oembed_data": {},
      "to_remove": false
    }
  },
  {
    "model": "product.productmedia",
    "pk": 305,
    "fields": {
      "sort_order": 0,
      "product": 133,
      "image": "products/white-hoodie_0bebcc44.png",
      "ppoi": "0.5x0.5",
      "alt": "",
      "type": "IMAGE",
      "external_url": null,
      "oembed_data": {},
      "to_remove": false
    }
  },
  {
    "model": "product.productmedia",
    "pk": 306,
    "fields": {
      "sort_order": 1,
      "product": 134,
      "image": "products/ascii-shirt-2_90b22406.png",
      "ppoi": "0.5x0.5",
      "alt": "",
      "type": "IMAGE",
      "external_url": null,
      "oembed_data": {},
      "to_remove": false
    }
  },
  {
    "model": "product.productmedia",
    "pk": 307,
    "fields": {
      "sort_order": 0,
      "product": 134,
      "image": "products/ascii-shirt-1_84725100.png",
      "ppoi": "0.5x0.5",
      "alt": "",
      "type": "IMAGE",
      "external_url": null,
      "oembed_data": {},
      "to_remove": false
    }
  },
  {
    "model": "product.productmedia",
    "pk": 308,
    "fields": {
      "sort_order": 1,
      "product": 135,
      "image": "products/dash-shirt-2_961de104.png",
      "ppoi": "0.5x0.5",
      "alt": "",
      "type": "IMAGE",
      "external_url": null,
      "oembed_data": {},
      "to_remove": false
    }
  },
  {
    "model": "product.productmedia",
    "pk": 309,
    "fields": {
      "sort_order": 0,
      "product": 135,
      "image": "products/dash-shirt-1_57989641.png",
      "ppoi": "0.5x0.5",
      "alt": "",
      "type": "IMAGE",
      "external_url": null,
      "oembed_data": {},
      "to_remove": false
    }
  },
  {
    "model": "product.productmedia",
    "pk": 310,
    "fields": {
      "sort_order": 1,
      "product": 136,
      "image": "products/polo-shirt-2_d06e6c66.png",
      "ppoi": "0.5x0.5",
      "alt": "",
      "type": "IMAGE",
      "external_url": null,
      "oembed_data": {},
      "to_remove": false
    }
  },
  {
    "model": "product.productmedia",
    "pk": 311,
    "fields": {
      "sort_order": 0,
      "product": 136,
      "image": "products/polo-shirt-1_afa3edfa.png",
      "ppoi": "0.5x0.5",
      "alt": "",
      "type": "IMAGE",
      "external_url": null,
      "oembed_data": {},
      "to_remove": false
    }
  },
  {
    "model": "product.productmedia",
    "pk": 312,
    "fields": {
      "sort_order": 0,
      "product": 137,
      "image": "products/blue-shirt-1_c56ca56a.png",
      "ppoi": "0.5x0.5",
      "alt": "",
      "type": "IMAGE",
      "external_url": null,
      "oembed_data": {},
      "to_remove": false
    }
  },
  {
    "model": "product.productmedia",
    "pk": 313,
    "fields": {
      "sort_order": 1,
      "product": 137,
      "image": "products/blue-shirt-2_7cc6a9e4.png",
      "ppoi": "0.5x0.5",
      "alt": "",
      "type": "IMAGE",
      "external_url": null,
      "oembed_data": {},
      "to_remove": false
    }
  },
  {
    "model": "product.productmedia",
    "pk": 314,
    "fields": {
      "sort_order": 1,
      "product": 138,
      "image": "products/dark-shirt-2_4f6092c6.png",
      "ppoi": "0.5x0.5",
      "alt": "",
      "type": "IMAGE",
      "external_url": null,
      "oembed_data": {},
      "to_remove": false
    }
  },
  {
    "model": "product.productmedia",
    "pk": 315,
    "fields": {
      "sort_order": 0,
      "product": 138,
      "image": "products/dark-shirt-1_26098e44.png",
      "ppoi": "0.5x0.5",
      "alt": "",
      "type": "IMAGE",
      "external_url": null,
      "oembed_data": {},
      "to_remove": false
    }
  },
  {
    "model": "product.productmedia",
    "pk": 322,
    "fields": {
      "sort_order": 1,
      "product": 141,
      "image": "products/beanie-2_2dff9a07.png",
      "ppoi": "0.5x0.5",
      "alt": "",
      "type": "IMAGE",
      "external_url": null,
      "oembed_data": {},
      "to_remove": false
    }
  },
  {
    "model": "product.productmedia",
    "pk": 323,
    "fields": {
      "sort_order": 0,
      "product": 141,
      "image": "products/beanie-1_01ef6335.png",
      "ppoi": "0.5x0.5",
      "alt": "",
      "type": "IMAGE",
      "external_url": null,
      "oembed_data": {},
      "to_remove": false
    }
  },
  {
    "model": "product.productmedia",
    "pk": 324,
    "fields": {
      "sort_order": 0,
      "product": 143,
      "image": "products/s-mask_9ecddc7d.png",
      "ppoi": "0.5x0.5",
      "alt": "",
      "type": "IMAGE",
      "external_url": null,
      "oembed_data": {},
      "to_remove": false
    }
  },
  {
    "model": "product.productmedia",
    "pk": 325,
    "fields": {
      "sort_order": 0,
      "product": 144,
      "image": "products/sunnies_6e8e5022.png",
      "ppoi": "0.5x0.5",
      "alt": "",
      "type": "IMAGE",
      "external_url": null,
      "oembed_data": {},
      "to_remove": false
    }
  },
  {
    "model": "product.productmedia",
    "pk": 330,
    "fields": {
      "sort_order": 0,
      "product": 150,
      "image": "products/mighty-mug_5f6863c3.png",
      "ppoi": "0.5x0.5",
      "alt": "",
      "type": "IMAGE",
      "external_url": null,
      "oembed_data": {},
      "to_remove": false
    }
  },
  {
    "model": "product.productmedia",
    "pk": 331,
    "fields": {
      "sort_order": 0,
      "product": 151,
      "image": "products/cushion_4795cee5.png",
      "ppoi": "0.5x0.5",
      "alt": "",
      "type": "IMAGE",
      "external_url": null,
      "oembed_data": {},
      "to_remove": false
    }
  },
  {
    "model": "product.productmedia",
    "pk": 337,
    "fields": {
      "sort_order": 0,
      "product": 152,
      "image": "products/apple-drink_60641056.png",
      "ppoi": "0.5x0.5",
      "alt": "",
      "type": "IMAGE",
      "external_url": null,
      "oembed_data": {},
      "to_remove": false
    }
  },
  {
    "model": "product.productmedia",
    "pk": 338,
    "fields": {
      "sort_order": 0,
      "product": 153,
      "image": "products/bean-drink_f79fcbdc.png",
      "ppoi": "0.5x0.5",
      "alt": "",
      "type": "IMAGE",
      "external_url": null,
      "oembed_data": {},
      "to_remove": false
    }
  },
  {
    "model": "product.productmedia",
    "pk": 339,
    "fields": {
      "sort_order": 0,
      "product": 154,
      "image": "products/banana-drink_9b99e517.png",
      "ppoi": "0.5x0.5",
      "alt": "",
      "type": "IMAGE",
      "external_url": null,
      "oembed_data": {},
      "to_remove": false
    }
  },
  {
    "model": "product.productmedia",
    "pk": 340,
    "fields": {
      "sort_order": 0,
      "product": 155,
      "image": "products/carrot-drink_3357831d.png",
      "ppoi": "0.5x0.5",
      "alt": "",
      "type": "IMAGE",
      "external_url": null,
      "oembed_data": {},
      "to_remove": false
    }
  },
  {
    "model": "product.productmedia",
    "pk": 341,
    "fields": {
      "sort_order": 0,
      "product": 156,
      "image": "products/sunnies-dark_caa11cfa.png",
      "ppoi": "0.5x0.5",
      "alt": "",
      "type": "IMAGE",
      "external_url": null,
      "oembed_data": {},
      "to_remove": false
    }
  },
  {
    "model": "product.productmedia",
    "pk": 342,
    "fields": {
      "sort_order": 1,
      "product": 157,
      "image": "products/monotype-white-2_1ee7b6a8.png",
      "ppoi": "0.5x0.5",
      "alt": "",
      "type": "IMAGE",
      "external_url": null,
      "oembed_data": {},
      "to_remove": false
    }
  },
  {
    "model": "product.productmedia",
    "pk": 343,
    "fields": {
      "sort_order": 0,
      "product": 157,
      "image": "products/monotype-white-1_7f8e7c5e.png",
      "ppoi": "0.5x0.5",
      "alt": "",
      "type": "IMAGE",
      "external_url": null,
      "oembed_data": {},
      "to_remove": false
    }
  },
  {
    "model": "product.productmedia",
    "pk": 345,
    "fields": {
      "sort_order": 1,
      "product": 161,
      "image": "products/white_cubics_tee_back_5517f1bd.png",
      "ppoi": "0.5x0.5",
      "alt": "",
      "type": "IMAGE",
      "external_url": null,
      "oembed_data": {},
      "to_remove": false
    }
  },
  {
    "model": "product.productmedia",
    "pk": 346,
    "fields": {
      "sort_order": 0,
      "product": 161,
      "image": "products/white_cubics_tee_76280780.png",
      "ppoi": "0.5x0.5",
      "alt": "",
      "type": "IMAGE",
      "external_url": null,
      "oembed_data": {},
      "to_remove": false
    }
  },
  {
    "model": "product.productmedia",
    "pk": 354,
    "fields": {
      "sort_order": 0,
      "product": 162,
      "image": "products/white-parrot-cushion_291431f9.png",
      "ppoi": "0.5x0.5",
      "alt": "",
      "type": "IMAGE",
      "external_url": null,
      "oembed_data": {},
      "to_remove": false
    }
  },
  {
    "model": "product.productmedia",
    "pk": 355,
    "fields": {
      "sort_order": 0,
      "product": 160,
      "image": "products/gift-100_db57880e.png",
      "ppoi": "0.5x0.5",
      "alt": "",
      "type": "IMAGE",
      "external_url": null,
      "oembed_data": {},
      "to_remove": false
    }
  },
  {
    "model": "product.productmedia",
    "pk": 356,
    "fields": {
      "sort_order": 0,
      "product": 163,
      "image": "products/gift-500_b1f879ef.png",
      "ppoi": "0.5x0.5",
      "alt": "",
      "type": "IMAGE",
      "external_url": null,
      "oembed_data": {},
      "to_remove": false
    }
  },
  {
    "model": "product.productmedia",
    "pk": 357,
    "fields": {
      "sort_order": 0,
      "product": 164,
      "image": "products/gift-50_b0ac8b5a.png",
      "ppoi": "0.5x0.5",
      "alt": "",
      "type": "IMAGE",
      "external_url": null,
      "oembed_data": {},
      "to_remove": false
    }
  },
  {
    "model": "product.productmedia",
    "pk": 358,
    "fields": {
      "sort_order": 0,
      "product": 145,
      "image": "products/saleor-battle-tested-book_db8bf937.png",
      "ppoi": "0.5x0.5",
      "alt": "",
      "type": "IMAGE",
      "external_url": null,
      "oembed_data": {},
      "to_remove": false
    }
  },
  {
    "model": "product.productmedia",
    "pk": 359,
    "fields": {
      "sort_order": 0,
      "product": 146,
      "image": "products/saleor-enterprise-cloud-book_3ac7d9be.png",
      "ppoi": "0.5x0.5",
      "alt": "",
      "type": "IMAGE",
      "external_url": null,
      "oembed_data": {},
      "to_remove": false
    }
  },
  {
    "model": "product.productmedia",
    "pk": 360,
    "fields": {
      "sort_order": 0,
      "product": 126,
      "image": "products/saleor-headless-omnichannel-book_f3d9f1b5.png",
      "ppoi": "0.5x0.5",
      "alt": "",
      "type": "IMAGE",
      "external_url": null,
      "oembed_data": {},
      "to_remove": false
    }
  },
  {
    "model": "product.productmedia",
    "pk": 361,
    "fields": {
      "sort_order": 0,
      "product": 147,
      "image": "products/saleor-own-your-stack-and-data-book_2bb5376f.png",
      "ppoi": "0.5x0.5",
      "alt": "",
      "type": "IMAGE",
      "external_url": null,
      "oembed_data": {},
      "to_remove": false
    }
  },
  {
    "model": "product.collectionproduct",
    "pk": 9,
    "fields": { "sort_order": null, "collection": 4, "product": 150 }
  },
  {
    "model": "product.collectionproduct",
    "pk": 10,
    "fields": { "sort_order": null, "collection": 4, "product": 134 }
  },
  {
    "model": "product.collectionproduct",
    "pk": 11,
    "fields": { "sort_order": null, "collection": 4, "product": 127 }
  },
  {
    "model": "product.collectionproduct",
    "pk": 12,
    "fields": { "sort_order": null, "collection": 5, "product": 128 }
  },
  {
    "model": "product.collectionproduct",
    "pk": 13,
    "fields": { "sort_order": null, "collection": 5, "product": 136 }
  },
  {
    "model": "product.collectionproduct",
    "pk": 14,
    "fields": { "sort_order": null, "collection": 5, "product": 144 }
  },
  {
    "model": "product.collectionproduct",
    "pk": 15,
    "fields": { "sort_order": null, "collection": 4, "product": 161 }
  },
  {
    "model": "product.collectionproduct",
    "pk": 17,
    "fields": { "sort_order": null, "collection": 5, "product": 161 }
  },
  {
    "model": "product.collection",
    "pk": 4,
    "fields": {
      "private_metadata": {},
      "metadata": {},
      "seo_title": "",
      "seo_description": "",
      "name": "Featured Products",
      "slug": "featured-products",
      "background_image": "",
      "background_image_alt": "",
      "description": {
        "time": 1652704228241,
        "blocks": [
          {
            "id": "vSuHF7x1Ph",
            "data": { "text": "Team's favourites" },
            "type": "paragraph"
          }
        ],
        "version": "2.24.3"
      }
    }
  },
  {
    "model": "product.collection",
    "pk": 5,
    "fields": {
      "private_metadata": {},
      "metadata": {},
      "seo_title": "",
      "seo_description": "",
      "name": "Summer Picks",
      "slug": "summer-picks",
      "background_image": "",
      "background_image_alt": "",
      "description": {
        "time": 1652704367895,
        "blocks": [
          {
            "id": "U2Pv1bCoAr",
            "data": { "text": "Get ready for the summer" },
            "type": "paragraph"
          }
        ],
        "version": "2.24.3"
      }
    }
  },
  {
    "model": "product.collectionchannellisting",
    "pk": 7,
    "fields": {
      "published_at": "2022-05-16T00:00:00Z",
      "is_published": true,
      "collection": 4,
      "channel": 2
    }
  },
  {
    "model": "product.collectionchannellisting",
    "pk": 8,
    "fields": {
      "published_at": "2022-05-16T00:00:00Z",
      "is_published": true,
      "collection": 4,
      "channel": 1
    }
  },
  {
    "model": "product.collectionchannellisting",
    "pk": 9,
    "fields": {
      "published_at": "2022-05-16T00:00:00Z",
      "is_published": true,
      "collection": 5,
      "channel": 2
    }
  },
  {
    "model": "product.collectionchannellisting",
    "pk": 10,
    "fields": {
      "published_at": "2022-05-16T00:00:00Z",
      "is_published": true,
      "collection": 5,
      "channel": 1
    }
  },
  {
    "model": "attribute.attribute",
    "pk": 36,
    "fields": {
      "private_metadata": {},
      "metadata": {},
      "slug": "material",
      "name": "Material",
      "type": "product-type",
      "input_type": "dropdown",
      "entity_type": null,
      "unit": null,
      "value_required": true,
      "is_variant_only": false,
      "visible_in_storefront": true,
      "filterable_in_storefront": true,
      "filterable_in_dashboard": true,
      "storefront_search_position": 0,
      "available_in_grid": true
    }
  },
  {
    "model": "attribute.attribute",
    "pk": 37,
    "fields": {
      "private_metadata": {},
      "metadata": {},
      "slug": "shoe-size",
      "name": "Shoe size",
      "type": "product-type",
      "input_type": "dropdown",
      "entity_type": null,
      "unit": null,
      "value_required": false,
      "is_variant_only": false,
      "visible_in_storefront": true,
      "filterable_in_storefront": true,
      "filterable_in_dashboard": true,
      "storefront_search_position": 0,
      "available_in_grid": true
    }
  },
  {
    "model": "attribute.attribute",
    "pk": 38,
    "fields": {
      "private_metadata": {},
      "metadata": {},
      "slug": "size",
      "name": "Size",
      "type": "product-type",
      "input_type": "dropdown",
      "entity_type": null,
      "unit": null,
      "value_required": false,
      "is_variant_only": false,
      "visible_in_storefront": true,
      "filterable_in_storefront": true,
      "filterable_in_dashboard": true,
      "storefront_search_position": 0,
      "available_in_grid": true
    }
  },
  {
    "model": "attribute.attribute",
    "pk": 39,
    "fields": {
      "private_metadata": {},
      "metadata": {},
      "slug": "volume",
      "name": "Volume",
      "type": "product-type",
      "input_type": "dropdown",
      "entity_type": null,
      "unit": null,
      "value_required": false,
      "is_variant_only": false,
      "visible_in_storefront": true,
      "filterable_in_storefront": true,
      "filterable_in_dashboard": true,
      "storefront_search_position": 0,
      "available_in_grid": true
    }
  },
  {
    "model": "attribute.attribute",
    "pk": 40,
    "fields": {
      "private_metadata": {},
      "metadata": {},
      "slug": "flavor",
      "name": "Flavor",
      "type": "product-type",
      "input_type": "dropdown",
      "entity_type": null,
      "unit": null,
      "value_required": false,
      "is_variant_only": false,
      "visible_in_storefront": true,
      "filterable_in_storefront": true,
      "filterable_in_dashboard": true,
      "storefront_search_position": 0,
      "available_in_grid": true
    }
  },
  {
    "model": "attribute.attribute",
    "pk": 41,
    "fields": {
      "private_metadata": {},
      "metadata": {},
      "slug": "ebook-format",
      "name": "EBook Format",
      "type": "product-type",
      "input_type": "dropdown",
      "entity_type": null,
      "unit": null,
      "value_required": true,
      "is_variant_only": false,
      "visible_in_storefront": true,
      "filterable_in_storefront": true,
      "filterable_in_dashboard": true,
      "storefront_search_position": 0,
      "available_in_grid": true
    }
  },
  {
    "model": "attribute.attribute",
    "pk": 42,
    "fields": {
      "private_metadata": {},
      "metadata": {},
      "slug": "medium",
      "name": "Medium",
      "type": "product-type",
      "input_type": "dropdown",
      "entity_type": null,
      "unit": null,
      "value_required": true,
      "is_variant_only": false,
      "visible_in_storefront": true,
      "filterable_in_storefront": true,
      "filterable_in_dashboard": true,
      "storefront_search_position": 0,
      "available_in_grid": true
    }
  },
  {
    "model": "attribute.attribute",
    "pk": 43,
    "fields": {
      "private_metadata": {},
      "metadata": {},
      "slug": "publisher",
      "name": "Publisher",
      "type": "product-type",
      "input_type": "dropdown",
      "entity_type": null,
      "unit": null,
      "value_required": true,
      "is_variant_only": false,
      "visible_in_storefront": true,
      "filterable_in_storefront": true,
      "filterable_in_dashboard": true,
      "storefront_search_position": 0,
      "available_in_grid": true
    }
  },
  {
    "model": "attribute.attributevalue",
    "pk": 105,
    "fields": {
      "sort_order": 0,
      "name": "Cotton",
      "value": "",
      "slug": "cotton",
      "file_url": null,
      "content_type": null,
      "attribute": 36,
      "rich_text": null,
      "boolean": null,
      "date_time": null,
      "reference_product": null,
      "reference_page": null
    }
  },
  {
    "model": "attribute.attributevalue",
    "pk": 106,
    "fields": {
      "sort_order": 1,
      "name": "Elastane",
      "value": "",
      "slug": "elastane",
      "file_url": null,
      "content_type": null,
      "attribute": 36,
      "rich_text": null,
      "boolean": null,
      "date_time": null,
      "reference_product": null,
      "reference_page": null
    }
  },
  {
    "model": "attribute.attributevalue",
    "pk": 107,
    "fields": {
      "sort_order": 2,
      "name": "Polyester",
      "value": "",
      "slug": "polyester",
      "file_url": null,
      "content_type": null,
      "attribute": 36,
      "rich_text": null,
      "boolean": null,
      "date_time": null,
      "reference_product": null,
      "reference_page": null
    }
  },
  {
    "model": "attribute.attributevalue",
    "pk": 108,
    "fields": {
      "sort_order": 0,
      "name": "39",
      "value": "",
      "slug": "39",
      "file_url": null,
      "content_type": null,
      "attribute": 37,
      "rich_text": null,
      "boolean": null,
      "date_time": null,
      "reference_product": null,
      "reference_page": null
    }
  },
  {
    "model": "attribute.attributevalue",
    "pk": 109,
    "fields": {
      "sort_order": 1,
      "name": "40",
      "value": "",
      "slug": "40",
      "file_url": null,
      "content_type": null,
      "attribute": 37,
      "rich_text": null,
      "boolean": null,
      "date_time": null,
      "reference_product": null,
      "reference_page": null
    }
  },
  {
    "model": "attribute.attributevalue",
    "pk": 110,
    "fields": {
      "sort_order": 2,
      "name": "41",
      "value": "",
      "slug": "41",
      "file_url": null,
      "content_type": null,
      "attribute": 37,
      "rich_text": null,
      "boolean": null,
      "date_time": null,
      "reference_product": null,
      "reference_page": null
    }
  },
  {
    "model": "attribute.attributevalue",
    "pk": 111,
    "fields": {
      "sort_order": 3,
      "name": "42",
      "value": "",
      "slug": "42",
      "file_url": null,
      "content_type": null,
      "attribute": 37,
      "rich_text": null,
      "boolean": null,
      "date_time": null,
      "reference_product": null,
      "reference_page": null
    }
  },
  {
    "model": "attribute.attributevalue",
    "pk": 112,
    "fields": {
      "sort_order": 4,
      "name": "43",
      "value": "",
      "slug": "43",
      "file_url": null,
      "content_type": null,
      "attribute": 37,
      "rich_text": null,
      "boolean": null,
      "date_time": null,
      "reference_product": null,
      "reference_page": null
    }
  },
  {
    "model": "attribute.attributevalue",
    "pk": 113,
    "fields": {
      "sort_order": 5,
      "name": "44",
      "value": "",
      "slug": "44",
      "file_url": null,
      "content_type": null,
      "attribute": 37,
      "rich_text": null,
      "boolean": null,
      "date_time": null,
      "reference_product": null,
      "reference_page": null
    }
  },
  {
    "model": "attribute.attributevalue",
    "pk": 114,
    "fields": {
      "sort_order": 6,
      "name": "45",
      "value": "",
      "slug": "45",
      "file_url": null,
      "content_type": null,
      "attribute": 37,
      "rich_text": null,
      "boolean": null,
      "date_time": null,
      "reference_product": null,
      "reference_page": null
    }
  },
  {
    "model": "attribute.attributevalue",
    "pk": 115,
    "fields": {
      "sort_order": 0,
      "name": "S",
      "value": "",
      "slug": "s",
      "file_url": null,
      "content_type": null,
      "attribute": 38,
      "rich_text": null,
      "boolean": null,
      "date_time": null,
      "reference_product": null,
      "reference_page": null
    }
  },
  {
    "model": "attribute.attributevalue",
    "pk": 116,
    "fields": {
      "sort_order": 1,
      "name": "M",
      "value": "",
      "slug": "m",
      "file_url": null,
      "content_type": null,
      "attribute": 38,
      "rich_text": null,
      "boolean": null,
      "date_time": null,
      "reference_product": null,
      "reference_page": null
    }
  },
  {
    "model": "attribute.attributevalue",
    "pk": 117,
    "fields": {
      "sort_order": 2,
      "name": "L",
      "value": "",
      "slug": "l",
      "file_url": null,
      "content_type": null,
      "attribute": 38,
      "rich_text": null,
      "boolean": null,
      "date_time": null,
      "reference_product": null,
      "reference_page": null
    }
  },
  {
    "model": "attribute.attributevalue",
    "pk": 118,
    "fields": {
      "sort_order": 3,
      "name": "XL",
      "value": "",
      "slug": "xl",
      "file_url": null,
      "content_type": null,
      "attribute": 38,
      "rich_text": null,
      "boolean": null,
      "date_time": null,
      "reference_product": null,
      "reference_page": null
    }
  },
  {
    "model": "attribute.attributevalue",
    "pk": 119,
    "fields": {
      "sort_order": 4,
      "name": "XXL",
      "value": "",
      "slug": "xxl",
      "file_url": null,
      "content_type": null,
      "attribute": 38,
      "rich_text": null,
      "boolean": null,
      "date_time": null,
      "reference_product": null,
      "reference_page": null
    }
  },
  {
    "model": "attribute.attributevalue",
    "pk": 120,
    "fields": {
      "sort_order": 0,
      "name": "700ml",
      "value": "",
      "slug": "700ml",
      "file_url": null,
      "content_type": null,
      "attribute": 39,
      "rich_text": null,
      "boolean": null,
      "date_time": null,
      "reference_product": null,
      "reference_page": null
    }
  },
  {
    "model": "attribute.attributevalue",
    "pk": 121,
    "fields": {
      "sort_order": 0,
      "name": "Orange",
      "value": "",
      "slug": "orange",
      "file_url": null,
      "content_type": null,
      "attribute": 40,
      "rich_text": null,
      "boolean": null,
      "date_time": null,
      "reference_product": null,
      "reference_page": null
    }
  },
  {
    "model": "attribute.attributevalue",
    "pk": 122,
    "fields": {
      "sort_order": 1,
      "name": "Banana",
      "value": "",
      "slug": "banana",
      "file_url": null,
      "content_type": null,
      "attribute": 40,
      "rich_text": null,
      "boolean": null,
      "date_time": null,
      "reference_product": null,
      "reference_page": null
    }
  },
  {
    "model": "attribute.attributevalue",
    "pk": 123,
    "fields": {
      "sort_order": 2,
      "name": "Bean",
      "value": "",
      "slug": "bean",
      "file_url": null,
      "content_type": null,
      "attribute": 40,
      "rich_text": null,
      "boolean": null,
      "date_time": null,
      "reference_product": null,
      "reference_page": null
    }
  },
  {
    "model": "attribute.attributevalue",
    "pk": 124,
    "fields": {
      "sort_order": 3,
      "name": "Carrot",
      "value": "",
      "slug": "carrot",
      "file_url": null,
      "content_type": null,
      "attribute": 40,
      "rich_text": null,
      "boolean": null,
      "date_time": null,
      "reference_product": null,
      "reference_page": null
    }
  },
  {
    "model": "attribute.attributevalue",
    "pk": 125,
    "fields": {
      "sort_order": 4,
      "name": "Sprouty",
      "value": "",
      "slug": "sprouty",
      "file_url": null,
      "content_type": null,
      "attribute": 40,
      "rich_text": null,
      "boolean": null,
      "date_time": null,
      "reference_product": null,
      "reference_page": null
    }
  },
  {
    "model": "attribute.attributevalue",
    "pk": 126,
    "fields": {
      "sort_order": 5,
      "name": "Salty, like the tears of your enemy",
      "value": "",
      "slug": "salty-like-the-tears-of-your-enemy",
      "file_url": null,
      "content_type": null,
      "attribute": 40,
      "rich_text": null,
      "boolean": null,
      "date_time": null,
      "reference_product": null,
      "reference_page": null
    }
  },
  {
    "model": "attribute.attributevalue",
    "pk": 127,
    "fields": {
      "sort_order": 6,
      "name": "Pineapple",
      "value": "",
      "slug": "pineapple",
      "file_url": null,
      "content_type": null,
      "attribute": 40,
      "rich_text": null,
      "boolean": null,
      "date_time": null,
      "reference_product": null,
      "reference_page": null
    }
  },
  {
    "model": "attribute.attributevalue",
    "pk": 128,
    "fields": {
      "sort_order": 7,
      "name": "Coconut",
      "value": "",
      "slug": "coconut",
      "file_url": null,
      "content_type": null,
      "attribute": 40,
      "rich_text": null,
      "boolean": null,
      "date_time": null,
      "reference_product": null,
      "reference_page": null
    }
  },
  {
    "model": "attribute.attributevalue",
    "pk": 129,
    "fields": {
      "sort_order": 8,
      "name": "Apple",
      "value": "",
      "slug": "apple",
      "file_url": null,
      "content_type": null,
      "attribute": 40,
      "rich_text": null,
      "boolean": null,
      "date_time": null,
      "reference_product": null,
      "reference_page": null
    }
  },
  {
    "model": "attribute.attributevalue",
    "pk": 130,
    "fields": {
      "sort_order": 0,
      "name": "EPUB",
      "value": "",
      "slug": "epub",
      "file_url": null,
      "content_type": null,
      "attribute": 41,
      "rich_text": null,
      "boolean": null,
      "date_time": null,
      "reference_product": null,
      "reference_page": null
    }
  },
  {
    "model": "attribute.attributevalue",
    "pk": 131,
    "fields": {
      "sort_order": 1,
      "name": "MOBI",
      "value": "",
      "slug": "mobi",
      "file_url": null,
      "content_type": null,
      "attribute": 41,
      "rich_text": null,
      "boolean": null,
      "date_time": null,
      "reference_product": null,
      "reference_page": null
    }
  },
  {
    "model": "attribute.attributevalue",
    "pk": 132,
    "fields": {
      "sort_order": 0,
      "name": "Vinyl",
      "value": "",
      "slug": "vinyl",
      "file_url": null,
      "content_type": null,
      "attribute": 42,
      "rich_text": null,
      "boolean": null,
      "date_time": null,
      "reference_product": null,
      "reference_page": null
    }
  },
  {
    "model": "attribute.attributevalue",
    "pk": 133,
    "fields": {
      "sort_order": 1,
      "name": "DVD",
      "value": "",
      "slug": "dvd",
      "file_url": null,
      "content_type": null,
      "attribute": 42,
      "rich_text": null,
      "boolean": null,
      "date_time": null,
      "reference_product": null,
      "reference_page": null
    }
  },
  {
    "model": "attribute.attributevalue",
    "pk": 134,
    "fields": {
      "sort_order": 2,
      "name": "VHS",
      "value": "",
      "slug": "vhs",
      "file_url": null,
      "content_type": null,
      "attribute": 42,
      "rich_text": null,
      "boolean": null,
      "date_time": null,
      "reference_product": null,
      "reference_page": null
    }
  },
  {
    "model": "attribute.attributevalue",
    "pk": 135,
    "fields": {
      "sort_order": 3,
      "name": "iTunes",
      "value": "",
      "slug": "itunes",
      "file_url": null,
      "content_type": null,
      "attribute": 42,
      "rich_text": null,
      "boolean": null,
      "date_time": null,
      "reference_product": null,
      "reference_page": null
    }
  },
  {
    "model": "attribute.attributevalue",
    "pk": 136,
    "fields": {
      "sort_order": 4,
      "name": "CD",
      "value": "",
      "slug": "cd",
      "file_url": null,
      "content_type": null,
      "attribute": 42,
      "rich_text": null,
      "boolean": null,
      "date_time": null,
      "reference_product": null,
      "reference_page": null
    }
  },
  {
    "model": "attribute.attributevalue",
    "pk": 137,
    "fields": {
      "sort_order": 5,
      "name": "MP3",
      "value": "",
      "slug": "mp3",
      "file_url": null,
      "content_type": null,
      "attribute": 42,
      "rich_text": null,
      "boolean": null,
      "date_time": null,
      "reference_product": null,
      "reference_page": null
    }
  },
  {
    "model": "attribute.attributevalue",
    "pk": 138,
    "fields": {
      "sort_order": 0,
      "name": "Digital Audio",
      "value": "",
      "slug": "digital-audio",
      "file_url": null,
      "content_type": null,
      "attribute": 43,
      "rich_text": null,
      "boolean": null,
      "date_time": null,
      "reference_product": null,
      "reference_page": null
    }
  },
  {
    "model": "attribute.attributevalue",
    "pk": 140,
    "fields": {
      "sort_order": 3,
      "name": "Wool",
      "value": "",
      "slug": "wool",
      "file_url": null,
      "content_type": null,
      "attribute": 36,
      "rich_text": null,
      "boolean": null,
      "date_time": null,
      "reference_product": null,
      "reference_page": null
    }
  },
  {
    "model": "attribute.attributevalue",
    "pk": 141,
    "fields": {
      "sort_order": 1,
      "name": "Saleor Publishing",
      "value": "",
      "slug": "saleor-publishing",
      "file_url": null,
      "content_type": null,
      "attribute": 43,
      "rich_text": null,
      "boolean": null,
      "date_time": null,
      "reference_product": null,
      "reference_page": null
    }
  },
  {
    "model": "attribute.assignedproductattributevalue",
    "pk": 193,
    "fields": { "sort_order": 0, "value": 138, "assignment": 37 }
  },
  {
    "model": "attribute.assignedproductattributevalue",
    "pk": 194,
    "fields": { "sort_order": 0, "value": 105, "assignment": 38 }
  },
  {
    "model": "attribute.assignedproductattributevalue",
    "pk": 195,
    "fields": { "sort_order": 0, "value": 107, "assignment": 39 }
  },
  {
    "model": "attribute.assignedproductattributevalue",
    "pk": 196,
    "fields": { "sort_order": 0, "value": 105, "assignment": 40 }
  },
  {
    "model": "attribute.assignedproductattributevalue",
    "pk": 197,
    "fields": { "sort_order": 0, "value": 105, "assignment": 41 }
  },
  {
    "model": "attribute.assignedproductattributevalue",
    "pk": 198,
    "fields": { "sort_order": 0, "value": 106, "assignment": 42 }
  },
  {
    "model": "attribute.assignedproductattributevalue",
    "pk": 199,
    "fields": { "sort_order": 0, "value": 105, "assignment": 43 }
  },
  {
    "model": "attribute.assignedproductattributevalue",
    "pk": 200,
    "fields": { "sort_order": 0, "value": 105, "assignment": 44 }
  },
  {
    "model": "attribute.assignedproductattributevalue",
    "pk": 201,
    "fields": { "sort_order": 0, "value": 105, "assignment": 45 }
  },
  {
    "model": "attribute.assignedproductattributevalue",
    "pk": 204,
    "fields": { "sort_order": 0, "value": 105, "assignment": 48 }
  },
  {
    "model": "attribute.assignedproductattributevalue",
    "pk": 206,
    "fields": { "sort_order": 0, "value": 140, "assignment": 50 }
  },
  {
    "model": "attribute.assignedproductattributevalue",
    "pk": 207,
    "fields": { "sort_order": 0, "value": 141, "assignment": 51 }
  },
  {
    "model": "attribute.assignedproductattributevalue",
    "pk": 208,
    "fields": { "sort_order": 0, "value": 141, "assignment": 52 }
  },
  {
    "model": "attribute.assignedproductattributevalue",
    "pk": 210,
    "fields": { "sort_order": 0, "value": 129, "assignment": 54 }
  },
  {
    "model": "attribute.assignedproductattributevalue",
    "pk": 211,
    "fields": { "sort_order": 0, "value": 123, "assignment": 55 }
  },
  {
    "model": "attribute.assignedproductattributevalue",
    "pk": 212,
    "fields": { "sort_order": 0, "value": 122, "assignment": 56 }
  },
  {
    "model": "attribute.assignedproductattributevalue",
    "pk": 213,
    "fields": { "sort_order": 0, "value": 124, "assignment": 57 }
  },
  {
    "model": "attribute.assignedproductattributevalue",
    "pk": 214,
    "fields": { "sort_order": 0, "value": 105, "assignment": 58 }
  },
  {
    "model": "attribute.assignedproductattribute",
    "pk": 37,
    "fields": { "product": 126, "assignment": 10 }
  },
  {
    "model": "attribute.assignedproductattribute",
    "pk": 38,
    "fields": { "product": 131, "assignment": 11 }
  },
  {
    "model": "attribute.assignedproductattribute",
    "pk": 39,
    "fields": { "product": 132, "assignment": 11 }
  },
  {
    "model": "attribute.assignedproductattribute",
    "pk": 40,
    "fields": { "product": 133, "assignment": 11 }
  },
  {
    "model": "attribute.assignedproductattribute",
    "pk": 41,
    "fields": { "product": 134, "assignment": 12 }
  },
  {
    "model": "attribute.assignedproductattribute",
    "pk": 42,
    "fields": { "product": 135, "assignment": 12 }
  },
  {
    "model": "attribute.assignedproductattribute",
    "pk": 43,
    "fields": { "product": 136, "assignment": 12 }
  },
  {
    "model": "attribute.assignedproductattribute",
    "pk": 44,
    "fields": { "product": 137, "assignment": 12 }
  },
  {
    "model": "attribute.assignedproductattribute",
    "pk": 45,
    "fields": { "product": 138, "assignment": 12 }
  },
  {
    "model": "attribute.assignedproductattribute",
    "pk": 48,
    "fields": { "product": 141, "assignment": 13 }
  },
  {
    "model": "attribute.assignedproductattribute",
    "pk": 50,
    "fields": { "product": 143, "assignment": 13 }
  },
  {
    "model": "attribute.assignedproductattribute",
    "pk": 51,
    "fields": { "product": 146, "assignment": 10 }
  },
  {
    "model": "attribute.assignedproductattribute",
    "pk": 52,
    "fields": { "product": 147, "assignment": 10 }
  },
  {
    "model": "attribute.assignedproductattribute",
    "pk": 54,
    "fields": { "product": 152, "assignment": 14 }
  },
  {
    "model": "attribute.assignedproductattribute",
    "pk": 55,
    "fields": { "product": 153, "assignment": 14 }
  },
  {
    "model": "attribute.assignedproductattribute",
    "pk": 56,
    "fields": { "product": 154, "assignment": 14 }
  },
  {
    "model": "attribute.assignedproductattribute",
    "pk": 57,
    "fields": { "product": 155, "assignment": 14 }
  },
  {
    "model": "attribute.assignedproductattribute",
    "pk": 58,
    "fields": { "product": 161, "assignment": 12 }
  },
  {
    "model": "attribute.attributeproduct",
    "pk": 10,
    "fields": { "sort_order": 0, "attribute": 43, "product_type": 17 }
  },
  {
    "model": "attribute.attributeproduct",
    "pk": 11,
    "fields": { "sort_order": 0, "attribute": 36, "product_type": 19 }
  },
  {
    "model": "attribute.attributeproduct",
    "pk": 12,
    "fields": { "sort_order": 0, "attribute": 36, "product_type": 20 }
  },
  {
    "model": "attribute.attributeproduct",
    "pk": 13,
    "fields": { "sort_order": 0, "attribute": 36, "product_type": 21 }
  },
  {
    "model": "attribute.attributeproduct",
    "pk": 14,
    "fields": { "sort_order": 0, "attribute": 40, "product_type": 23 }
  },
  {
    "model": "attribute.assignedvariantattributevalue",
    "pk": 676,
    "fields": { "sort_order": 0, "value": 137, "assignment": 136 }
  },
  {
    "model": "attribute.assignedvariantattributevalue",
    "pk": 677,
    "fields": { "sort_order": 0, "value": 108, "assignment": 137 }
  },
  {
    "model": "attribute.assignedvariantattributevalue",
    "pk": 678,
    "fields": { "sort_order": 0, "value": 109, "assignment": 138 }
  },
  {
    "model": "attribute.assignedvariantattributevalue",
    "pk": 679,
    "fields": { "sort_order": 0, "value": 110, "assignment": 139 }
  },
  {
    "model": "attribute.assignedvariantattributevalue",
    "pk": 680,
    "fields": { "sort_order": 0, "value": 111, "assignment": 140 }
  },
  {
    "model": "attribute.assignedvariantattributevalue",
    "pk": 681,
    "fields": { "sort_order": 0, "value": 112, "assignment": 141 }
  },
  {
    "model": "attribute.assignedvariantattributevalue",
    "pk": 682,
    "fields": { "sort_order": 0, "value": 113, "assignment": 142 }
  },
  {
    "model": "attribute.assignedvariantattributevalue",
    "pk": 683,
    "fields": { "sort_order": 0, "value": 114, "assignment": 143 }
  },
  {
    "model": "attribute.assignedvariantattributevalue",
    "pk": 684,
    "fields": { "sort_order": 0, "value": 110, "assignment": 144 }
  },
  {
    "model": "attribute.assignedvariantattributevalue",
    "pk": 685,
    "fields": { "sort_order": 0, "value": 109, "assignment": 145 }
  },
  {
    "model": "attribute.assignedvariantattributevalue",
    "pk": 686,
    "fields": { "sort_order": 0, "value": 111, "assignment": 146 }
  },
  {
    "model": "attribute.assignedvariantattributevalue",
    "pk": 687,
    "fields": { "sort_order": 0, "value": 108, "assignment": 147 }
  },
  {
    "model": "attribute.assignedvariantattributevalue",
    "pk": 688,
    "fields": { "sort_order": 0, "value": 109, "assignment": 148 }
  },
  {
    "model": "attribute.assignedvariantattributevalue",
    "pk": 689,
    "fields": { "sort_order": 0, "value": 110, "assignment": 149 }
  },
  {
    "model": "attribute.assignedvariantattributevalue",
    "pk": 690,
    "fields": { "sort_order": 0, "value": 111, "assignment": 150 }
  },
  {
    "model": "attribute.assignedvariantattributevalue",
    "pk": 691,
    "fields": { "sort_order": 0, "value": 112, "assignment": 151 }
  },
  {
    "model": "attribute.assignedvariantattributevalue",
    "pk": 692,
    "fields": { "sort_order": 0, "value": 108, "assignment": 152 }
  },
  {
    "model": "attribute.assignedvariantattributevalue",
    "pk": 693,
    "fields": { "sort_order": 0, "value": 109, "assignment": 153 }
  },
  {
    "model": "attribute.assignedvariantattributevalue",
    "pk": 694,
    "fields": { "sort_order": 0, "value": 110, "assignment": 154 }
  },
  {
    "model": "attribute.assignedvariantattributevalue",
    "pk": 695,
    "fields": { "sort_order": 0, "value": 111, "assignment": 155 }
  },
  {
    "model": "attribute.assignedvariantattributevalue",
    "pk": 696,
    "fields": { "sort_order": 0, "value": 114, "assignment": 156 }
  },
  {
    "model": "attribute.assignedvariantattributevalue",
    "pk": 697,
    "fields": { "sort_order": 0, "value": 115, "assignment": 157 }
  },
  {
    "model": "attribute.assignedvariantattributevalue",
    "pk": 698,
    "fields": { "sort_order": 0, "value": 116, "assignment": 158 }
  },
  {
    "model": "attribute.assignedvariantattributevalue",
    "pk": 699,
    "fields": { "sort_order": 0, "value": 117, "assignment": 159 }
  },
  {
    "model": "attribute.assignedvariantattributevalue",
    "pk": 700,
    "fields": { "sort_order": 0, "value": 118, "assignment": 160 }
  },
  {
    "model": "attribute.assignedvariantattributevalue",
    "pk": 701,
    "fields": { "sort_order": 0, "value": 119, "assignment": 161 }
  },
  {
    "model": "attribute.assignedvariantattributevalue",
    "pk": 702,
    "fields": { "sort_order": 0, "value": 115, "assignment": 162 }
  },
  {
    "model": "attribute.assignedvariantattributevalue",
    "pk": 703,
    "fields": { "sort_order": 0, "value": 116, "assignment": 163 }
  },
  {
    "model": "attribute.assignedvariantattributevalue",
    "pk": 704,
    "fields": { "sort_order": 0, "value": 117, "assignment": 164 }
  },
  {
    "model": "attribute.assignedvariantattributevalue",
    "pk": 705,
    "fields": { "sort_order": 0, "value": 118, "assignment": 165 }
  },
  {
    "model": "attribute.assignedvariantattributevalue",
    "pk": 706,
    "fields": { "sort_order": 0, "value": 119, "assignment": 166 }
  },
  {
    "model": "attribute.assignedvariantattributevalue",
    "pk": 707,
    "fields": { "sort_order": 0, "value": 115, "assignment": 167 }
  },
  {
    "model": "attribute.assignedvariantattributevalue",
    "pk": 708,
    "fields": { "sort_order": 0, "value": 116, "assignment": 168 }
  },
  {
    "model": "attribute.assignedvariantattributevalue",
    "pk": 709,
    "fields": { "sort_order": 0, "value": 119, "assignment": 169 }
  },
  {
    "model": "attribute.assignedvariantattributevalue",
    "pk": 710,
    "fields": { "sort_order": 0, "value": 116, "assignment": 170 }
  },
  {
    "model": "attribute.assignedvariantattributevalue",
    "pk": 711,
    "fields": { "sort_order": 0, "value": 117, "assignment": 171 }
  },
  {
    "model": "attribute.assignedvariantattributevalue",
    "pk": 712,
    "fields": { "sort_order": 0, "value": 118, "assignment": 172 }
  },
  {
    "model": "attribute.assignedvariantattributevalue",
    "pk": 713,
    "fields": { "sort_order": 0, "value": 115, "assignment": 173 }
  },
  {
    "model": "attribute.assignedvariantattributevalue",
    "pk": 714,
    "fields": { "sort_order": 0, "value": 116, "assignment": 174 }
  },
  {
    "model": "attribute.assignedvariantattributevalue",
    "pk": 715,
    "fields": { "sort_order": 0, "value": 117, "assignment": 175 }
  },
  {
    "model": "attribute.assignedvariantattributevalue",
    "pk": 716,
    "fields": { "sort_order": 0, "value": 133, "assignment": 176 }
  },
  {
    "model": "attribute.assignedvariantattributevalue",
    "pk": 717,
    "fields": { "sort_order": 0, "value": 135, "assignment": 177 }
  },
  {
    "model": "attribute.assignedvariantattributevalue",
    "pk": 718,
    "fields": { "sort_order": 0, "value": 137, "assignment": 178 }
  },
  {
    "model": "attribute.assignedvariantattributevalue",
    "pk": 719,
    "fields": { "sort_order": 0, "value": 132, "assignment": 179 }
  },
  {
    "model": "attribute.assignedvariantattributevalue",
    "pk": 720,
    "fields": { "sort_order": 0, "value": 133, "assignment": 180 }
  },
  {
    "model": "attribute.assignedvariantattributevalue",
    "pk": 721,
    "fields": { "sort_order": 0, "value": 135, "assignment": 181 }
  },
  {
    "model": "attribute.assignedvariantattributevalue",
    "pk": 722,
    "fields": { "sort_order": 0, "value": 136, "assignment": 182 }
  },
  {
    "model": "attribute.assignedvariantattributevalue",
    "pk": 723,
    "fields": { "sort_order": 0, "value": 135, "assignment": 183 }
  },
  {
    "model": "attribute.assignedvariantattributevalue",
    "pk": 724,
    "fields": { "sort_order": 0, "value": 137, "assignment": 184 }
  },
  {
    "model": "attribute.assignedvariantattributevalue",
    "pk": 725,
    "fields": { "sort_order": 0, "value": 118, "assignment": 185 }
  },
  {
    "model": "attribute.assignedvariantattributevalue",
    "pk": 726,
    "fields": { "sort_order": 0, "value": 119, "assignment": 186 }
  },
  {
    "model": "attribute.assignedvariantattributevalue",
    "pk": 727,
    "fields": { "sort_order": 0, "value": 115, "assignment": 187 }
  },
  {
    "model": "attribute.assignedvariantattributevalue",
    "pk": 728,
    "fields": { "sort_order": 0, "value": 116, "assignment": 188 }
  },
  {
    "model": "attribute.assignedvariantattributevalue",
    "pk": 729,
    "fields": { "sort_order": 0, "value": 117, "assignment": 189 }
  },
  {
    "model": "attribute.assignedvariantattributevalue",
    "pk": 730,
    "fields": { "sort_order": 0, "value": 118, "assignment": 190 }
  },
  {
    "model": "attribute.assignedvariantattributevalue",
    "pk": 731,
    "fields": { "sort_order": 0, "value": 119, "assignment": 191 }
  },
  {
    "model": "attribute.assignedvariantattribute",
    "pk": 136,
    "fields": { "variant": 324, "assignment": 13 }
  },
  {
    "model": "attribute.assignedvariantattribute",
    "pk": 137,
    "fields": { "variant": 325, "assignment": 14 }
  },
  {
    "model": "attribute.assignedvariantattribute",
    "pk": 138,
    "fields": { "variant": 326, "assignment": 14 }
  },
  {
    "model": "attribute.assignedvariantattribute",
    "pk": 139,
    "fields": { "variant": 327, "assignment": 14 }
  },
  {
    "model": "attribute.assignedvariantattribute",
    "pk": 140,
    "fields": { "variant": 328, "assignment": 14 }
  },
  {
    "model": "attribute.assignedvariantattribute",
    "pk": 141,
    "fields": { "variant": 329, "assignment": 14 }
  },
  {
    "model": "attribute.assignedvariantattribute",
    "pk": 142,
    "fields": { "variant": 330, "assignment": 14 }
  },
  {
    "model": "attribute.assignedvariantattribute",
    "pk": 143,
    "fields": { "variant": 331, "assignment": 14 }
  },
  {
    "model": "attribute.assignedvariantattribute",
    "pk": 144,
    "fields": { "variant": 332, "assignment": 14 }
  },
  {
    "model": "attribute.assignedvariantattribute",
    "pk": 145,
    "fields": { "variant": 333, "assignment": 14 }
  },
  {
    "model": "attribute.assignedvariantattribute",
    "pk": 146,
    "fields": { "variant": 334, "assignment": 14 }
  },
  {
    "model": "attribute.assignedvariantattribute",
    "pk": 147,
    "fields": { "variant": 335, "assignment": 14 }
  },
  {
    "model": "attribute.assignedvariantattribute",
    "pk": 148,
    "fields": { "variant": 336, "assignment": 14 }
  },
  {
    "model": "attribute.assignedvariantattribute",
    "pk": 149,
    "fields": { "variant": 337, "assignment": 14 }
  },
  {
    "model": "attribute.assignedvariantattribute",
    "pk": 150,
    "fields": { "variant": 338, "assignment": 14 }
  },
  {
    "model": "attribute.assignedvariantattribute",
    "pk": 151,
    "fields": { "variant": 339, "assignment": 14 }
  },
  {
    "model": "attribute.assignedvariantattribute",
    "pk": 152,
    "fields": { "variant": 340, "assignment": 14 }
  },
  {
    "model": "attribute.assignedvariantattribute",
    "pk": 153,
    "fields": { "variant": 341, "assignment": 14 }
  },
  {
    "model": "attribute.assignedvariantattribute",
    "pk": 154,
    "fields": { "variant": 342, "assignment": 14 }
  },
  {
    "model": "attribute.assignedvariantattribute",
    "pk": 155,
    "fields": { "variant": 343, "assignment": 14 }
  },
  {
    "model": "attribute.assignedvariantattribute",
    "pk": 156,
    "fields": { "variant": 344, "assignment": 14 }
  },
  {
    "model": "attribute.assignedvariantattribute",
    "pk": 157,
    "fields": { "variant": 348, "assignment": 15 }
  },
  {
    "model": "attribute.assignedvariantattribute",
    "pk": 158,
    "fields": { "variant": 349, "assignment": 15 }
  },
  {
    "model": "attribute.assignedvariantattribute",
    "pk": 159,
    "fields": { "variant": 350, "assignment": 15 }
  },
  {
    "model": "attribute.assignedvariantattribute",
    "pk": 160,
    "fields": { "variant": 351, "assignment": 15 }
  },
  {
    "model": "attribute.assignedvariantattribute",
    "pk": 161,
    "fields": { "variant": 352, "assignment": 15 }
  },
  {
    "model": "attribute.assignedvariantattribute",
    "pk": 162,
    "fields": { "variant": 353, "assignment": 15 }
  },
  {
    "model": "attribute.assignedvariantattribute",
    "pk": 163,
    "fields": { "variant": 354, "assignment": 15 }
  },
  {
    "model": "attribute.assignedvariantattribute",
    "pk": 164,
    "fields": { "variant": 355, "assignment": 15 }
  },
  {
    "model": "attribute.assignedvariantattribute",
    "pk": 165,
    "fields": { "variant": 356, "assignment": 15 }
  },
  {
    "model": "attribute.assignedvariantattribute",
    "pk": 166,
    "fields": { "variant": 357, "assignment": 15 }
  },
  {
    "model": "attribute.assignedvariantattribute",
    "pk": 167,
    "fields": { "variant": 358, "assignment": 15 }
  },
  {
    "model": "attribute.assignedvariantattribute",
    "pk": 168,
    "fields": { "variant": 359, "assignment": 15 }
  },
  {
    "model": "attribute.assignedvariantattribute",
    "pk": 169,
    "fields": { "variant": 360, "assignment": 15 }
  },
  {
    "model": "attribute.assignedvariantattribute",
    "pk": 170,
    "fields": { "variant": 361, "assignment": 15 }
  },
  {
    "model": "attribute.assignedvariantattribute",
    "pk": 171,
    "fields": { "variant": 362, "assignment": 15 }
  },
  {
    "model": "attribute.assignedvariantattribute",
    "pk": 172,
    "fields": { "variant": 363, "assignment": 15 }
  },
  {
    "model": "attribute.assignedvariantattribute",
    "pk": 173,
    "fields": { "variant": 364, "assignment": 15 }
  },
  {
    "model": "attribute.assignedvariantattribute",
    "pk": 174,
    "fields": { "variant": 365, "assignment": 15 }
  },
  {
    "model": "attribute.assignedvariantattribute",
    "pk": 175,
    "fields": { "variant": 366, "assignment": 15 }
  },
  {
    "model": "attribute.assignedvariantattribute",
    "pk": 176,
    "fields": { "variant": 372, "assignment": 13 }
  },
  {
    "model": "attribute.assignedvariantattribute",
    "pk": 177,
    "fields": { "variant": 373, "assignment": 13 }
  },
  {
    "model": "attribute.assignedvariantattribute",
    "pk": 178,
    "fields": { "variant": 374, "assignment": 13 }
  },
  {
    "model": "attribute.assignedvariantattribute",
    "pk": 179,
    "fields": { "variant": 375, "assignment": 13 }
  },
  {
    "model": "attribute.assignedvariantattribute",
    "pk": 180,
    "fields": { "variant": 376, "assignment": 13 }
  },
  {
    "model": "attribute.assignedvariantattribute",
    "pk": 181,
    "fields": { "variant": 377, "assignment": 13 }
  },
  {
    "model": "attribute.assignedvariantattribute",
    "pk": 182,
    "fields": { "variant": 378, "assignment": 13 }
  },
  {
    "model": "attribute.assignedvariantattribute",
    "pk": 183,
    "fields": { "variant": 379, "assignment": 13 }
  },
  {
    "model": "attribute.assignedvariantattribute",
    "pk": 184,
    "fields": { "variant": 380, "assignment": 13 }
  },
  {
    "model": "attribute.assignedvariantattribute",
    "pk": 185,
    "fields": { "variant": 389, "assignment": 15 }
  },
  {
    "model": "attribute.assignedvariantattribute",
    "pk": 186,
    "fields": { "variant": 390, "assignment": 15 }
  },
  {
    "model": "attribute.assignedvariantattribute",
    "pk": 187,
    "fields": { "variant": 394, "assignment": 15 }
  },
  {
    "model": "attribute.assignedvariantattribute",
    "pk": 188,
    "fields": { "variant": 395, "assignment": 15 }
  },
  {
    "model": "attribute.assignedvariantattribute",
    "pk": 189,
    "fields": { "variant": 396, "assignment": 15 }
  },
  {
    "model": "attribute.assignedvariantattribute",
    "pk": 190,
    "fields": { "variant": 397, "assignment": 15 }
  },
  {
    "model": "attribute.assignedvariantattribute",
    "pk": 191,
    "fields": { "variant": 398, "assignment": 15 }
  },
  {
    "model": "attribute.attributevariant",
    "pk": 13,
    "fields": {
      "sort_order": 0,
      "attribute": 42,
      "product_type": 17,
      "variant_selection": true
    }
  },
  {
    "model": "attribute.attributevariant",
    "pk": 14,
    "fields": {
      "sort_order": 0,
      "attribute": 37,
      "product_type": 18,
      "variant_selection": true
    }
  },
  {
    "model": "attribute.attributevariant",
    "pk": 15,
    "fields": {
      "sort_order": 0,
      "attribute": 38,
      "product_type": 20,
      "variant_selection": true
    }
  },
  {
    "model": "channel.channel",
    "pk": 1,
    "fields": {
      "name": "Channel-USD",
      "is_active": true,
      "slug": "default-channel",
      "currency_code": "USD",
      "default_country": "US"
    }
  },
  {
    "model": "channel.channel",
    "pk": 2,
    "fields": {
      "name": "Channel-PLN",
      "is_active": true,
      "slug": "channel-pln",
      "currency_code": "PLN",
      "default_country": "PL"
    }
  },
  {
    "model": "menu.menu",
    "pk": 1,
    "fields": {
      "private_metadata": {},
      "metadata": {},
      "name": "navbar",
      "slug": "navbar"
    }
  },
  {
    "model": "menu.menu",
    "pk": 2,
    "fields": {
      "private_metadata": {},
      "metadata": {},
      "name": "footer",
      "slug": "footer"
    }
  },
  {
    "model": "menu.menuitem",
    "pk": 220,
    "fields": {
      "sort_order": 1,
      "private_metadata": {},
      "metadata": {},
      "menu": 2,
      "name": "Saleor",
      "parent": null,
      "url": "/",
      "category": null,
      "collection": null,
      "page": null,
      "lft": 1,
      "rght": 8,
      "tree_id": 55,
      "level": 0
    }
  },
  {
    "model": "menu.menuitem",
    "pk": 222,
    "fields": {
      "sort_order": 2,
      "private_metadata": {},
      "metadata": {},
      "menu": 2,
      "name": "GraphQL API",
      "parent": 220,
      "url": "http://localhost:8000/graphql/",
      "category": null,
      "collection": null,
      "page": null,
      "lft": 4,
      "rght": 5,
      "tree_id": 55,
      "level": 1
    }
  },
  {
    "model": "menu.menuitem",
    "pk": 223,
    "fields": {
      "sort_order": 1,
      "private_metadata": {},
      "metadata": {},
      "menu": 1,
      "name": "Accessories",
      "parent": null,
      "url": null,
      "category": 25,
      "collection": null,
      "page": null,
      "lft": 1,
      "rght": 8,
      "tree_id": 56,
      "level": 0
    }
  },
  {
    "model": "menu.menuitem",
    "pk": 224,
    "fields": {
      "sort_order": 2,
      "private_metadata": {},
      "metadata": {},
      "menu": 1,
      "name": "Audiobooks",
      "parent": 223,
      "url": null,
      "category": 26,
      "collection": null,
      "page": null,
      "lft": 2,
      "rght": 3,
      "tree_id": 56,
      "level": 1
    }
  },
  {
    "model": "menu.menuitem",
    "pk": 225,
    "fields": {
      "sort_order": 0,
      "private_metadata": {},
      "metadata": {},
      "menu": 1,
      "name": "Apparel",
      "parent": null,
      "url": null,
      "category": 27,
      "collection": null,
      "page": null,
      "lft": 1,
      "rght": 28,
      "tree_id": 57,
      "level": 0
    }
  },
  {
    "model": "menu.menuitem",
    "pk": 226,
    "fields": {
      "sort_order": 3,
      "private_metadata": {},
      "metadata": {},
      "menu": 1,
      "name": "Sneakers",
      "parent": 225,
      "url": null,
      "category": 28,
      "collection": null,
      "page": null,
      "lft": 2,
      "rght": 3,
      "tree_id": 57,
      "level": 1
    }
  },
  {
    "model": "menu.menuitem",
    "pk": 227,
    "fields": {
      "sort_order": 4,
      "private_metadata": {},
      "metadata": {},
      "menu": 1,
      "name": "Sweatshirts",
      "parent": 225,
      "url": null,
      "category": 29,
      "collection": null,
      "page": null,
      "lft": 4,
      "rght": 5,
      "tree_id": 57,
      "level": 1
    }
  },
  {
    "model": "menu.menuitem",
    "pk": 232,
    "fields": {
      "sort_order": 2,
      "private_metadata": {},
      "metadata": {},
      "menu": 1,
      "name": "Headware",
      "parent": 225,
      "url": null,
      "category": 33,
      "collection": null,
      "page": null,
      "lft": 14,
      "rght": 21,
      "tree_id": 57,
      "level": 1
    }
  },
  {
    "model": "menu.menuitem",
    "pk": 233,
    "fields": {
      "sort_order": 1,
      "private_metadata": {},
      "metadata": {},
      "menu": 1,
      "name": "Beanies",
      "parent": 232,
      "url": null,
      "category": 35,
      "collection": null,
      "page": null,
      "lft": 19,
      "rght": 20,
      "tree_id": 57,
      "level": 2
    }
  },
  {
    "model": "menu.menuitem",
    "pk": 234,
    "fields": {
      "sort_order": 2,
      "private_metadata": {},
      "metadata": {},
      "menu": 1,
      "name": "Scarfs",
      "parent": 232,
      "url": null,
      "category": 36,
      "collection": null,
      "page": null,
      "lft": 17,
      "rght": 18,
      "tree_id": 57,
      "level": 2
    }
  },
  {
    "model": "menu.menuitem",
    "pk": 235,
    "fields": {
      "sort_order": 3,
      "private_metadata": {},
      "metadata": {},
      "menu": 1,
      "name": "Sunglasses",
      "parent": 232,
      "url": null,
      "category": 37,
      "collection": null,
      "page": null,
      "lft": 15,
      "rght": 16,
      "tree_id": 57,
      "level": 2
    }
  },
  {
    "model": "menu.menuitem",
    "pk": 236,
    "fields": {
      "sort_order": 1,
      "private_metadata": {},
      "metadata": {},
      "menu": 1,
      "name": "T-shirts",
      "parent": 238,
      "url": null,
      "category": 39,
      "collection": null,
      "page": null,
      "lft": 25,
      "rght": 26,
      "tree_id": 57,
      "level": 2
    }
  },
  {
    "model": "menu.menuitem",
    "pk": 237,
    "fields": {
      "sort_order": 2,
      "private_metadata": {},
      "metadata": {},
      "menu": 1,
      "name": "Polo shirts",
      "parent": 238,
      "url": null,
      "category": 40,
      "collection": null,
      "page": null,
      "lft": 23,
      "rght": 24,
      "tree_id": 57,
      "level": 2
    }
  },
  {
    "model": "menu.menuitem",
    "pk": 238,
    "fields": {
      "sort_order": 1,
      "private_metadata": {},
      "metadata": {},
      "menu": 1,
      "name": "Shirts",
      "parent": 225,
      "url": null,
      "category": 38,
      "collection": null,
      "page": null,
      "lft": 22,
      "rght": 27,
      "tree_id": 57,
      "level": 1
    }
  },
  {
    "model": "menu.menuitem",
    "pk": 239,
    "fields": {
      "sort_order": 1,
      "private_metadata": {},
      "metadata": {},
      "menu": 2,
      "name": "About",
      "parent": 220,
      "url": null,
      "category": null,
      "collection": null,
      "page": 3,
      "lft": 6,
      "rght": 7,
      "tree_id": 55,
      "level": 1
    }
  },
  {
    "model": "menu.menuitem",
    "pk": 240,
    "fields": {
      "sort_order": 1,
      "private_metadata": {},
      "metadata": {},
      "menu": 1,
      "name": "Homewares",
      "parent": 223,
      "url": null,
      "category": 41,
      "collection": null,
      "page": null,
      "lft": 4,
      "rght": 5,
      "tree_id": 56,
      "level": 1
    }
  },
  {
    "model": "menu.menuitem",
    "pk": 241,
    "fields": {
      "sort_order": 2,
      "private_metadata": {},
      "metadata": {},
      "menu": 1,
      "name": "Groceries",
      "parent": null,
      "url": null,
      "category": 42,
      "collection": null,
      "page": null,
      "lft": 1,
      "rght": 4,
      "tree_id": 58,
      "level": 0
    }
  },
  {
    "model": "menu.menuitem",
    "pk": 242,
    "fields": {
      "sort_order": null,
      "private_metadata": {},
      "metadata": {},
      "menu": 1,
      "name": "Juices",
      "parent": 241,
      "url": null,
      "category": 43,
      "collection": null,
      "page": null,
      "lft": 2,
      "rght": 3,
      "tree_id": 58,
      "level": 1
    }
  },
  {
    "model": "menu.menuitem",
    "pk": 243,
    "fields": {
      "sort_order": 2,
      "private_metadata": {},
      "metadata": {},
      "menu": 2,
      "name": "Collections",
      "parent": null,
      "url": null,
      "category": null,
      "collection": 4,
      "page": null,
      "lft": 1,
      "rght": 6,
      "tree_id": 59,
      "level": 0
    }
  },
  {
    "model": "menu.menuitem",
    "pk": 244,
    "fields": {
      "sort_order": 1,
      "private_metadata": {},
      "metadata": {},
      "menu": 2,
      "name": "Featured Products",
      "parent": 243,
      "url": null,
      "category": null,
      "collection": 4,
      "page": null,
      "lft": 2,
      "rght": 3,
      "tree_id": 59,
      "level": 1
    }
  },
  {
    "model": "menu.menuitem",
    "pk": 245,
    "fields": {
      "sort_order": 2,
      "private_metadata": {},
      "metadata": {},
      "menu": 2,
      "name": "Summer Picks",
      "parent": 243,
      "url": null,
      "category": null,
      "collection": 5,
      "page": null,
      "lft": 4,
      "rght": 5,
      "tree_id": 59,
      "level": 1
    }
  },
  {
    "model": "menu.menuitem",
    "pk": 246,
    "fields": {
      "sort_order": 3,
      "private_metadata": {},
      "metadata": {},
      "menu": 1,
      "name": "Gift cards",
      "parent": 223,
      "url": null,
      "category": 44,
      "collection": null,
      "page": null,
      "lft": 6,
      "rght": 7,
      "tree_id": 56,
      "level": 1
    }
  },
  {
    "model": "shipping.shippingzone",
    "pk": 26,
    "fields": {
      "private_metadata": {},
      "metadata": {},
      "name": "Default shipping zone",
      "countries": "US,CA,BR,AR,MX,UY,CL,PE,VE",
      "default": false,
      "description": "",
      "channels": [1]
    }
  },
  {
    "model": "shipping.shippingmethod",
    "pk": 267,
    "fields": {
      "private_metadata": {},
      "metadata": {},
      "name": "Default shipping rate",
      "type": "price",
      "shipping_zone": 26,
      "minimum_order_weight": "0.0:g",
      "maximum_order_weight": null,
      "maximum_delivery_days": null,
      "minimum_delivery_days": null,
      "description": null,
      "excluded_products": []
    }
  },
  {
    "model": "shipping.shippingmethodchannellisting",
    "pk": 533,
    "fields": {
      "shipping_method": 267,
      "channel": 1,
      "minimum_order_price_amount": "0.000",
      "currency": "USD",
      "maximum_order_price_amount": "200.000",
      "price_amount": "71.400"
    }
  },
  {
    "model": "site.sitesettings",
    "pk": 1,
    "fields": {
      "site": 1,
      "header_text": "Test Saleor - a sample shop!",
      "description": "",
      "top_menu": 1,
      "bottom_menu": 2,
      "include_taxes_in_prices": true,
      "display_gross_prices": true,
      "charge_taxes_on_shipping": true,
      "track_inventory_by_default": true,
      "default_weight_unit": "kg",
      "automatic_fulfillment_digital_products": false,
      "default_digital_max_downloads": null,
      "default_digital_url_valid_days": null,
      "company_address": null,
      "default_mail_sender_name": "",
      "default_mail_sender_address": null,
      "customer_set_password_url": null,
      "automatically_confirm_all_new_orders": true,
      "fulfillment_auto_approve": true,
      "fulfillment_allow_unpaid": true,
      "reserve_stock_duration_anonymous_user": null,
      "reserve_stock_duration_authenticated_user": null,
      "limit_quantity_per_checkout": 50,
      "gift_card_expiry_type": "never_expire",
      "gift_card_expiry_period_type": null,
      "gift_card_expiry_period": null,
      "automatically_fulfill_non_shippable_gift_card": true
    }
  },
  {
    "model": "page.page",
    "pk": 3,
    "fields": {
      "published_at": "2022-05-13T00:00:00Z",
      "is_published": true,
      "private_metadata": {},
      "metadata": {},
      "seo_title": "",
      "seo_description": "",
      "slug": "about",
      "title": "About",
      "page_type": 4,
      "content": {
        "time": 1652791943847,
        "blocks": [
          {
            "id": "1rqw8KEYBR",
            "data": {
              "text": "1 Saleor is a rapidly growing all-out commerce API. Saleor is <b>fully open-source, and 100% focused on the GraphQL</b>&nbsp;interface. Our mission is to provide unparalleled extensibility."
            },
            "type": "paragraph"
          },
          {
            "id": "Is0DQGyb93",
            "data": {
              "text": "2 We make it easy for front-end teams to <b>prototype fast, experiment, and build wonderful, unrestricted storefront experiences</b>."
            },
            "type": "paragraph"
          },
          {
            "id": "IwwtFzGF2A",
            "data": {
              "text": "3 We enable developers to <a href=\"https://docs.saleor.io/docs/3.x/developer/extending/apps/key-concepts\">extend Saleor</a> easily via [Saleor Apps](https://github.com/saleor/saleor-app-template), a robust tally of async/sync webhooks, and a composable Dashboard. "
            },
            "type": "paragraph"
          },
          {
            "id": "lJNRLN33D3",
            "data": {
              "text": "4 We allow brands to own their data and go fast while staying fully flexible with <a href=\"https://cloud.saleor.io\">Saleor Cloud</a>."
            },
            "type": "paragraph"
          }
        ],
        "version": "2.22.2"
      },
      "created_at": "2022-05-13T16:45:57.101Z"
    }
  },
  {
    "model": "page.pagetype",
    "pk": 4,
    "fields": {
      "private_metadata": {},
      "metadata": {},
      "name": "Simple",
      "slug": "default-page"
    }
  },
  {
    "model": "warehouse.warehouse",
    "pk": "43bea6af-8cea-40cd-9760-cab77416f207",
    "fields": {
      "private_metadata": {},
      "metadata": {},
      "name": "Global",
      "slug": "global",
      "address": 470,
      "email": "",
      "click_and_collect_option": "disabled",
      "is_private": true,
      "shipping_zones": [26]
    }
  },
  {
    "model": "warehouse.stock",
    "pk": 3961,
    "fields": {
      "warehouse": "43bea6af-8cea-40cd-9760-cab77416f207",
      "product_variant": 324,
      "quantity": 4560,
      "quantity_allocated": 0
    }
  },
  {
    "model": "warehouse.stock",
    "pk": 3962,
    "fields": {
      "warehouse": "43bea6af-8cea-40cd-9760-cab77416f207",
      "product_variant": 325,
      "quantity": 500,
      "quantity_allocated": 0
    }
  },
  {
    "model": "warehouse.stock",
    "pk": 3963,
    "fields": {
      "warehouse": "43bea6af-8cea-40cd-9760-cab77416f207",
      "product_variant": 326,
      "quantity": 500,
      "quantity_allocated": 0
    }
  },
  {
    "model": "warehouse.stock",
    "pk": 3964,
    "fields": {
      "warehouse": "43bea6af-8cea-40cd-9760-cab77416f207",
      "product_variant": 327,
      "quantity": 500,
      "quantity_allocated": 0
    }
  },
  {
    "model": "warehouse.stock",
    "pk": 3965,
    "fields": {
      "warehouse": "43bea6af-8cea-40cd-9760-cab77416f207",
      "product_variant": 328,
      "quantity": 500,
      "quantity_allocated": 0
    }
  },
  {
    "model": "warehouse.stock",
    "pk": 3966,
    "fields": {
      "warehouse": "43bea6af-8cea-40cd-9760-cab77416f207",
      "product_variant": 329,
      "quantity": 500,
      "quantity_allocated": 0
    }
  },
  {
    "model": "warehouse.stock",
    "pk": 3967,
    "fields": {
      "warehouse": "43bea6af-8cea-40cd-9760-cab77416f207",
      "product_variant": 330,
      "quantity": 500,
      "quantity_allocated": 0
    }
  },
  {
    "model": "warehouse.stock",
    "pk": 3968,
    "fields": {
      "warehouse": "43bea6af-8cea-40cd-9760-cab77416f207",
      "product_variant": 331,
      "quantity": 500,
      "quantity_allocated": 0
    }
  },
  {
    "model": "warehouse.stock",
    "pk": 3969,
    "fields": {
      "warehouse": "43bea6af-8cea-40cd-9760-cab77416f207",
      "product_variant": 332,
      "quantity": 1000,
      "quantity_allocated": 0
    }
  },
  {
    "model": "warehouse.stock",
    "pk": 3970,
    "fields": {
      "warehouse": "43bea6af-8cea-40cd-9760-cab77416f207",
      "product_variant": 333,
      "quantity": 1000,
      "quantity_allocated": 0
    }
  },
  {
    "model": "warehouse.stock",
    "pk": 3971,
    "fields": {
      "warehouse": "43bea6af-8cea-40cd-9760-cab77416f207",
      "product_variant": 334,
      "quantity": 1000,
      "quantity_allocated": 0
    }
  },
  {
    "model": "warehouse.stock",
    "pk": 3972,
    "fields": {
      "warehouse": "43bea6af-8cea-40cd-9760-cab77416f207",
      "product_variant": 335,
      "quantity": 300,
      "quantity_allocated": 0
    }
  },
  {
    "model": "warehouse.stock",
    "pk": 3973,
    "fields": {
      "warehouse": "43bea6af-8cea-40cd-9760-cab77416f207",
      "product_variant": 336,
      "quantity": 300,
      "quantity_allocated": 0
    }
  },
  {
    "model": "warehouse.stock",
    "pk": 3974,
    "fields": {
      "warehouse": "43bea6af-8cea-40cd-9760-cab77416f207",
      "product_variant": 337,
      "quantity": 300,
      "quantity_allocated": 0
    }
  },
  {
    "model": "warehouse.stock",
    "pk": 3975,
    "fields": {
      "warehouse": "43bea6af-8cea-40cd-9760-cab77416f207",
      "product_variant": 338,
      "quantity": 300,
      "quantity_allocated": 0
    }
  },
  {
    "model": "warehouse.stock",
    "pk": 3976,
    "fields": {
      "warehouse": "43bea6af-8cea-40cd-9760-cab77416f207",
      "product_variant": 339,
      "quantity": 300,
      "quantity_allocated": 0
    }
  },
  {
    "model": "warehouse.stock",
    "pk": 3977,
    "fields": {
      "warehouse": "43bea6af-8cea-40cd-9760-cab77416f207",
      "product_variant": 340,
      "quantity": 400,
      "quantity_allocated": 0
    }
  },
  {
    "model": "warehouse.stock",
    "pk": 3978,
    "fields": {
      "warehouse": "43bea6af-8cea-40cd-9760-cab77416f207",
      "product_variant": 341,
      "quantity": 400,
      "quantity_allocated": 0
    }
  },
  {
    "model": "warehouse.stock",
    "pk": 3979,
    "fields": {
      "warehouse": "43bea6af-8cea-40cd-9760-cab77416f207",
      "product_variant": 342,
      "quantity": 400,
      "quantity_allocated": 0
    }
  },
  {
    "model": "warehouse.stock",
    "pk": 3980,
    "fields": {
      "warehouse": "43bea6af-8cea-40cd-9760-cab77416f207",
      "product_variant": 343,
      "quantity": 400,
      "quantity_allocated": 0
    }
  },
  {
    "model": "warehouse.stock",
    "pk": 3981,
    "fields": {
      "warehouse": "43bea6af-8cea-40cd-9760-cab77416f207",
      "product_variant": 344,
      "quantity": 400,
      "quantity_allocated": 0
    }
  },
  {
    "model": "warehouse.stock",
    "pk": 3982,
    "fields": {
      "warehouse": "43bea6af-8cea-40cd-9760-cab77416f207",
      "product_variant": 348,
      "quantity": 200,
      "quantity_allocated": 0
    }
  },
  {
    "model": "warehouse.stock",
    "pk": 3983,
    "fields": {
      "warehouse": "43bea6af-8cea-40cd-9760-cab77416f207",
      "product_variant": 349,
      "quantity": 200,
      "quantity_allocated": 0
    }
  },
  {
    "model": "warehouse.stock",
    "pk": 3984,
    "fields": {
      "warehouse": "43bea6af-8cea-40cd-9760-cab77416f207",
      "product_variant": 350,
      "quantity": 200,
      "quantity_allocated": 0
    }
  },
  {
    "model": "warehouse.stock",
    "pk": 3985,
    "fields": {
      "warehouse": "43bea6af-8cea-40cd-9760-cab77416f207",
      "product_variant": 351,
      "quantity": 200,
      "quantity_allocated": 0
    }
  },
  {
    "model": "warehouse.stock",
    "pk": 3986,
    "fields": {
      "warehouse": "43bea6af-8cea-40cd-9760-cab77416f207",
      "product_variant": 352,
      "quantity": 200,
      "quantity_allocated": 0
    }
  },
  {
    "model": "warehouse.stock",
    "pk": 3987,
    "fields": {
      "warehouse": "43bea6af-8cea-40cd-9760-cab77416f207",
      "product_variant": 353,
      "quantity": 400,
      "quantity_allocated": 0
    }
  },
  {
    "model": "warehouse.stock",
    "pk": 3988,
    "fields": {
      "warehouse": "43bea6af-8cea-40cd-9760-cab77416f207",
      "product_variant": 354,
      "quantity": 400,
      "quantity_allocated": 0
    }
  },
  {
    "model": "warehouse.stock",
    "pk": 3989,
    "fields": {
      "warehouse": "43bea6af-8cea-40cd-9760-cab77416f207",
      "product_variant": 355,
      "quantity": 400,
      "quantity_allocated": 0
    }
  },
  {
    "model": "warehouse.stock",
    "pk": 3990,
    "fields": {
      "warehouse": "43bea6af-8cea-40cd-9760-cab77416f207",
      "product_variant": 356,
      "quantity": 400,
      "quantity_allocated": 0
    }
  },
  {
    "model": "warehouse.stock",
    "pk": 3991,
    "fields": {
      "warehouse": "43bea6af-8cea-40cd-9760-cab77416f207",
      "product_variant": 357,
      "quantity": 400,
      "quantity_allocated": 0
    }
  },
  {
    "model": "warehouse.stock",
    "pk": 3992,
    "fields": {
      "warehouse": "43bea6af-8cea-40cd-9760-cab77416f207",
      "product_variant": 358,
      "quantity": 800,
      "quantity_allocated": 0
    }
  },
  {
    "model": "warehouse.stock",
    "pk": 3993,
    "fields": {
      "warehouse": "43bea6af-8cea-40cd-9760-cab77416f207",
      "product_variant": 359,
      "quantity": 800,
      "quantity_allocated": 0
    }
  },
  {
    "model": "warehouse.stock",
    "pk": 3994,
    "fields": {
      "warehouse": "43bea6af-8cea-40cd-9760-cab77416f207",
      "product_variant": 360,
      "quantity": 800,
      "quantity_allocated": 0
    }
  },
  {
    "model": "warehouse.stock",
    "pk": 3995,
    "fields": {
      "warehouse": "43bea6af-8cea-40cd-9760-cab77416f207",
      "product_variant": 361,
      "quantity": 1000,
      "quantity_allocated": 0
    }
  },
  {
    "model": "warehouse.stock",
    "pk": 3996,
    "fields": {
      "warehouse": "43bea6af-8cea-40cd-9760-cab77416f207",
      "product_variant": 362,
      "quantity": 1000,
      "quantity_allocated": 0
    }
  },
  {
    "model": "warehouse.stock",
    "pk": 3997,
    "fields": {
      "warehouse": "43bea6af-8cea-40cd-9760-cab77416f207",
      "product_variant": 363,
      "quantity": 1000,
      "quantity_allocated": 0
    }
  },
  {
    "model": "warehouse.stock",
    "pk": 3998,
    "fields": {
      "warehouse": "43bea6af-8cea-40cd-9760-cab77416f207",
      "product_variant": 364,
      "quantity": 695,
      "quantity_allocated": 0
    }
  },
  {
    "model": "warehouse.stock",
    "pk": 3999,
    "fields": {
      "warehouse": "43bea6af-8cea-40cd-9760-cab77416f207",
      "product_variant": 365,
      "quantity": 695,
      "quantity_allocated": 0
    }
  },
  {
    "model": "warehouse.stock",
    "pk": 4000,
    "fields": {
      "warehouse": "43bea6af-8cea-40cd-9760-cab77416f207",
      "product_variant": 366,
      "quantity": 695,
      "quantity_allocated": 0
    }
  },
  {
    "model": "warehouse.stock",
    "pk": 4002,
    "fields": {
      "warehouse": "43bea6af-8cea-40cd-9760-cab77416f207",
      "product_variant": 372,
      "quantity": 500,
      "quantity_allocated": 0
    }
  },
  {
    "model": "warehouse.stock",
    "pk": 4003,
    "fields": {
      "warehouse": "43bea6af-8cea-40cd-9760-cab77416f207",
      "product_variant": 373,
      "quantity": 700,
      "quantity_allocated": 0
    }
  },
  {
    "model": "warehouse.stock",
    "pk": 4004,
    "fields": {
      "warehouse": "43bea6af-8cea-40cd-9760-cab77416f207",
      "product_variant": 374,
      "quantity": 1000,
      "quantity_allocated": 0
    }
  },
  {
    "model": "warehouse.stock",
    "pk": 4005,
    "fields": {
      "warehouse": "43bea6af-8cea-40cd-9760-cab77416f207",
      "product_variant": 375,
      "quantity": 1000,
      "quantity_allocated": 0
    }
  },
  {
    "model": "warehouse.stock",
    "pk": 4006,
    "fields": {
      "warehouse": "43bea6af-8cea-40cd-9760-cab77416f207",
      "product_variant": 376,
      "quantity": 1000,
      "quantity_allocated": 0
    }
  },
  {
    "model": "warehouse.stock",
    "pk": 4007,
    "fields": {
      "warehouse": "43bea6af-8cea-40cd-9760-cab77416f207",
      "product_variant": 377,
      "quantity": 1000,
      "quantity_allocated": 0
    }
  },
  {
    "model": "warehouse.stock",
    "pk": 4008,
    "fields": {
      "warehouse": "43bea6af-8cea-40cd-9760-cab77416f207",
      "product_variant": 378,
      "quantity": 1000,
      "quantity_allocated": 0
    }
  },
  {
    "model": "warehouse.stock",
    "pk": 4009,
    "fields": {
      "warehouse": "43bea6af-8cea-40cd-9760-cab77416f207",
      "product_variant": 379,
      "quantity": 0,
      "quantity_allocated": 0
    }
  },
  {
    "model": "warehouse.stock",
    "pk": 4010,
    "fields": {
      "warehouse": "43bea6af-8cea-40cd-9760-cab77416f207",
      "product_variant": 380,
      "quantity": 0,
      "quantity_allocated": 0
    }
  },
  {
    "model": "warehouse.stock",
    "pk": 4011,
    "fields": {
      "warehouse": "43bea6af-8cea-40cd-9760-cab77416f207",
      "product_variant": 389,
      "quantity": 994,
      "quantity_allocated": 0
    }
  },
  {
    "model": "warehouse.stock",
    "pk": 4012,
    "fields": {
      "warehouse": "43bea6af-8cea-40cd-9760-cab77416f207",
      "product_variant": 390,
      "quantity": 994,
      "quantity_allocated": 0
    }
  },
  {
    "model": "warehouse.stock",
    "pk": 4013,
    "fields": {
      "warehouse": "43bea6af-8cea-40cd-9760-cab77416f207",
      "product_variant": 394,
      "quantity": 1000,
      "quantity_allocated": 0
    }
  },
  {
    "model": "warehouse.stock",
    "pk": 4014,
    "fields": {
      "warehouse": "43bea6af-8cea-40cd-9760-cab77416f207",
      "product_variant": 395,
      "quantity": 1000,
      "quantity_allocated": 0
    }
  },
  {
    "model": "warehouse.stock",
    "pk": 4015,
    "fields": {
      "warehouse": "43bea6af-8cea-40cd-9760-cab77416f207",
      "product_variant": 396,
      "quantity": 1000,
      "quantity_allocated": 0
    }
  },
  {
    "model": "warehouse.stock",
    "pk": 4016,
    "fields": {
      "warehouse": "43bea6af-8cea-40cd-9760-cab77416f207",
      "product_variant": 397,
      "quantity": 1000,
      "quantity_allocated": 0
    }
  },
  {
    "model": "warehouse.stock",
    "pk": 4017,
    "fields": {
      "warehouse": "43bea6af-8cea-40cd-9760-cab77416f207",
      "product_variant": 398,
      "quantity": 1000,
      "quantity_allocated": 0
    }
  }
]
