[
  {
    "model": "product.category",
    "pk": 7,
    "fields": {
      "seo_title": "",
      "seo_description": "",
      "name": "Accessories",
      "slug": "accessories",
      "description": "",
      "description_json": {
        "blocks": [
          {
            "key": "",
            "data": {},
            "text": "",
            "type": "unstyled",
            "depth": 0,
            "entityRanges": [],
            "inlineStyleRanges": []
          }
        ],
        "entityMap": {}
      },
      "parent": null,
      "background_image": "category-backgrounds/accessories.jpg",
      "background_image_alt": "",
      "lft": 1,
      "rght": 2,
      "tree_id": 1,
      "level": 0
    }
  },
  {
    "model": "product.category",
    "pk": 8,
    "fields": {
      "seo_title": "",
      "seo_description": "",
      "name": "Groceries",
      "slug": "groceries",
      "description": "",
      "description_json": {
        "blocks": [
          {
            "key": "",
            "data": {},
            "text": "",
            "type": "unstyled",
            "depth": 0,
            "entityRanges": [],
            "inlineStyleRanges": []
          }
        ],
        "entityMap": {}
      },
      "parent": null,
      "background_image": "category-backgrounds/groceries_HagDCol.jpg",
      "background_image_alt": "",
      "lft": 1,
      "rght": 2,
      "tree_id": 2,
      "level": 0
    }
  },
  {
    "model": "product.category",
    "pk": 9,
    "fields": {
      "seo_title": "",
      "seo_description": "",
      "name": "Apparel",
      "slug": "apparel",
      "description": "",
      "description_json": {
        "blocks": [
          {
            "key": "",
            "data": {},
            "text": "",
            "type": "unstyled",
            "depth": 0,
            "entityRanges": [],
            "inlineStyleRanges": []
          }
        ],
        "entityMap": {}
      },
      "parent": null,
      "background_image": "category-backgrounds/apparel.jpg",
      "background_image_alt": "",
      "lft": 1,
      "rght": 2,
      "tree_id": 3,
      "level": 0
    }
  },
  {
    "model": "product.producttype",
    "pk": 7,
    "fields": {
      "name": "Paint",
      "has_variants": true,
      "is_shipping_required": true,
      "tax_rate": "standard",
      "weight": "1.0 kg"
    }
  },
  {
    "model": "product.producttype",
    "pk": 8,
    "fields": {
      "name": "Music",
      "has_variants": true,
      "is_shipping_required": true,
      "tax_rate": "standard",
      "weight": "0.2 kg"
    }
  },
  {
    "model": "product.producttype",
    "pk": 9,
    "fields": {
      "name": "Juice",
      "has_variants": true,
      "is_shipping_required": true,
      "tax_rate": "standard",
      "weight": "1.0 kg"
    }
  },
  {
    "model": "product.producttype",
    "pk": 10,
    "fields": {
      "name": "Wine",
      "has_variants": false,
      "is_shipping_required": true,
      "tax_rate": "standard",
      "weight": "1.0 kg"
    }
  },
  {
    "model": "product.producttype",
    "pk": 11,
    "fields": {
      "name": "Beer",
      "has_variants": false,
      "is_shipping_required": true,
      "tax_rate": "standard",
      "weight": "1.0 kg"
    }
  },
  {
    "model": "product.producttype",
    "pk": 12,
    "fields": {
      "name": "Cushion",
      "has_variants": true,
      "is_shipping_required": true,
      "tax_rate": "standard",
      "weight": "0.5 kg"
    }
  },
  {
    "model": "product.producttype",
    "pk": 13,
    "fields": {
      "name": "Shoe",
      "has_variants": true,
      "is_shipping_required": true,
      "tax_rate": "standard",
      "weight": "1.0 kg"
    }
  },
  {
    "model": "product.producttype",
    "pk": 14,
    "fields": {
      "name": "Top (clothing)",
      "has_variants": true,
      "is_shipping_required": true,
      "tax_rate": "standard",
      "weight": "1.0 kg"
    }
  },
  {
    "model": "product.product",
    "pk": 61,
    "fields": {
      "publication_date": null,
      "is_published": true,
      "seo_title": "",
      "seo_description": "Tonight, my love, let us take fat brushes and paint the skies with the shades of nebula tides. Get the dark, moody shades of the ether.",
      "product_type": 7,
      "name": "Nebula Night Sky Paint",
      "description": "Tonight, my love, let us take fat brushes and paint the skies with the shades of nebula tides. Get the dark, moody shades of the ether.",
      "description_json": {
        "blocks": [
          {
            "key": "",
            "data": {},
            "text": "Tonight, my love, let us take fat brushes and paint the skies with the shades of nebula tides. Get the dark, moody shades of the ether.",
            "type": "unstyled",
            "depth": 0,
            "entityRanges": [],
            "inlineStyleRanges": []
          }
        ],
        "entityMap": {}
      },
      "category": 7,
      "price": { "_type": "Money", "amount": "15.00", "currency": "USD" },
      "attributes": "{}",
      "updated_at": "2019-03-06T12:47:35.666Z",
      "charge_taxes": true,
      "tax_rate": "standard",
      "weight": "0.0 kg"
    }
  },
  {
    "model": "product.product",
    "pk": 62,
    "fields": {
      "publication_date": null,
      "is_published": true,
      "seo_title": "",
      "seo_description": "The rich, deep hue of space dust. Vacuum packed and airlocked for long-lasting freshness of color.",
      "product_type": 7,
      "name": "Space Dust Navy Paint",
      "description": "The rich, deep hue of space dust. Vacuum packed and airlocked for long-lasting freshness of color.",
      "description_json": {
        "blocks": [
          {
            "key": "",
            "data": {},
            "text": "The rich, deep hue of space dust. Vacuum packed and airlocked for long-lasting freshness of color.",
            "type": "unstyled",
            "depth": 0,
            "entityRanges": [],
            "inlineStyleRanges": []
          }
        ],
        "entityMap": {}
      },
      "category": 7,
      "price": { "_type": "Money", "amount": "15.00", "currency": "USD" },
      "attributes": "{}",
      "updated_at": "2019-03-06T12:47:35.878Z",
      "charge_taxes": true,
      "tax_rate": "standard",
      "weight": "1.0 kg"
    }
  },
  {
    "model": "product.product",
    "pk": 63,
    "fields": {
      "publication_date": null,
      "is_published": true,
      "seo_title": "",
      "seo_description": "",
      "product_type": 7,
      "name": "Red Dwarf Red Paint",
      "description": "We are all connected to the universe, because every cell in our bodies was cooked in the hearts of dying stars. Red Dwarf Paint: the color of Carl Sagan\u2019s dreams.",
      "description_json": {
        "blocks": [
          {
            "key": "",
            "data": {},
            "text": "We are all connected to the universe, because every cell in our bodies was cooked in the hearts of dying stars. Red Dwarf Paint: the color of Carl Sagan\u2019s dreams.",
            "type": "unstyled",
            "depth": 0,
            "entityRanges": [],
            "inlineStyleRanges": []
          }
        ],
        "entityMap": {}
      },
      "category": 7,
      "price": { "_type": "Money", "amount": "15.00", "currency": "USD" },
      "attributes": "{}",
      "updated_at": "2019-03-06T12:47:36.096Z",
      "charge_taxes": true,
      "tax_rate": "standard",
      "weight": "0.0 kg"
    }
  },
  {
    "model": "product.product",
    "pk": 64,
    "fields": {
      "publication_date": null,
      "is_published": true,
      "seo_title": "",
      "seo_description": "There is life in outer space. This vibrant light speed yellow paint brings life to any surface. Goes on easy and dries at light speed.",
      "product_type": 7,
      "name": "Light Speed Yellow Paint",
      "description": "There is life in outer space. This vibrant light speed yellow paint brings life to any surface. Goes on easy and dries at light speed.",
      "description_json": {
        "blocks": [
          {
            "key": "",
            "data": {},
            "text": "There is life in outer space. This vibrant light speed yellow paint brings life to any surface. Goes on easy and dries at light speed.",
            "type": "unstyled",
            "depth": 0,
            "entityRanges": [],
            "inlineStyleRanges": []
          }
        ],
        "entityMap": {}
      },
      "category": 7,
      "price": { "_type": "Money", "amount": "15.00", "currency": "USD" },
      "attributes": "{}",
      "updated_at": "2019-03-06T12:47:36.309Z",
      "charge_taxes": true,
      "tax_rate": "standard",
      "weight": "0.0 kg"
    }
  },
  {
    "model": "product.product",
    "pk": 65,
    "fields": {
      "publication_date": null,
      "is_published": true,
      "seo_title": "",
      "seo_description": "Turquoise is the new black. No more gloomy night skies, brighten up your evenings with hyperspace paint.",
      "product_type": 7,
      "name": "Hyperspace Turquoise Paint",
      "description": "Turquoise is the new black. No more gloomy night skies, brighten up your evenings with hyperspace paint.",
      "description_json": {
        "blocks": [
          {
            "key": "",
            "data": {},
            "text": "Turquoise is the new black. No more gloomy night skies, brighten up your evenings with hyperspace paint.",
            "type": "unstyled",
            "depth": 0,
            "entityRanges": [],
            "inlineStyleRanges": []
          }
        ],
        "entityMap": {}
      },
      "category": 7,
      "price": { "_type": "Money", "amount": "15.00", "currency": "USD" },
      "attributes": "{}",
      "updated_at": "2019-03-06T12:47:36.514Z",
      "charge_taxes": true,
      "tax_rate": "standard",
      "weight": "1.0 kg"
    }
  },
  {
    "model": "product.product",
    "pk": 71,
    "fields": {
      "publication_date": null,
      "is_published": true,
      "seo_title": "",
      "seo_description": "Fell from a tree straight into the bottle. No additives, no preservatives, just the refreshing taste of pure sun-kissed Californian oranges.",
      "product_type": 9,
      "name": "Orange Juice",
      "description": "Fell from a tree straight into the bottle. No additives, no preservatives, just the refreshing taste of pure sun-kissed Californian oranges.",
      "description_json": {
        "blocks": [
          {
            "key": "",
            "data": {},
            "text": "Fell from a tree straight into the bottle. No additives, no preservatives, just the refreshing taste of pure sun-kissed Californian oranges.",
            "type": "unstyled",
            "depth": 0,
            "entityRanges": [],
            "inlineStyleRanges": []
          }
        ],
        "entityMap": {}
      },
      "category": 8,
      "price": { "_type": "Money", "amount": "3.00", "currency": "USD" },
      "attributes": "{\"16\": \"49\"}",
      "updated_at": "2019-03-06T12:47:36.727Z",
      "charge_taxes": true,
      "tax_rate": "standard",
      "weight": "1.0 kg"
    }
  },
  {
    "model": "product.product",
    "pk": 72,
    "fields": {
      "publication_date": null,
      "is_published": true,
      "seo_title": "",
      "seo_description": "Fell straight from the tree, on to Newton\u2019s head, then into the bottle. The autumn taste of English apples. Brought to you by gravity.",
      "product_type": 9,
      "name": "Apple Juice",
      "description": "Fell straight from the tree, on to Newton\u2019s head, then into the bottle. The autumn taste of English apples. Brought to you by gravity.",
      "description_json": {
        "blocks": [
          {
            "key": "",
            "data": {},
            "text": "Fell straight from the tree, on to Newton\u2019s head, then into the bottle. The autumn taste of English apples. Brought to you by gravity.",
            "type": "unstyled",
            "depth": 0,
            "entityRanges": [],
            "inlineStyleRanges": []
          }
        ],
        "entityMap": {}
      },
      "category": 8,
      "price": { "_type": "Money", "amount": "3.00", "currency": "USD" },
      "attributes": "{\"16\": \"3\"}",
      "updated_at": "2019-03-06T12:47:36.885Z",
      "charge_taxes": true,
      "tax_rate": "standard",
      "weight": "1.0 kg"
    }
  },
  {
    "model": "product.product",
    "pk": 73,
    "fields": {
      "publication_date": null,
      "is_published": true,
      "seo_title": "",
      "seo_description": "Improve your eyesight the natural way with 100% pure, squeezed carrot juice. The sweet, orange nectar of Mother Earth.",
      "product_type": 9,
      "name": "Carrot Juice",
      "description": "Improve your eyesight the natural way with 100% pure, squeezed carrot juice. The sweet, orange nectar of Mother Earth.",
      "description_json": {
        "blocks": [
          {
            "key": "",
            "data": {},
            "text": "Improve your eyesight the natural way with 100% pure, squeezed carrot juice. The sweet, orange nectar of Mother Earth.",
            "type": "unstyled",
            "depth": 0,
            "entityRanges": [],
            "inlineStyleRanges": []
          }
        ],
        "entityMap": {}
      },
      "category": 8,
      "price": { "_type": "Money", "amount": "3.00", "currency": "USD" },
      "attributes": "{\"16\": \"52\"}",
      "updated_at": "2019-03-06T12:47:37.040Z",
      "charge_taxes": true,
      "tax_rate": "standard",
      "weight": "1.0 kg"
    }
  },
  {
    "model": "product.product",
    "pk": 74,
    "fields": {
      "publication_date": null,
      "is_published": true,
      "seo_title": "",
      "seo_description": "Build your protein the natural way, with exotic banana juice made from ripe fruit and packed with all the goodness of the tropical sun.",
      "product_type": 9,
      "name": "Banana Juice",
      "description": "Build your protein the natural way, with exotic banana juice made from ripe fruit and packed with all the goodness of the tropical sun.",
      "description_json": {
        "blocks": [
          {
            "key": "",
            "data": {},
            "text": "Build your protein the natural way, with exotic banana juice made from ripe fruit and packed with all the goodness of the tropical sun.",
            "type": "unstyled",
            "depth": 0,
            "entityRanges": [],
            "inlineStyleRanges": []
          }
        ],
        "entityMap": {}
      },
      "category": 8,
      "price": { "_type": "Money", "amount": "3.00", "currency": "USD" },
      "attributes": "{\"16\": \"50\"}",
      "updated_at": "2019-03-06T12:47:37.201Z",
      "charge_taxes": true,
      "tax_rate": "standard",
      "weight": "1.0 kg"
    }
  },
  {
    "model": "product.product",
    "pk": 75,
    "fields": {
      "publication_date": null,
      "is_published": true,
      "seo_title": "",
      "seo_description": "I can\u2019t stand pineapples, so this one is not for me. They have a weird, fluffy, tangy taste. But if it is your kind of thing, then knock yourself out.",
      "product_type": 9,
      "name": "Pineapple Juice",
      "description": "I can\u2019t stand pineapples, so this one is not for me. They have a weird, fluffy, tangy taste. But if it is your kind of thing, then knock yourself out.",
      "description_json": {
        "blocks": [
          {
            "key": "",
            "data": {},
            "text": "I can\u2019t stand pineapples, so this one is not for me. They have a weird, fluffy, tangy taste. But if it is your kind of thing, then knock yourself out.",
            "type": "unstyled",
            "depth": 0,
            "entityRanges": [],
            "inlineStyleRanges": []
          }
        ],
        "entityMap": {}
      },
      "category": 8,
      "price": { "_type": "Money", "amount": "3.00", "currency": "USD" },
      "attributes": "{\"16\": \"1\"}",
      "updated_at": "2019-03-06T12:47:37.363Z",
      "charge_taxes": true,
      "tax_rate": "standard",
      "weight": "1.0 kg"
    }
  },
  {
    "model": "product.product",
    "pk": 76,
    "fields": {
      "publication_date": null,
      "is_published": true,
      "seo_title": "",
      "seo_description": "Did you know falling coconuts kill 150 people a year? But did you know that coconut juice is the new superfood? You win some, you lose some.",
      "product_type": 9,
      "name": "Coconut Juice",
      "description": "Did you know falling coconuts kill 150 people a year? But did you know that coconut juice is the new superfood? You win some, you lose some.",
      "description_json": {
        "blocks": [
          {
            "key": "",
            "data": {},
            "text": "Did you know falling coconuts kill 150 people a year? But did you know that coconut juice is the new superfood? You win some, you lose some.",
            "type": "unstyled",
            "depth": 0,
            "entityRanges": [],
            "inlineStyleRanges": []
          }
        ],
        "entityMap": {}
      },
      "category": 8,
      "price": { "_type": "Money", "amount": "3.00", "currency": "USD" },
      "attributes": "{\"16\": \"2\"}",
      "updated_at": "2019-03-06T12:47:37.517Z",
      "charge_taxes": true,
      "tax_rate": "standard",
      "weight": "1.0 kg"
    }
  },
  {
    "model": "product.product",
    "pk": 77,
    "fields": {
      "publication_date": null,
      "is_published": true,
      "seo_title": "",
      "seo_description": "Is it a bird? Is it a plane? No! It\u2019s some jacked dude who just sucked down a bottle of our brand new power juice! Look at him go!",
      "product_type": 9,
      "name": "Power Juice",
      "description": "Is it a bird? Is a plane? No! It\u2019s some jacked dude who just sucked down a bottle of our brand new power juice! Look at him go!",
      "description_json": {
        "blocks": [
          {
            "key": "",
            "data": {},
            "text": "Is it a bird? Is a plane? No! It\u2019s some jacked dude who just sucked down a bottle of our brand new power juice! Look at him go!",
            "type": "unstyled",
            "depth": 0,
            "entityRanges": [],
            "inlineStyleRanges": []
          }
        ],
        "entityMap": {}
      },
      "category": 8,
      "price": { "_type": "Money", "amount": "3.00", "currency": "USD" },
      "attributes": "{\"16\": \"54\"}",
      "updated_at": "2019-03-06T12:47:37.679Z",
      "charge_taxes": true,
      "tax_rate": "standard",
      "weight": "1.0 kg"
    }
  },
  {
    "model": "product.product",
    "pk": 78,
    "fields": {
      "publication_date": null,
      "is_published": true,
      "seo_title": "",
      "seo_description": "Brussel sprouts, spinach, peas, kale, lettuce, cabbage, zucchini, more brussel sprouts. All the greens you\u2019ll ever need in one delicious juice.",
      "product_type": 9,
      "name": "Green Juice",
      "description": "Brussel sprouts, spinach, peas, kale, lettuce, cabbage, zucchini, more brussel sprouts. All the greens you\u2019ll ever need in one delicious juice.",
      "description_json": {
        "blocks": [
          {
            "key": "",
            "data": {},
            "text": "Brussel sprouts, spinach, peas, kale, lettuce, cabbage, zucchini, more brussel sprouts. All the greens you\u2019ll ever need in one delicious juice.",
            "type": "unstyled",
            "depth": 0,
            "entityRanges": [],
            "inlineStyleRanges": []
          }
        ],
        "entityMap": {}
      },
      "category": 8,
      "price": { "_type": "Money", "amount": "3.00", "currency": "USD" },
      "attributes": "{\"16\": \"53\"}",
      "updated_at": "2019-03-06T12:47:37.844Z",
      "charge_taxes": true,
      "tax_rate": "standard",
      "weight": "1.0 kg"
    }
  },
  {
    "model": "product.product",
    "pk": 79,
    "fields": {
      "publication_date": null,
      "is_published": true,
      "seo_title": "",
      "seo_description": "Bean there, drunk that! The energy drink for the health-conscious. Brand new bean juice; from allotment to bottle in under 8 hours.",
      "product_type": 9,
      "name": "Bean Juice",
      "description": "Bean there, drunk that! The energy drink for the health-conscious. Brand new bean juice; from allotment to bottle in under 8 hours.",
      "description_json": {
        "blocks": [
          {
            "key": "",
            "data": {},
            "text": "Bean there, drunk that! The energy drink for the health-conscious. Brand new bean juice; from allotment to bottle in under 8 hours.",
            "type": "unstyled",
            "depth": 0,
            "entityRanges": [],
            "inlineStyleRanges": []
          }
        ],
        "entityMap": {}
      },
      "category": 8,
      "price": { "_type": "Money", "amount": "3.00", "currency": "USD" },
      "attributes": "{\"16\": \"51\"}",
      "updated_at": "2019-03-06T12:47:38.007Z",
      "charge_taxes": true,
      "tax_rate": "standard",
      "weight": "1.0 kg"
    }
  },
  {
    "model": "product.product",
    "pk": 81,
    "fields": {
      "publication_date": null,
      "is_published": true,
      "seo_title": "",
      "seo_description": "A fine, mature red with a hint of blackberry, an undertone of the alkaline Burgundy soil, a delicate aftertaste of burnt garlic, and a whole lot of grapes.",
      "product_type": 10,
      "name": "Red Wine",
      "description": "A fine, mature red with a hint of blackberry, an undertone of the alkaline Burgundy soil, a delicate aftertaste of burnt garlic, and a whole lot of grapes.",
      "description_json": {
        "blocks": [
          {
            "key": "",
            "data": {},
            "text": "A fine, mature red with a hint of blackberry, an undertone of the alkaline Burgundy soil, a delicate aftertaste of burnt garlic, and a whole lot of grapes.",
            "type": "unstyled",
            "depth": 0,
            "entityRanges": [],
            "inlineStyleRanges": []
          }
        ],
        "entityMap": {}
      },
      "category": 8,
      "price": { "_type": "Money", "amount": "15.00", "currency": "USD" },
      "attributes": "{\"20\": \"67\"}",
      "updated_at": "2019-03-06T12:47:38.171Z",
      "charge_taxes": true,
      "tax_rate": "",
      "weight": "0.0 kg"
    }
  },
  {
    "model": "product.product",
    "pk": 82,
    "fields": {
      "publication_date": null,
      "is_published": true,
      "seo_title": "",
      "seo_description": "Watch the slow setting sun of a wild summer evening sink into the horizon as you sip white wine that tastes like bittersweet memories of halcyon days.",
      "product_type": 10,
      "name": "White Wine",
      "description": "Watch the slow setting sun of a wild summer evening sink into the horizon as you sip white wine that tastes like bittersweet memories of halcyon days.",
      "description_json": {
        "blocks": [
          {
            "key": "",
            "data": {},
            "text": "Watch the slow setting sun of a wild summer evening sink into the horizon as you sip white wine that tastes like bittersweet memories of halcyon days.",
            "type": "unstyled",
            "depth": 0,
            "entityRanges": [],
            "inlineStyleRanges": []
          }
        ],
        "entityMap": {}
      },
      "category": 8,
      "price": { "_type": "Money", "amount": "15.00", "currency": "USD" },
      "attributes": "{\"20\": \"67\"}",
      "updated_at": "2019-03-06T12:47:38.362Z",
      "charge_taxes": true,
      "tax_rate": "",
      "weight": "0.0 kg"
    }
  },
  {
    "model": "product.product",
    "pk": 83,
    "fields": {
      "publication_date": null,
      "is_published": true,
      "seo_title": "",
      "seo_description": "Find your sea legs and then lose the power to use them with extra strong seaman\u2019s lager. Don\u2019t drink and sail, me hearties!",
      "product_type": 11,
      "name": "Seaman Lager",
      "description": "Find your sea legs and then lose the power to use them with extra strong seaman\u2019s lager. Don\u2019t drink and sail, me hearties!",
      "description_json": {
        "blocks": [
          {
            "key": "",
            "data": {},
            "text": "Find your sea legs and then lose the power to use them with extra strong seaman\u2019s lager. Don\u2019t drink and sail, me hearties!",
            "type": "unstyled",
            "depth": 0,
            "entityRanges": [],
            "inlineStyleRanges": []
          }
        ],
        "entityMap": {}
      },
      "category": 8,
      "price": { "_type": "Money", "amount": "3.00", "currency": "USD" },
      "attributes": "{\"15\": \"46\", \"21\": \"68\"}",
      "updated_at": "2019-03-06T12:47:38.530Z",
      "charge_taxes": true,
      "tax_rate": "standard",
      "weight": "1.0 kg"
    }
  },
  {
    "model": "product.product",
    "pk": 84,
    "fields": {
      "publication_date": null,
      "is_published": true,
      "seo_title": "",
      "seo_description": "Best beer on the seven seas. A dark ale for when the dark clouds gather overhead. The nutty nautical taste that sailors love.",
      "product_type": 11,
      "name": "Seaman Beer",
      "description": "Best beer on the seven seas. A dark ale for when the dark clouds gather overhead. The nutty nautical taste that sailors love.",
      "description_json": {
        "blocks": [
          {
            "key": "",
            "data": {},
            "text": "Best beer on the seven seas. A dark ale for when the dark clouds gather overhead. The nutty nautical taste that sailors love.",
            "type": "unstyled",
            "depth": 0,
            "entityRanges": [],
            "inlineStyleRanges": []
          }
        ],
        "entityMap": {}
      },
      "category": 8,
      "price": { "_type": "Money", "amount": "3.20", "currency": "USD" },
      "attributes": "{\"15\": \"46\", \"21\": \"69\"}",
      "updated_at": "2019-03-06T12:47:38.875Z",
      "charge_taxes": true,
      "tax_rate": "standard",
      "weight": "1.0 kg"
    }
  },
  {
    "model": "product.product",
    "pk": 85,
    "fields": {
      "publication_date": null,
      "is_published": true,
      "seo_title": "",
      "seo_description": "Add a little color to your life with a Saleor parrot cushion. Turns any old sofa into a rainbow of classy interior design.",
      "product_type": 12,
      "name": "Colored Parrot Cushion",
      "description": "Add a little color to your life with a Saleor parrot cushion. Turns any old sofa into a rainbow of classy interior design.",
      "description_json": {
        "blocks": [
          {
            "key": "",
            "data": {},
            "text": "Add a little color to your life with a Saleor parrot cushion. Turns any old sofa into a rainbow of classy interior design.",
            "type": "unstyled",
            "depth": 0,
            "entityRanges": [],
            "inlineStyleRanges": []
          }
        ],
        "entityMap": {}
      },
      "category": 7,
      "price": { "_type": "Money", "amount": "20.00", "currency": "USD" },
      "attributes": "{\"23\": \"72\"}",
      "updated_at": "2019-03-06T12:47:39.256Z",
      "charge_taxes": true,
      "tax_rate": "standard",
      "weight": "0.0 kg"
    }
  },
  {
    "model": "product.product",
    "pk": 86,
    "fields": {
      "publication_date": null,
      "is_published": true,
      "seo_title": "",
      "seo_description": "Minimalist interiors need simple, sleek soft furnishings. Don\u2019t parrot what others do, set your own monochrome trends with Saleor designs.",
      "product_type": 12,
      "name": "White Parrot Cushion",
      "description": "Minimalist interiors need simple, sleek soft furnishings. Don\u2019t parrot what others do, set your own monochrome trends with Saleor designs.",
      "description_json": {
        "blocks": [
          {
            "key": "",
            "data": {},
            "text": "Minimalist interiors need simple, sleek soft furnishings. Don\u2019t parrot what others do, set your own monochrome trends with Saleor designs.",
            "type": "unstyled",
            "depth": 0,
            "entityRanges": [],
            "inlineStyleRanges": []
          }
        ],
        "entityMap": {}
      },
      "category": 7,
      "price": { "_type": "Money", "amount": "20.00", "currency": "USD" },
      "attributes": "{\"23\": \"72\"}",
      "updated_at": "2019-03-06T12:47:39.501Z",
      "charge_taxes": true,
      "tax_rate": "standard",
      "weight": "0.0 kg"
    }
  },
  {
    "model": "product.product",
    "pk": 87,
    "fields": {
      "publication_date": null,
      "is_published": true,
      "seo_title": "",
      "seo_description": "Mellow yellow. Step into summer with Saleor. Every time your head goes down, you see these beauties, and your mood bounces right back up.",
      "product_type": 13,
      "name": "Yellow Plimsolls",
      "description": "Mellow yellow. Step into summer with Saleor. Every time your head goes down, you see these beauties, and your mood bounces right back up.",
      "description_json": {
        "blocks": [
          {
            "key": "",
            "data": {},
            "text": "Mellow yellow. Step into summer with Saleor. Every time your head goes down, you see these beauties, and your mood bounces right back up.",
            "type": "unstyled",
            "depth": 0,
            "entityRanges": [],
            "inlineStyleRanges": []
          }
        ],
        "entityMap": {}
      },
      "category": 9,
      "price": { "_type": "Money", "amount": "59.00", "currency": "USD" },
      "attributes": "{}",
      "updated_at": "2019-03-06T12:47:39.769Z",
      "charge_taxes": true,
      "tax_rate": "standard",
      "weight": "0.0 kg"
    }
  },
  {
    "model": "product.product",
    "pk": 88,
    "fields": {
      "publication_date": null,
      "is_published": true,
      "seo_title": "",
      "seo_description": "PE at school wouldn\u2019t have been such a drag with these on your feet. Slip on the style and stride tall with Saleor branded plimsolls. PE now stands for pretty elegant.",
      "product_type": 13,
      "name": "White Plimsolls",
      "description": "PE at school wouldn\u2019t have been such a drag with these on your feet. Slip on the style and stride tall with Saleor branded plimsolls. PE now stands for pretty elegant.",
      "description_json": {
        "blocks": [
          {
            "key": "",
            "data": {},
            "text": "PE at school wouldn\u2019t have been such a drag with these on your feet. Slip on the style and stride tall with Saleor branded plimsolls. PE now stands for pretty elegant.",
            "type": "unstyled",
            "depth": 0,
            "entityRanges": [],
            "inlineStyleRanges": []
          }
        ],
        "entityMap": {}
      },
      "category": 9,
      "price": { "_type": "Money", "amount": "49.00", "currency": "USD" },
      "attributes": "{}",
      "updated_at": "2019-03-06T12:47:40.537Z",
      "charge_taxes": true,
      "tax_rate": "standard",
      "weight": "1.0 kg"
    }
  },
  {
    "model": "product.product",
    "pk": 89,
    "fields": {
      "publication_date": null,
      "is_published": true,
      "seo_title": "",
      "seo_description": "Pay homage to the music and art of Joy Division and Peter Saville, but with a Mirumee twist. Perfect live transmission apparel for dead souls.",
      "product_type": 14,
      "name": "Code Division T-shirt",
      "description": "Pay homage to the music and art of a Joy Division and Peter Saville, but with a Mirumee twist. Perfect live transmission apparel for dead souls.",
      "description_json": {
        "blocks": [
          {
            "key": "",
            "data": {},
            "text": "Pay homage to the music and art of a Joy Division and Peter Saville, but with a Mirumee twist. Perfect live transmission apparel for dead souls.",
            "type": "unstyled",
            "depth": 0,
            "entityRanges": [],
            "inlineStyleRanges": []
          }
        ],
        "entityMap": {}
      },
      "category": 9,
      "price": { "_type": "Money", "amount": "30.00", "currency": "USD" },
      "attributes": "{\"25\": \"82\"}",
      "updated_at": "2019-03-06T12:47:41.280Z",
      "charge_taxes": true,
      "tax_rate": "standard",
      "weight": "0.0 kg"
    }
  },
  {
    "model": "product.product",
    "pk": 107,
    "fields": {
      "publication_date": null,
      "is_published": true,
      "seo_title": "",
      "seo_description": "Ever have those days where you feel a bit geometric? Can't quite shape yourself up right? Show your different sides with a Saleor styles.",
      "product_type": 14,
      "name": "Polo Shirt",
      "description": "Ever have those days where you feel a bit geometric? Can't quite shape yourself up right? Show your different sides with a Saleor styles.",
      "description_json": {
        "blocks": [
          {
            "key": "",
            "data": {},
            "text": "Ever have those days where you feel a bit geometric? Can't quite shape yourself up right? Show your different sides with a Saleor styles.",
            "type": "unstyled",
            "depth": 0,
            "entityRanges": [],
            "inlineStyleRanges": []
          }
        ],
        "entityMap": {}
      },
      "category": 9,
      "price": { "_type": "Money", "amount": "30.00", "currency": "USD" },
      "attributes": "{\"25\": \"82\"}",
      "updated_at": "2019-03-06T12:47:41.681Z",
      "charge_taxes": true,
      "tax_rate": "standard",
      "weight": "0.0 kg"
    }
  },
  {
    "model": "product.product",
    "pk": 108,
    "fields": {
      "publication_date": null,
      "is_published": true,
      "seo_title": "",
      "seo_description": "Polo? Yolo\u2026 so don\u2019t waste time on the wrong apparel. Choose a polo shirt that looks as good as you feel.",
      "product_type": 14,
      "name": "Polo Shirt",
      "description": "Polo? Yolo\u2026 so don\u2019t waste time on the wrong apparel. Choose a polo shirt that looks as good as you feel.",
      "description_json": {
        "blocks": [
          {
            "key": "",
            "data": {},
            "text": "Polo? Yolo\u2026 so don\u2019t waste time on the wrong apparel. Choose a polo shirt that looks as good as you feel.",
            "type": "unstyled",
            "depth": 0,
            "entityRanges": [],
            "inlineStyleRanges": []
          }
        ],
        "entityMap": {}
      },
      "category": 9,
      "price": { "_type": "Money", "amount": "30.00", "currency": "USD" },
      "attributes": "{\"25\": \"82\"}",
      "updated_at": "2019-03-06T12:47:41.972Z",
      "charge_taxes": true,
      "tax_rate": "standard",
      "weight": "0.0 kg"
    }
  },
  {
    "model": "product.product",
    "pk": 109,
    "fields": {
      "publication_date": null,
      "is_published": true,
      "seo_title": "",
      "seo_description": "Wondering if this will look as good on you as it does on the screen? The answer is yes. A quality polo with smart styling.",
      "product_type": 14,
      "name": "Polo Shirt",
      "description": "Wondering if this will look as good on you as it does on the screen? The answer is yes. A quality polo with smart styling.",
      "description_json": {
        "blocks": [
          {
            "key": "",
            "data": {},
            "text": "Wondering if this will look as good on you as it does on the screen? The answer is yes. A quality polo with smart styling.",
            "type": "unstyled",
            "depth": 0,
            "entityRanges": [],
            "inlineStyleRanges": []
          }
        ],
        "entityMap": {}
      },
      "category": 9,
      "price": { "_type": "Money", "amount": "30.00", "currency": "USD" },
      "attributes": "{\"25\": \"82\"}",
      "updated_at": "2019-03-06T12:47:42.283Z",
      "charge_taxes": true,
      "tax_rate": "standard",
      "weight": "0.0 kg"
    }
  },
  {
    "model": "product.product",
    "pk": 110,
    "fields": {
      "publication_date": null,
      "is_published": true,
      "seo_title": "",
      "seo_description": "They say polo is the sport of kings. Or was that stamp collecting? Either way, this shirt is fit for a king of Saturday night.",
      "product_type": 14,
      "name": "Polo Shirt",
      "description": "They say polo is the sport of kings. Or was that stamp collecting? Either way, this shirt is fit for a king of Saturday night.",
      "description_json": {
        "blocks": [
          {
            "key": "",
            "data": {},
            "text": "They say polo is the sport of kings. Or was that stamp collecting? Either way, this shirt is fit for a king of Saturday night.",
            "type": "unstyled",
            "depth": 0,
            "entityRanges": [],
            "inlineStyleRanges": []
          }
        ],
        "entityMap": {}
      },
      "category": 9,
      "price": { "_type": "Money", "amount": "30.00", "currency": "USD" },
      "attributes": "{\"25\": \"82\"}",
      "updated_at": "2019-03-06T12:47:42.524Z",
      "charge_taxes": true,
      "tax_rate": "standard",
      "weight": "0.0 kg"
    }
  },
  {
    "model": "product.product",
    "pk": 111,
    "fields": {
      "publication_date": null,
      "is_published": true,
      "seo_title": "",
      "seo_description": "One style fits all. Get a look that works even when you are taking it easy. Relaxed wear for the masses.",
      "product_type": 14,
      "name": "T-shirt",
      "description": "One style fits all. Get a look that works even when you are taking it easy. Relaxed wear for the masses.",
      "description_json": {
        "blocks": [
          {
            "key": "",
            "data": {},
            "text": "One style fits all. Get a look that works even when you are taking it easy. Relaxed wear for the masses.",
            "type": "unstyled",
            "depth": 0,
            "entityRanges": [],
            "inlineStyleRanges": []
          }
        ],
        "entityMap": {}
      },
      "category": 9,
      "price": { "_type": "Money", "amount": "30.00", "currency": "USD" },
      "attributes": "{\"25\": \"82\"}",
      "updated_at": "2019-03-06T12:47:42.771Z",
      "charge_taxes": true,
      "tax_rate": "standard",
      "weight": "0.0 kg"
    }
  },
  {
    "model": "product.product",
    "pk": 112,
    "fields": {
      "publication_date": null,
      "is_published": true,
      "seo_title": "",
      "seo_description": "A classic tee for a timeless look, at a great price. Feel like a million bucks without breaking the bank.",
      "product_type": 14,
      "name": "T-shirt",
      "description": "A classic tee for a timeless look, at a great price. Feel like a million bucks without breaking the bank.",
      "description_json": {
        "blocks": [
          {
            "key": "",
            "data": {},
            "text": "A classic tee for a timeless look, at a great price. Feel like a million bucks without breaking the bank.",
            "type": "unstyled",
            "depth": 0,
            "entityRanges": [],
            "inlineStyleRanges": []
          }
        ],
        "entityMap": {}
      },
      "category": 9,
      "price": { "_type": "Money", "amount": "30.00", "currency": "USD" },
      "attributes": "{\"25\": \"82\"}",
      "updated_at": "2019-03-06T12:47:43.640Z",
      "charge_taxes": true,
      "tax_rate": "standard",
      "weight": "0.0 kg"
    }
  },
  {
    "model": "product.product",
    "pk": 113,
    "fields": {
      "publication_date": null,
      "is_published": true,
      "seo_title": "",
      "seo_description": "Want to look like you just fell out of bed? Sometimes style can be effortless. Throw it on get on with having a good day.",
      "product_type": 14,
      "name": "T-shirt",
      "description": "Want to look like you just fell out of bed? Sometimes style can be effortless. Throw it on get on with having a good day.",
      "description_json": {
        "blocks": [
          {
            "key": "",
            "data": {},
            "text": "Want to look like you just fell out of bed? Sometimes style can be effortless. Throw it on get on with having a good day.",
            "type": "unstyled",
            "depth": 0,
            "entityRanges": [],
            "inlineStyleRanges": []
          }
        ],
        "entityMap": {}
      },
      "category": 9,
      "price": { "_type": "Money", "amount": "30.00", "currency": "USD" },
      "attributes": "{\"25\": \"82\"}",
      "updated_at": "2019-03-06T12:47:44.067Z",
      "charge_taxes": true,
      "tax_rate": "standard",
      "weight": "0.0 kg"
    }
  },
  {
    "model": "product.product",
    "pk": 114,
    "fields": {
      "publication_date": null,
      "is_published": true,
      "seo_title": "",
      "seo_description": "Your t-shirt is your second skin. It\u2019s the version of you that you show to the world. Wear one that flows with your movements and is built to last.",
      "product_type": 14,
      "name": "T-shirt",
      "description": "Your t-shirt is your second skin. It\u2019s the version of you that you show to the world. Wear one that flows with your movements and is built to last.",
      "description_json": {
        "blocks": [
          {
            "key": "",
            "data": {},
            "text": "Your t-shirt is your second skin. It\u2019s the version of you that you show to the world. Wear one that flows with your movements and is built to last.",
            "type": "unstyled",
            "depth": 0,
            "entityRanges": [],
            "inlineStyleRanges": []
          }
        ],
        "entityMap": {}
      },
      "category": 9,
      "price": { "_type": "Money", "amount": "30.00", "currency": "USD" },
      "attributes": "{\"25\": \"82\"}",
      "updated_at": "2019-03-06T12:47:44.582Z",
      "charge_taxes": true,
      "tax_rate": "standard",
      "weight": "0.0 kg"
    }
  },
  {
    "model": "product.product",
    "pk": 115,
    "fields": {
      "publication_date": null,
      "is_published": true,
      "seo_title": "",
      "seo_description": "Special offer. Buy a hood and get a free jet black sweater attached. Perfect for when you are up to no good.",
      "product_type": 14,
      "name": "Black Hoodie",
      "description": "Special offer. Buy a hood and get a free jet black sweater attached. Perfect for when you are up to no good.",
      "description_json": {
        "blocks": [
          {
            "key": "",
            "data": {},
            "text": "Special offer. Buy a hood and get a free jet black sweater attached. Perfect for when you are up to no good.",
            "type": "unstyled",
            "depth": 0,
            "entityRanges": [],
            "inlineStyleRanges": []
          }
        ],
        "entityMap": {}
      },
      "category": 9,
      "price": { "_type": "Money", "amount": "30.00", "currency": "USD" },
      "attributes": "{\"25\": \"82\"}",
      "updated_at": "2019-03-06T12:47:45.080Z",
      "charge_taxes": true,
      "tax_rate": "standard",
      "weight": "0.0 kg"
    }
  },
  {
    "model": "product.product",
    "pk": 116,
    "fields": {
      "publication_date": null,
      "is_published": true,
      "seo_title": "",
      "seo_description": "Special offer. Buy a superhero blue sweater and get a free hood attached. Ideal for when you are out saving the world.",
      "product_type": 14,
      "name": "Blue Hoodie",
      "description": "Special offer. Buy a superhero blue sweater and get a free hood attached. Ideal for when you are out saving the world.",
      "description_json": {
        "blocks": [
          {
            "key": "",
            "data": {},
            "text": "Special offer. Buy a superhero blue sweater and get a free hood attached. Ideal for when you are out saving the world.",
            "type": "unstyled",
            "depth": 0,
            "entityRanges": [],
            "inlineStyleRanges": []
          }
        ],
        "entityMap": {}
      },
      "category": 9,
      "price": { "_type": "Money", "amount": "30.00", "currency": "USD" },
      "attributes": "{\"25\": \"82\"}",
      "updated_at": "2019-03-06T12:47:45.376Z",
      "charge_taxes": true,
      "tax_rate": "standard",
      "weight": "0.0 kg"
    }
  },
  {
    "model": "product.product",
    "pk": 117,
    "fields": {
      "publication_date": null,
      "is_published": true,
      "seo_title": "",
      "seo_description": "Who dunnit? It was Colonel Mustard, in the dining room, with the lead piping, wearing this hot as mustard hoodie.",
      "product_type": 14,
      "name": "Mustard Hoodie",
      "description": "Who dunnit? It was Colonel Mustard, in the dining room, with the lead piping, wearing this hot as mustard hoodie.",
      "description_json": {
        "blocks": [
          {
            "key": "",
            "data": {},
            "text": "Who dunnit? It was Colonel Mustard, in the dining room, with the lead piping, wearing this hot as mustard hoodie.",
            "type": "unstyled",
            "depth": 0,
            "entityRanges": [],
            "inlineStyleRanges": []
          }
        ],
        "entityMap": {}
      },
      "category": 9,
      "price": { "_type": "Money", "amount": "30.00", "currency": "USD" },
      "attributes": "{\"25\": \"82\"}",
      "updated_at": "2019-03-06T12:47:45.669Z",
      "charge_taxes": true,
      "tax_rate": "standard",
      "weight": "0.0 kg"
    }
  },
  {
    "model": "product.product",
    "pk": 118,
    "fields": {
      "publication_date": null,
      "is_published": true,
      "seo_title": "",
      "seo_description": "Get your slouch on and be seen with a whiter than white hoodie straight from the streets. Relaxed stylin\u2019 and profilin\u2019 with flair.",
      "product_type": 14,
      "name": "White Hoodie",
      "description": "Get your slouch on and be seen with a whiter than white hoodie straight from the streets. Relaxed stylin\u2019 and profilin\u2019 with flair.",
      "description_json": {
        "blocks": [
          {
            "key": "",
            "data": {},
            "text": "Get your slouch on and be seen with a whiter than white hoodie straight from the streets. Relaxed stylin\u2019 and profilin\u2019 with flair.",
            "type": "unstyled",
            "depth": 0,
            "entityRanges": [],
            "inlineStyleRanges": []
          }
        ],
        "entityMap": {}
      },
      "category": 9,
      "price": { "_type": "Money", "amount": "30.00", "currency": "USD" },
      "attributes": "{\"25\": \"82\"}",
      "updated_at": "2019-03-06T12:47:45.937Z",
      "charge_taxes": true,
      "tax_rate": "standard",
      "weight": "0.0 kg"
    }
  },
  {
    "model": "product.productvariant",
    "pk": 171,
    "fields": {
      "sku": "546451996",
      "name": "1l",
      "price_override": {
        "_type": "Money",
        "amount": "15.00",
        "currency": "USD"
      },
      "product": 61,
      "attributes": "{\"18\": \"60\"}",
      "track_inventory": true,
      "quantity": 113,
      "quantity_allocated": 14,
      "cost_price": { "_type": "Money", "amount": "5.00", "currency": "USD" },
      "weight": "1.0 kg"
    }
  },
  {
    "model": "product.productvariant",
    "pk": 172,
    "fields": {
      "sku": "546451997",
      "name": "2.5l",
      "price_override": {
        "_type": "Money",
        "amount": "35.00",
        "currency": "USD"
      },
      "product": 61,
      "attributes": "{\"18\": \"61\"}",
      "track_inventory": true,
      "quantity": 21,
      "quantity_allocated": 2,
      "cost_price": { "_type": "Money", "amount": "10.00", "currency": "USD" },
      "weight": "2.5 kg"
    }
  },
  {
    "model": "product.productvariant",
    "pk": 173,
    "fields": {
      "sku": "546451999",
      "name": "5l",
      "price_override": {
        "_type": "Money",
        "amount": "49.00",
        "currency": "USD"
      },
      "product": 61,
      "attributes": "{\"18\": \"62\"}",
      "track_inventory": true,
      "quantity": 11,
      "quantity_allocated": 11,
      "cost_price": { "_type": "Money", "amount": "20.00", "currency": "USD" },
      "weight": "5.0 kg"
    }
  },
  {
    "model": "product.productvariant",
    "pk": 174,
    "fields": {
      "sku": "998223591",
      "name": "1l",
      "price_override": {
        "_type": "Money",
        "amount": "15.00",
        "currency": "USD"
      },
      "product": 62,
      "attributes": "{\"18\": \"60\"}",
      "track_inventory": true,
      "quantity": 43,
      "quantity_allocated": 19,
      "cost_price": { "_type": "Money", "amount": "5.00", "currency": "USD" },
      "weight": "1.0 kg"
    }
  },
  {
    "model": "product.productvariant",
    "pk": 175,
    "fields": {
      "sku": "998223599",
      "name": "2.5l",
      "price_override": {
        "_type": "Money",
        "amount": "25.00",
        "currency": "USD"
      },
      "product": 62,
      "attributes": "{\"18\": \"61\"}",
      "track_inventory": true,
      "quantity": 110,
      "quantity_allocated": 0,
      "cost_price": { "_type": "Money", "amount": "10.00", "currency": "USD" },
      "weight": "0.0 kg"
    }
  },
  {
    "model": "product.productvariant",
    "pk": 176,
    "fields": {
      "sku": "998223594",
      "name": "5l",
      "price_override": {
        "_type": "Money",
        "amount": "49.00",
        "currency": "USD"
      },
      "product": 62,
      "attributes": "{\"18\": \"62\"}",
      "track_inventory": true,
      "quantity": 125,
      "quantity_allocated": 14,
      "cost_price": { "_type": "Money", "amount": "25.00", "currency": "USD" },
      "weight": "0.0 kg"
    }
  },
  {
    "model": "product.productvariant",
    "pk": 177,
    "fields": {
      "sku": "998223582",
      "name": "1l",
      "price_override": {
        "_type": "Money",
        "amount": "15.00",
        "currency": "USD"
      },
      "product": 63,
      "attributes": "{\"18\": \"60\"}",
      "track_inventory": true,
      "quantity": 1235,
      "quantity_allocated": 4,
      "cost_price": { "_type": "Money", "amount": "5.00", "currency": "USD" },
      "weight": "1.0 kg"
    }
  },
  {
    "model": "product.productvariant",
    "pk": 178,
    "fields": {
      "sku": "998223583",
      "name": "2.5l",
      "price_override": {
        "_type": "Money",
        "amount": "25.00",
        "currency": "USD"
      },
      "product": 63,
      "attributes": "{\"18\": \"61\"}",
      "track_inventory": true,
      "quantity": 1222,
      "quantity_allocated": 11,
      "cost_price": { "_type": "Money", "amount": "10.00", "currency": "USD" },
      "weight": "2.5 kg"
    }
  },
  {
    "model": "product.productvariant",
    "pk": 179,
    "fields": {
      "sku": "998223584",
      "name": "5l",
      "price_override": {
        "_type": "Money",
        "amount": "49.00",
        "currency": "USD"
      },
      "product": 63,
      "attributes": "{\"18\": \"62\"}",
      "track_inventory": true,
      "quantity": 472,
      "quantity_allocated": 27,
      "cost_price": { "_type": "Money", "amount": "20.00", "currency": "USD" },
      "weight": "5.0 kg"
    }
  },
  {
    "model": "product.productvariant",
    "pk": 180,
    "fields": {
      "sku": "998323582",
      "name": "1l",
      "price_override": {
        "_type": "Money",
        "amount": "15.00",
        "currency": "USD"
      },
      "product": 64,
      "attributes": "{\"18\": \"60\"}",
      "track_inventory": true,
      "quantity": 991,
      "quantity_allocated": 5,
      "cost_price": { "_type": "Money", "amount": "5.00", "currency": "USD" },
      "weight": "1.0 kg"
    }
  },
  {
    "model": "product.productvariant",
    "pk": 181,
    "fields": {
      "sku": "998323583",
      "name": "2.5l",
      "price_override": {
        "_type": "Money",
        "amount": "30.00",
        "currency": "USD"
      },
      "product": 64,
      "attributes": "{\"18\": \"61\"}",
      "track_inventory": true,
      "quantity": 760,
      "quantity_allocated": 9,
      "cost_price": { "_type": "Money", "amount": "10.00", "currency": "USD" },
      "weight": "2.5 kg"
    }
  },
  {
    "model": "product.productvariant",
    "pk": 182,
    "fields": {
      "sku": "998323584",
      "name": "5l",
      "price_override": {
        "_type": "Money",
        "amount": "49.00",
        "currency": "USD"
      },
      "product": 64,
      "attributes": "{\"18\": \"62\"}",
      "track_inventory": true,
      "quantity": 578,
      "quantity_allocated": 7,
      "cost_price": { "_type": "Money", "amount": "15.00", "currency": "USD" },
      "weight": "5.0 kg"
    }
  },
  {
    "model": "product.productvariant",
    "pk": 183,
    "fields": {
      "sku": "998423582",
      "name": "1l",
      "price_override": {
        "_type": "Money",
        "amount": "15.00",
        "currency": "USD"
      },
      "product": 65,
      "attributes": "{\"18\": \"60\"}",
      "track_inventory": true,
      "quantity": 427,
      "quantity_allocated": 16,
      "cost_price": { "_type": "Money", "amount": "5.00", "currency": "USD" },
      "weight": "1.0 kg"
    }
  },
  {
    "model": "product.productvariant",
    "pk": 184,
    "fields": {
      "sku": "998423583",
      "name": "2.5l",
      "price_override": {
        "_type": "Money",
        "amount": "30.00",
        "currency": "USD"
      },
      "product": 65,
      "attributes": "{\"18\": \"61\"}",
      "track_inventory": true,
      "quantity": 513,
      "quantity_allocated": 2,
      "cost_price": { "_type": "Money", "amount": "10.00", "currency": "USD" },
      "weight": "2.5 kg"
    }
  },
  {
    "model": "product.productvariant",
    "pk": 185,
    "fields": {
      "sku": "998423585",
      "name": "5l",
      "price_override": {
        "_type": "Money",
        "amount": "49.00",
        "currency": "USD"
      },
      "product": 65,
      "attributes": "{\"18\": \"62\"}",
      "track_inventory": true,
      "quantity": 155,
      "quantity_allocated": 14,
      "cost_price": { "_type": "Money", "amount": "15.00", "currency": "USD" },
      "weight": "5.0 kg"
    }
  },
  {
    "model": "product.productvariant",
    "pk": 190,
    "fields": {
      "sku": "988323582",
      "name": "500ml",
      "price_override": null,
      "product": 71,
      "attributes": "{\"15\": \"46\"}",
      "track_inventory": true,
      "quantity": 1221,
      "quantity_allocated": 10,
      "cost_price": { "_type": "Money", "amount": "1.00", "currency": "USD" },
      "weight": "1.0 kg"
    }
  },
  {
    "model": "product.productvariant",
    "pk": 191,
    "fields": {
      "sku": "938323582",
      "name": "1l",
      "price_override": {
        "_type": "Money",
        "amount": "5.00",
        "currency": "USD"
      },
      "product": 71,
      "attributes": "{\"15\": \"47\"}",
      "track_inventory": true,
      "quantity": 177,
      "quantity_allocated": 2,
      "cost_price": { "_type": "Money", "amount": "1.50", "currency": "USD" },
      "weight": "1.0 kg"
    }
  },
  {
    "model": "product.productvariant",
    "pk": 192,
    "fields": {
      "sku": "988323522",
      "name": "2l",
      "price_override": {
        "_type": "Money",
        "amount": "7.00",
        "currency": "USD"
      },
      "product": 71,
      "attributes": "{\"15\": \"48\"}",
      "track_inventory": true,
      "quantity": 221,
      "quantity_allocated": 10,
      "cost_price": { "_type": "Money", "amount": "2.00", "currency": "USD" },
      "weight": "2.0 kg"
    }
  },
  {
    "model": "product.productvariant",
    "pk": 193,
    "fields": {
      "sku": "12312312321",
      "name": "",
      "price_override": null,
      "product": 81,
      "attributes": "{}",
      "track_inventory": true,
      "quantity": 21244,
      "quantity_allocated": 13,
      "cost_price": null,
      "weight": "0.0 kg"
    }
  },
  {
    "model": "product.productvariant",
    "pk": 194,
    "fields": {
      "sku": "1231998121",
      "name": "",
      "price_override": null,
      "product": 82,
      "attributes": "{}",
      "track_inventory": true,
      "quantity": 12157,
      "quantity_allocated": 26,
      "cost_price": null,
      "weight": "0.0 kg"
    }
  },
  {
    "model": "product.productvariant",
    "pk": 195,
    "fields": {
      "sku": "98616712",
      "name": "",
      "price_override": null,
      "product": 83,
      "attributes": "{}",
      "track_inventory": true,
      "quantity": 12136,
      "quantity_allocated": 15,
      "cost_price": null,
      "weight": "0.0 kg"
    }
  },
  {
    "model": "product.productvariant",
    "pk": 196,
    "fields": {
      "sku": "98616713",
      "name": "",
      "price_override": null,
      "product": 84,
      "attributes": "{}",
      "track_inventory": true,
      "quantity": 975527,
      "quantity_allocated": 10,
      "cost_price": null,
      "weight": "0.0 kg"
    }
  },
  {
    "model": "product.productvariant",
    "pk": 197,
    "fields": {
      "sku": "698223582",
      "name": "45cm x 45cm",
      "price_override": {
        "_type": "Money",
        "amount": "20.00",
        "currency": "USD"
      },
      "product": 85,
      "attributes": "{\"22\": \"70\"}",
      "track_inventory": true,
      "quantity": 9869,
      "quantity_allocated": 8,
      "cost_price": { "_type": "Money", "amount": "11.00", "currency": "USD" },
      "weight": "0.0 kg"
    }
  },
  {
    "model": "product.productvariant",
    "pk": 198,
    "fields": {
      "sku": "698223581",
      "name": "55cm x 55cm",
      "price_override": null,
      "product": 85,
      "attributes": "{\"22\": \"71\"}",
      "track_inventory": true,
      "quantity": 687,
      "quantity_allocated": 16,
      "cost_price": { "_type": "Money", "amount": "12.00", "currency": "USD" },
      "weight": "0.0 kg"
    }
  },
  {
    "model": "product.productvariant",
    "pk": 199,
    "fields": {
      "sku": "987126191",
      "name": "45cm x 45cm",
      "price_override": null,
      "product": 86,
      "attributes": "{\"22\": \"70\"}",
      "track_inventory": true,
      "quantity": 572,
      "quantity_allocated": 1,
      "cost_price": { "_type": "Money", "amount": "13.00", "currency": "USD" },
      "weight": "0.0 kg"
    }
  },
  {
    "model": "product.productvariant",
    "pk": 200,
    "fields": {
      "sku": "998223590",
      "name": "55cm x 55cm",
      "price_override": null,
      "product": 86,
      "attributes": "{\"22\": \"71\"}",
      "track_inventory": true,
      "quantity": 1020,
      "quantity_allocated": 21,
      "cost_price": { "_type": "Money", "amount": "13.00", "currency": "USD" },
      "weight": "0.0 kg"
    }
  },
  {
    "model": "product.productvariant",
    "pk": 202,
    "fields": {
      "sku": "93855755",
      "name": "500ml",
      "price_override": null,
      "product": 72,
      "attributes": "{\"15\": \"46\"}",
      "track_inventory": true,
      "quantity": 1218,
      "quantity_allocated": 7,
      "cost_price": { "_type": "Money", "amount": "1.00", "currency": "USD" },
      "weight": "1.0 kg"
    }
  },
  {
    "model": "product.productvariant",
    "pk": 203,
    "fields": {
      "sku": "43226647",
      "name": "1l",
      "price_override": {
        "_type": "Money",
        "amount": "5.00",
        "currency": "USD"
      },
      "product": 72,
      "attributes": "{\"15\": \"47\"}",
      "track_inventory": true,
      "quantity": 178,
      "quantity_allocated": 3,
      "cost_price": { "_type": "Money", "amount": "1.50", "currency": "USD" },
      "weight": "1.0 kg"
    }
  },
  {
    "model": "product.productvariant",
    "pk": 204,
    "fields": {
      "sku": "80884671",
      "name": "2l",
      "price_override": {
        "_type": "Money",
        "amount": "7.00",
        "currency": "USD"
      },
      "product": 72,
      "attributes": "{\"15\": \"48\"}",
      "track_inventory": true,
      "quantity": 224,
      "quantity_allocated": 13,
      "cost_price": { "_type": "Money", "amount": "2.00", "currency": "USD" },
      "weight": "2.0 kg"
    }
  },
  {
    "model": "product.productvariant",
    "pk": 205,
    "fields": {
      "sku": "67882967",
      "name": "500ml",
      "price_override": null,
      "product": 73,
      "attributes": "{\"15\": \"46\"}",
      "track_inventory": true,
      "quantity": 1214,
      "quantity_allocated": 3,
      "cost_price": { "_type": "Money", "amount": "1.00", "currency": "USD" },
      "weight": "1.0 kg"
    }
  },
  {
    "model": "product.productvariant",
    "pk": 206,
    "fields": {
      "sku": "14925419",
      "name": "1l",
      "price_override": {
        "_type": "Money",
        "amount": "5.00",
        "currency": "USD"
      },
      "product": 73,
      "attributes": "{\"15\": \"47\"}",
      "track_inventory": true,
      "quantity": 181,
      "quantity_allocated": 6,
      "cost_price": { "_type": "Money", "amount": "1.50", "currency": "USD" },
      "weight": "1.0 kg"
    }
  },
  {
    "model": "product.productvariant",
    "pk": 207,
    "fields": {
      "sku": "62426105",
      "name": "2l",
      "price_override": {
        "_type": "Money",
        "amount": "7.00",
        "currency": "USD"
      },
      "product": 73,
      "attributes": "{\"15\": \"48\"}",
      "track_inventory": true,
      "quantity": 223,
      "quantity_allocated": 12,
      "cost_price": { "_type": "Money", "amount": "2.00", "currency": "USD" },
      "weight": "2.0 kg"
    }
  },
  {
    "model": "product.productvariant",
    "pk": 208,
    "fields": {
      "sku": "45328412",
      "name": "500ml",
      "price_override": null,
      "product": 74,
      "attributes": "{\"15\": \"46\"}",
      "track_inventory": true,
      "quantity": 1214,
      "quantity_allocated": 3,
      "cost_price": { "_type": "Money", "amount": "1.00", "currency": "USD" },
      "weight": "1.0 kg"
    }
  },
  {
    "model": "product.productvariant",
    "pk": 209,
    "fields": {
      "sku": "27512590",
      "name": "1l",
      "price_override": {
        "_type": "Money",
        "amount": "5.00",
        "currency": "USD"
      },
      "product": 74,
      "attributes": "{\"15\": \"47\"}",
      "track_inventory": true,
      "quantity": 185,
      "quantity_allocated": 10,
      "cost_price": { "_type": "Money", "amount": "1.50", "currency": "USD" },
      "weight": "1.0 kg"
    }
  },
  {
    "model": "product.productvariant",
    "pk": 210,
    "fields": {
      "sku": "40636347",
      "name": "2l",
      "price_override": {
        "_type": "Money",
        "amount": "7.00",
        "currency": "USD"
      },
      "product": 74,
      "attributes": "{\"15\": \"48\"}",
      "track_inventory": true,
      "quantity": 225,
      "quantity_allocated": 14,
      "cost_price": { "_type": "Money", "amount": "2.00", "currency": "USD" },
      "weight": "2.0 kg"
    }
  },
  {
    "model": "product.productvariant",
    "pk": 211,
    "fields": {
      "sku": "43200242",
      "name": "500ml",
      "price_override": null,
      "product": 75,
      "attributes": "{\"15\": \"46\"}",
      "track_inventory": true,
      "quantity": 1216,
      "quantity_allocated": 5,
      "cost_price": { "_type": "Money", "amount": "1.00", "currency": "USD" },
      "weight": "1.0 kg"
    }
  },
  {
    "model": "product.productvariant",
    "pk": 212,
    "fields": {
      "sku": "79129513",
      "name": "1l",
      "price_override": {
        "_type": "Money",
        "amount": "5.00",
        "currency": "USD"
      },
      "product": 75,
      "attributes": "{\"15\": \"47\"}",
      "track_inventory": true,
      "quantity": 187,
      "quantity_allocated": 12,
      "cost_price": { "_type": "Money", "amount": "1.50", "currency": "USD" },
      "weight": "1.0 kg"
    }
  },
  {
    "model": "product.productvariant",
    "pk": 213,
    "fields": {
      "sku": "75799450",
      "name": "2l",
      "price_override": {
        "_type": "Money",
        "amount": "7.00",
        "currency": "USD"
      },
      "product": 75,
      "attributes": "{\"15\": \"48\"}",
      "track_inventory": true,
      "quantity": 225,
      "quantity_allocated": 14,
      "cost_price": { "_type": "Money", "amount": "2.00", "currency": "USD" },
      "weight": "2.0 kg"
    }
  },
  {
    "model": "product.productvariant",
    "pk": 214,
    "fields": {
      "sku": "3944859",
      "name": "500ml",
      "price_override": null,
      "product": 76,
      "attributes": "{\"15\": \"46\"}",
      "track_inventory": true,
      "quantity": 1214,
      "quantity_allocated": 3,
      "cost_price": { "_type": "Money", "amount": "1.00", "currency": "USD" },
      "weight": "1.0 kg"
    }
  },
  {
    "model": "product.productvariant",
    "pk": 215,
    "fields": {
      "sku": "5829405",
      "name": "1l",
      "price_override": {
        "_type": "Money",
        "amount": "5.00",
        "currency": "USD"
      },
      "product": 76,
      "attributes": "{\"15\": \"47\"}",
      "track_inventory": true,
      "quantity": 179,
      "quantity_allocated": 4,
      "cost_price": { "_type": "Money", "amount": "1.50", "currency": "USD" },
      "weight": "1.0 kg"
    }
  },
  {
    "model": "product.productvariant",
    "pk": 216,
    "fields": {
      "sku": "84725784",
      "name": "2l",
      "price_override": {
        "_type": "Money",
        "amount": "7.00",
        "currency": "USD"
      },
      "product": 76,
      "attributes": "{\"15\": \"48\"}",
      "track_inventory": true,
      "quantity": 238,
      "quantity_allocated": 27,
      "cost_price": { "_type": "Money", "amount": "2.00", "currency": "USD" },
      "weight": "2.0 kg"
    }
  },
  {
    "model": "product.productvariant",
    "pk": 217,
    "fields": {
      "sku": "70058446",
      "name": "500ml",
      "price_override": null,
      "product": 77,
      "attributes": "{\"15\": \"46\"}",
      "track_inventory": true,
      "quantity": 1222,
      "quantity_allocated": 11,
      "cost_price": { "_type": "Money", "amount": "1.00", "currency": "USD" },
      "weight": "1.0 kg"
    }
  },
  {
    "model": "product.productvariant",
    "pk": 218,
    "fields": {
      "sku": "94044081",
      "name": "1l",
      "price_override": {
        "_type": "Money",
        "amount": "5.00",
        "currency": "USD"
      },
      "product": 77,
      "attributes": "{\"15\": \"47\"}",
      "track_inventory": true,
      "quantity": 177,
      "quantity_allocated": 2,
      "cost_price": { "_type": "Money", "amount": "1.50", "currency": "USD" },
      "weight": "1.0 kg"
    }
  },
  {
    "model": "product.productvariant",
    "pk": 219,
    "fields": {
      "sku": "80696397",
      "name": "2l",
      "price_override": {
        "_type": "Money",
        "amount": "7.00",
        "currency": "USD"
      },
      "product": 77,
      "attributes": "{\"15\": \"48\"}",
      "track_inventory": true,
      "quantity": 221,
      "quantity_allocated": 10,
      "cost_price": { "_type": "Money", "amount": "2.00", "currency": "USD" },
      "weight": "2.0 kg"
    }
  },
  {
    "model": "product.productvariant",
    "pk": 220,
    "fields": {
      "sku": "60752428",
      "name": "500ml",
      "price_override": null,
      "product": 78,
      "attributes": "{\"15\": \"46\"}",
      "track_inventory": true,
      "quantity": 1216,
      "quantity_allocated": 5,
      "cost_price": { "_type": "Money", "amount": "1.00", "currency": "USD" },
      "weight": "1.0 kg"
    }
  },
  {
    "model": "product.productvariant",
    "pk": 221,
    "fields": {
      "sku": "81470859",
      "name": "1l",
      "price_override": {
        "_type": "Money",
        "amount": "5.00",
        "currency": "USD"
      },
      "product": 78,
      "attributes": "{\"15\": \"47\"}",
      "track_inventory": true,
      "quantity": 181,
      "quantity_allocated": 6,
      "cost_price": { "_type": "Money", "amount": "1.50", "currency": "USD" },
      "weight": "1.0 kg"
    }
  },
  {
    "model": "product.productvariant",
    "pk": 222,
    "fields": {
      "sku": "30635751",
      "name": "2l",
      "price_override": {
        "_type": "Money",
        "amount": "7.00",
        "currency": "USD"
      },
      "product": 78,
      "attributes": "{\"15\": \"48\"}",
      "track_inventory": true,
      "quantity": 228,
      "quantity_allocated": 17,
      "cost_price": { "_type": "Money", "amount": "2.00", "currency": "USD" },
      "weight": "2.0 kg"
    }
  },
  {
    "model": "product.productvariant",
    "pk": 223,
    "fields": {
      "sku": "57211177",
      "name": "500ml",
      "price_override": null,
      "product": 79,
      "attributes": "{\"15\": \"46\"}",
      "track_inventory": true,
      "quantity": 1221,
      "quantity_allocated": 10,
      "cost_price": { "_type": "Money", "amount": "1.00", "currency": "USD" },
      "weight": "1.0 kg"
    }
  },
  {
    "model": "product.productvariant",
    "pk": 224,
    "fields": {
      "sku": "57423879",
      "name": "1l",
      "price_override": {
        "_type": "Money",
        "amount": "5.00",
        "currency": "USD"
      },
      "product": 79,
      "attributes": "{\"15\": \"47\"}",
      "track_inventory": true,
      "quantity": 179,
      "quantity_allocated": 4,
      "cost_price": { "_type": "Money", "amount": "1.50", "currency": "USD" },
      "weight": "1.0 kg"
    }
  },
  {
    "model": "product.productvariant",
    "pk": 225,
    "fields": {
      "sku": "21438542",
      "name": "2l",
      "price_override": {
        "_type": "Money",
        "amount": "7.00",
        "currency": "USD"
      },
      "product": 79,
      "attributes": "{\"15\": \"48\"}",
      "track_inventory": true,
      "quantity": 229,
      "quantity_allocated": 18,
      "cost_price": { "_type": "Money", "amount": "2.00", "currency": "USD" },
      "weight": "2.0 kg"
    }
  },
  {
    "model": "product.productvariant",
    "pk": 242,
    "fields": {
      "sku": "398323583",
      "name": "39",
      "price_override": null,
      "product": 87,
      "attributes": "{\"24\": \"75\"}",
      "track_inventory": true,
      "quantity": 9125,
      "quantity_allocated": 4,
      "cost_price": { "_type": "Money", "amount": "20.00", "currency": "USD" },
      "weight": "0.0 kg"
    }
  },
  {
    "model": "product.productvariant",
    "pk": 243,
    "fields": {
      "sku": "398323584",
      "name": "40",
      "price_override": null,
      "product": 87,
      "attributes": "{\"24\": \"76\"}",
      "track_inventory": true,
      "quantity": 1,
      "quantity_allocated": 0,
      "cost_price": { "_type": "Money", "amount": "20.00", "currency": "USD" },
      "weight": "0.0 kg"
    }
  },
  {
    "model": "product.productvariant",
    "pk": 244,
    "fields": {
      "sku": "398323585",
      "name": "41",
      "price_override": null,
      "product": 87,
      "attributes": "{\"24\": \"77\"}",
      "track_inventory": true,
      "quantity": 1,
      "quantity_allocated": 0,
      "cost_price": { "_type": "Money", "amount": "20.00", "currency": "USD" },
      "weight": "0.0 kg"
    }
  },
  {
    "model": "product.productvariant",
    "pk": 245,
    "fields": {
      "sku": "398323586",
      "name": "42",
      "price_override": null,
      "product": 87,
      "attributes": "{\"24\": \"78\"}",
      "track_inventory": true,
      "quantity": 131,
      "quantity_allocated": 0,
      "cost_price": { "_type": "Money", "amount": "20.00", "currency": "USD" },
      "weight": "0.0 kg"
    }
  },
  {
    "model": "product.productvariant",
    "pk": 246,
    "fields": {
      "sku": "398323588",
      "name": "43",
      "price_override": null,
      "product": 87,
      "attributes": "{\"24\": \"79\"}",
      "track_inventory": true,
      "quantity": 882,
      "quantity_allocated": 21,
      "cost_price": { "_type": "Money", "amount": "20.00", "currency": "USD" },
      "weight": "0.0 kg"
    }
  },
  {
    "model": "product.productvariant",
    "pk": 247,
    "fields": {
      "sku": "993223583",
      "name": "40",
      "price_override": null,
      "product": 88,
      "attributes": "{\"24\": \"76\"}",
      "track_inventory": true,
      "quantity": 7611,
      "quantity_allocated": 0,
      "cost_price": { "_type": "Money", "amount": "10.00", "currency": "USD" },
      "weight": "1.0 kg"
    }
  },
  {
    "model": "product.productvariant",
    "pk": 248,
    "fields": {
      "sku": "978223582",
      "name": "41",
      "price_override": null,
      "product": 88,
      "attributes": "{\"24\": \"77\"}",
      "track_inventory": true,
      "quantity": 977,
      "quantity_allocated": 6,
      "cost_price": { "_type": "Money", "amount": "20.00", "currency": "USD" },
      "weight": "1.0 kg"
    }
  },
  {
    "model": "product.productvariant",
    "pk": 249,
    "fields": {
      "sku": "918323583",
      "name": "40",
      "price_override": null,
      "product": 88,
      "attributes": "{\"24\": \"76\"}",
      "track_inventory": true,
      "quantity": 0,
      "quantity_allocated": 0,
      "cost_price": null,
      "weight": "2.0 kg"
    }
  },
  {
    "model": "product.productvariant",
    "pk": 250,
    "fields": {
      "sku": "918223582",
      "name": "45",
      "price_override": null,
      "product": 88,
      "attributes": "{\"24\": \"81\"}",
      "track_inventory": true,
      "quantity": 15,
      "quantity_allocated": 15,
      "cost_price": { "_type": "Money", "amount": "20.00", "currency": "USD" },
      "weight": "2.0 kg"
    }
  },
  {
    "model": "product.productvariant",
    "pk": 251,
    "fields": {
      "sku": "988323583",
      "name": "S",
      "price_override": null,
      "product": 89,
      "attributes": "{\"13\": \"36\"}",
      "track_inventory": true,
      "quantity": 1213,
      "quantity_allocated": 0,
      "cost_price": { "_type": "Money", "amount": "10.00", "currency": "USD" },
      "weight": "0.0 kg"
    }
  },
  {
    "model": "product.productvariant",
    "pk": 252,
    "fields": {
      "sku": "338223582",
      "name": "M",
      "price_override": null,
      "product": 89,
      "attributes": "{\"13\": \"37\"}",
      "track_inventory": true,
      "quantity": 7,
      "quantity_allocated": 6,
      "cost_price": { "_type": "Money", "amount": "10.00", "currency": "USD" },
      "weight": "0.0 kg"
    }
  },
  {
    "model": "product.productvariant",
    "pk": 253,
    "fields": {
      "sku": "118223591",
      "name": "L",
      "price_override": null,
      "product": 89,
      "attributes": "{\"13\": \"38\"}",
      "track_inventory": true,
      "quantity": 9818,
      "quantity_allocated": 0,
      "cost_price": { "_type": "Money", "amount": "10.00", "currency": "USD" },
      "weight": "0.0 kg"
    }
  },
  {
    "model": "product.productvariant",
    "pk": 254,
    "fields": {
      "sku": "448323583",
      "name": "XL",
      "price_override": null,
      "product": 89,
      "attributes": "{\"13\": \"39\"}",
      "track_inventory": true,
      "quantity": 1,
      "quantity_allocated": 0,
      "cost_price": { "_type": "Money", "amount": "10.00", "currency": "USD" },
      "weight": "0.0 kg"
    }
  },
  {
    "model": "product.productvariant",
    "pk": 255,
    "fields": {
      "sku": "3128223583",
      "name": "XXL",
      "price_override": null,
      "product": 89,
      "attributes": "{\"13\": \"40\"}",
      "track_inventory": true,
      "quantity": 5802,
      "quantity_allocated": 11,
      "cost_price": { "_type": "Money", "amount": "10.00", "currency": "USD" },
      "weight": "0.0 kg"
    }
  },
  {
    "model": "product.productvariant",
    "pk": 256,
    "fields": {
      "sku": "29716755",
      "name": "S",
      "price_override": null,
      "product": 107,
      "attributes": "{\"13\": \"36\"}",
      "track_inventory": true,
      "quantity": 1227,
      "quantity_allocated": 14,
      "cost_price": { "_type": "Money", "amount": "10.00", "currency": "USD" },
      "weight": "0.0 kg"
    }
  },
  {
    "model": "product.productvariant",
    "pk": 257,
    "fields": {
      "sku": "66594736",
      "name": "M",
      "price_override": null,
      "product": 107,
      "attributes": "{\"13\": \"37\"}",
      "track_inventory": true,
      "quantity": 8,
      "quantity_allocated": 7,
      "cost_price": { "_type": "Money", "amount": "10.00", "currency": "USD" },
      "weight": "0.0 kg"
    }
  },
  {
    "model": "product.productvariant",
    "pk": 258,
    "fields": {
      "sku": "50269944",
      "name": "L",
      "price_override": null,
      "product": 107,
      "attributes": "{\"13\": \"38\"}",
      "track_inventory": true,
      "quantity": 9818,
      "quantity_allocated": 0,
      "cost_price": { "_type": "Money", "amount": "10.00", "currency": "USD" },
      "weight": "0.0 kg"
    }
  },
  {
    "model": "product.productvariant",
    "pk": 259,
    "fields": {
      "sku": "31352185",
      "name": "XL",
      "price_override": null,
      "product": 107,
      "attributes": "{\"13\": \"39\"}",
      "track_inventory": true,
      "quantity": 1,
      "quantity_allocated": 0,
      "cost_price": { "_type": "Money", "amount": "10.00", "currency": "USD" },
      "weight": "0.0 kg"
    }
  },
  {
    "model": "product.productvariant",
    "pk": 260,
    "fields": {
      "sku": "85364796",
      "name": "XXL",
      "price_override": null,
      "product": 107,
      "attributes": "{\"13\": \"40\"}",
      "track_inventory": true,
      "quantity": 5817,
      "quantity_allocated": 26,
      "cost_price": { "_type": "Money", "amount": "10.00", "currency": "USD" },
      "weight": "0.0 kg"
    }
  },
  {
    "model": "product.productvariant",
    "pk": 261,
    "fields": {
      "sku": "44026421",
      "name": "S",
      "price_override": null,
      "product": 108,
      "attributes": "{\"13\": \"36\"}",
      "track_inventory": true,
      "quantity": 1217,
      "quantity_allocated": 4,
      "cost_price": { "_type": "Money", "amount": "10.00", "currency": "USD" },
      "weight": "0.0 kg"
    }
  },
  {
    "model": "product.productvariant",
    "pk": 262,
    "fields": {
      "sku": "90892602",
      "name": "M",
      "price_override": null,
      "product": 108,
      "attributes": "{\"13\": \"37\"}",
      "track_inventory": true,
      "quantity": 4,
      "quantity_allocated": 3,
      "cost_price": { "_type": "Money", "amount": "10.00", "currency": "USD" },
      "weight": "0.0 kg"
    }
  },
  {
    "model": "product.productvariant",
    "pk": 263,
    "fields": {
      "sku": "59014392",
      "name": "L",
      "price_override": null,
      "product": 108,
      "attributes": "{\"13\": \"38\"}",
      "track_inventory": true,
      "quantity": 9818,
      "quantity_allocated": 0,
      "cost_price": { "_type": "Money", "amount": "10.00", "currency": "USD" },
      "weight": "0.0 kg"
    }
  },
  {
    "model": "product.productvariant",
    "pk": 264,
    "fields": {
      "sku": "43659438",
      "name": "XL",
      "price_override": null,
      "product": 108,
      "attributes": "{\"13\": \"39\"}",
      "track_inventory": true,
      "quantity": 1,
      "quantity_allocated": 0,
      "cost_price": { "_type": "Money", "amount": "10.00", "currency": "USD" },
      "weight": "0.0 kg"
    }
  },
  {
    "model": "product.productvariant",
    "pk": 265,
    "fields": {
      "sku": "60597697",
      "name": "XXL",
      "price_override": null,
      "product": 108,
      "attributes": "{\"13\": \"40\"}",
      "track_inventory": true,
      "quantity": 5820,
      "quantity_allocated": 29,
      "cost_price": { "_type": "Money", "amount": "10.00", "currency": "USD" },
      "weight": "0.0 kg"
    }
  },
  {
    "model": "product.productvariant",
    "pk": 266,
    "fields": {
      "sku": "26592266",
      "name": "S",
      "price_override": null,
      "product": 109,
      "attributes": "{\"13\": \"36\"}",
      "track_inventory": true,
      "quantity": 1220,
      "quantity_allocated": 7,
      "cost_price": { "_type": "Money", "amount": "10.00", "currency": "USD" },
      "weight": "0.0 kg"
    }
  },
  {
    "model": "product.productvariant",
    "pk": 267,
    "fields": {
      "sku": "36260498",
      "name": "M",
      "price_override": null,
      "product": 109,
      "attributes": "{\"13\": \"37\"}",
      "track_inventory": true,
      "quantity": 2,
      "quantity_allocated": 1,
      "cost_price": { "_type": "Money", "amount": "10.00", "currency": "USD" },
      "weight": "0.0 kg"
    }
  },
  {
    "model": "product.productvariant",
    "pk": 268,
    "fields": {
      "sku": "37558859",
      "name": "L",
      "price_override": null,
      "product": 109,
      "attributes": "{\"13\": \"38\"}",
      "track_inventory": true,
      "quantity": 9818,
      "quantity_allocated": 0,
      "cost_price": { "_type": "Money", "amount": "10.00", "currency": "USD" },
      "weight": "0.0 kg"
    }
  },
  {
    "model": "product.productvariant",
    "pk": 269,
    "fields": {
      "sku": "19402012",
      "name": "XL",
      "price_override": null,
      "product": 109,
      "attributes": "{\"13\": \"39\"}",
      "track_inventory": true,
      "quantity": 1,
      "quantity_allocated": 0,
      "cost_price": { "_type": "Money", "amount": "10.00", "currency": "USD" },
      "weight": "0.0 kg"
    }
  },
  {
    "model": "product.productvariant",
    "pk": 270,
    "fields": {
      "sku": "17570141",
      "name": "XXL",
      "price_override": null,
      "product": 109,
      "attributes": "{\"13\": \"40\"}",
      "track_inventory": true,
      "quantity": 5817,
      "quantity_allocated": 26,
      "cost_price": { "_type": "Money", "amount": "10.00", "currency": "USD" },
      "weight": "0.0 kg"
    }
  },
  {
    "model": "product.productvariant",
    "pk": 271,
    "fields": {
      "sku": "98530976",
      "name": "S",
      "price_override": null,
      "product": 110,
      "attributes": "{\"13\": \"36\"}",
      "track_inventory": true,
      "quantity": 1221,
      "quantity_allocated": 8,
      "cost_price": { "_type": "Money", "amount": "10.00", "currency": "USD" },
      "weight": "0.0 kg"
    }
  },
  {
    "model": "product.productvariant",
    "pk": 272,
    "fields": {
      "sku": "46806935",
      "name": "M",
      "price_override": null,
      "product": 110,
      "attributes": "{\"13\": \"37\"}",
      "track_inventory": true,
      "quantity": 6,
      "quantity_allocated": 5,
      "cost_price": { "_type": "Money", "amount": "10.00", "currency": "USD" },
      "weight": "0.0 kg"
    }
  },
  {
    "model": "product.productvariant",
    "pk": 273,
    "fields": {
      "sku": "71103052",
      "name": "L",
      "price_override": null,
      "product": 110,
      "attributes": "{\"13\": \"38\"}",
      "track_inventory": true,
      "quantity": 9818,
      "quantity_allocated": 0,
      "cost_price": { "_type": "Money", "amount": "10.00", "currency": "USD" },
      "weight": "0.0 kg"
    }
  },
  {
    "model": "product.productvariant",
    "pk": 274,
    "fields": {
      "sku": "84812015",
      "name": "XL",
      "price_override": null,
      "product": 110,
      "attributes": "{\"13\": \"39\"}",
      "track_inventory": true,
      "quantity": 1,
      "quantity_allocated": 0,
      "cost_price": { "_type": "Money", "amount": "10.00", "currency": "USD" },
      "weight": "0.0 kg"
    }
  },
  {
    "model": "product.productvariant",
    "pk": 275,
    "fields": {
      "sku": "89820261",
      "name": "XXL",
      "price_override": null,
      "product": 110,
      "attributes": "{\"13\": \"40\"}",
      "track_inventory": true,
      "quantity": 5816,
      "quantity_allocated": 25,
      "cost_price": { "_type": "Money", "amount": "10.00", "currency": "USD" },
      "weight": "0.0 kg"
    }
  },
  {
    "model": "product.productvariant",
    "pk": 276,
    "fields": {
      "sku": "81115323",
      "name": "S",
      "price_override": null,
      "product": 111,
      "attributes": "{\"13\": \"36\"}",
      "track_inventory": true,
      "quantity": 1215,
      "quantity_allocated": 2,
      "cost_price": { "_type": "Money", "amount": "10.00", "currency": "USD" },
      "weight": "0.0 kg"
    }
  },
  {
    "model": "product.productvariant",
    "pk": 277,
    "fields": {
      "sku": "38254631",
      "name": "M",
      "price_override": null,
      "product": 111,
      "attributes": "{\"13\": \"37\"}",
      "track_inventory": true,
      "quantity": 5,
      "quantity_allocated": 4,
      "cost_price": { "_type": "Money", "amount": "10.00", "currency": "USD" },
      "weight": "0.0 kg"
    }
  },
  {
    "model": "product.productvariant",
    "pk": 278,
    "fields": {
      "sku": "11511539",
      "name": "L",
      "price_override": null,
      "product": 111,
      "attributes": "{\"13\": \"38\"}",
      "track_inventory": true,
      "quantity": 9821,
      "quantity_allocated": 3,
      "cost_price": { "_type": "Money", "amount": "10.00", "currency": "USD" },
      "weight": "0.0 kg"
    }
  },
  {
    "model": "product.productvariant",
    "pk": 279,
    "fields": {
      "sku": "84192227",
      "name": "XL",
      "price_override": null,
      "product": 111,
      "attributes": "{\"13\": \"39\"}",
      "track_inventory": true,
      "quantity": 1,
      "quantity_allocated": 0,
      "cost_price": { "_type": "Money", "amount": "10.00", "currency": "USD" },
      "weight": "0.0 kg"
    }
  },
  {
    "model": "product.productvariant",
    "pk": 280,
    "fields": {
      "sku": "91642659",
      "name": "XXL",
      "price_override": null,
      "product": 111,
      "attributes": "{\"13\": \"40\"}",
      "track_inventory": true,
      "quantity": 5807,
      "quantity_allocated": 16,
      "cost_price": { "_type": "Money", "amount": "10.00", "currency": "USD" },
      "weight": "0.0 kg"
    }
  },
  {
    "model": "product.productvariant",
    "pk": 281,
    "fields": {
      "sku": "76491340",
      "name": "S",
      "price_override": null,
      "product": 112,
      "attributes": "{\"13\": \"36\"}",
      "track_inventory": true,
      "quantity": 1217,
      "quantity_allocated": 4,
      "cost_price": { "_type": "Money", "amount": "10.00", "currency": "USD" },
      "weight": "0.0 kg"
    }
  },
  {
    "model": "product.productvariant",
    "pk": 282,
    "fields": {
      "sku": "55101176",
      "name": "M",
      "price_override": null,
      "product": 112,
      "attributes": "{\"13\": \"37\"}",
      "track_inventory": true,
      "quantity": 3,
      "quantity_allocated": 2,
      "cost_price": { "_type": "Money", "amount": "10.00", "currency": "USD" },
      "weight": "0.0 kg"
    }
  },
  {
    "model": "product.productvariant",
    "pk": 283,
    "fields": {
      "sku": "28094954",
      "name": "L",
      "price_override": null,
      "product": 112,
      "attributes": "{\"13\": \"38\"}",
      "track_inventory": true,
      "quantity": 9819,
      "quantity_allocated": 1,
      "cost_price": { "_type": "Money", "amount": "10.00", "currency": "USD" },
      "weight": "0.0 kg"
    }
  },
  {
    "model": "product.productvariant",
    "pk": 284,
    "fields": {
      "sku": "40232182",
      "name": "XL",
      "price_override": null,
      "product": 112,
      "attributes": "{\"13\": \"39\"}",
      "track_inventory": true,
      "quantity": 1,
      "quantity_allocated": 0,
      "cost_price": { "_type": "Money", "amount": "10.00", "currency": "USD" },
      "weight": "0.0 kg"
    }
  },
  {
    "model": "product.productvariant",
    "pk": 285,
    "fields": {
      "sku": "21522631",
      "name": "XXL",
      "price_override": null,
      "product": 112,
      "attributes": "{\"13\": \"40\"}",
      "track_inventory": true,
      "quantity": 5809,
      "quantity_allocated": 18,
      "cost_price": { "_type": "Money", "amount": "10.00", "currency": "USD" },
      "weight": "0.0 kg"
    }
  },
  {
    "model": "product.productvariant",
    "pk": 286,
    "fields": {
      "sku": "29810068",
      "name": "S",
      "price_override": null,
      "product": 113,
      "attributes": "{\"13\": \"36\"}",
      "track_inventory": true,
      "quantity": 1220,
      "quantity_allocated": 7,
      "cost_price": { "_type": "Money", "amount": "10.00", "currency": "USD" },
      "weight": "0.0 kg"
    }
  },
  {
    "model": "product.productvariant",
    "pk": 287,
    "fields": {
      "sku": "57917658",
      "name": "M",
      "price_override": null,
      "product": 113,
      "attributes": "{\"13\": \"37\"}",
      "track_inventory": true,
      "quantity": 6,
      "quantity_allocated": 5,
      "cost_price": { "_type": "Money", "amount": "10.00", "currency": "USD" },
      "weight": "0.0 kg"
    }
  },
  {
    "model": "product.productvariant",
    "pk": 288,
    "fields": {
      "sku": "42680611",
      "name": "L",
      "price_override": null,
      "product": 113,
      "attributes": "{\"13\": \"38\"}",
      "track_inventory": true,
      "quantity": 9818,
      "quantity_allocated": 0,
      "cost_price": { "_type": "Money", "amount": "10.00", "currency": "USD" },
      "weight": "0.0 kg"
    }
  },
  {
    "model": "product.productvariant",
    "pk": 289,
    "fields": {
      "sku": "72289815",
      "name": "XL",
      "price_override": null,
      "product": 113,
      "attributes": "{\"13\": \"39\"}",
      "track_inventory": true,
      "quantity": 1,
      "quantity_allocated": 0,
      "cost_price": { "_type": "Money", "amount": "10.00", "currency": "USD" },
      "weight": "0.0 kg"
    }
  },
  {
    "model": "product.productvariant",
    "pk": 290,
    "fields": {
      "sku": "98653891",
      "name": "XXL",
      "price_override": null,
      "product": 113,
      "attributes": "{\"13\": \"40\"}",
      "track_inventory": true,
      "quantity": 5817,
      "quantity_allocated": 26,
      "cost_price": { "_type": "Money", "amount": "10.00", "currency": "USD" },
      "weight": "0.0 kg"
    }
  },
  {
    "model": "product.productvariant",
    "pk": 291,
    "fields": {
      "sku": "77306807",
      "name": "S",
      "price_override": null,
      "product": 114,
      "attributes": "{\"13\": \"36\"}",
      "track_inventory": true,
      "quantity": 1213,
      "quantity_allocated": 0,
      "cost_price": { "_type": "Money", "amount": "10.00", "currency": "USD" },
      "weight": "0.0 kg"
    }
  },
  {
    "model": "product.productvariant",
    "pk": 292,
    "fields": {
      "sku": "68848129",
      "name": "M",
      "price_override": null,
      "product": 114,
      "attributes": "{\"13\": \"37\"}",
      "track_inventory": true,
      "quantity": 1,
      "quantity_allocated": 0,
      "cost_price": { "_type": "Money", "amount": "10.00", "currency": "USD" },
      "weight": "0.0 kg"
    }
  },
  {
    "model": "product.productvariant",
    "pk": 293,
    "fields": {
      "sku": "35342696",
      "name": "L",
      "price_override": null,
      "product": 114,
      "attributes": "{\"13\": \"38\"}",
      "track_inventory": true,
      "quantity": 9818,
      "quantity_allocated": 0,
      "cost_price": { "_type": "Money", "amount": "10.00", "currency": "USD" },
      "weight": "0.0 kg"
    }
  },
  {
    "model": "product.productvariant",
    "pk": 294,
    "fields": {
      "sku": "98935349",
      "name": "XL",
      "price_override": null,
      "product": 114,
      "attributes": "{\"13\": \"39\"}",
      "track_inventory": true,
      "quantity": 1,
      "quantity_allocated": 0,
      "cost_price": { "_type": "Money", "amount": "10.00", "currency": "USD" },
      "weight": "0.0 kg"
    }
  },
  {
    "model": "product.productvariant",
    "pk": 295,
    "fields": {
      "sku": "45179543",
      "name": "XXL",
      "price_override": null,
      "product": 114,
      "attributes": "{\"13\": \"40\"}",
      "track_inventory": true,
      "quantity": 5805,
      "quantity_allocated": 14,
      "cost_price": { "_type": "Money", "amount": "10.00", "currency": "USD" },
      "weight": "0.0 kg"
    }
  },
  {
    "model": "product.productvariant",
    "pk": 296,
    "fields": {
      "sku": "62783187",
      "name": "S",
      "price_override": null,
      "product": 115,
      "attributes": "{\"13\": \"36\"}",
      "track_inventory": true,
      "quantity": 1216,
      "quantity_allocated": 3,
      "cost_price": { "_type": "Money", "amount": "10.00", "currency": "USD" },
      "weight": "0.0 kg"
    }
  },
  {
    "model": "product.productvariant",
    "pk": 297,
    "fields": {
      "sku": "91406604",
      "name": "M",
      "price_override": null,
      "product": 115,
      "attributes": "{\"13\": \"37\"}",
      "track_inventory": true,
      "quantity": 3,
      "quantity_allocated": 2,
      "cost_price": { "_type": "Money", "amount": "10.00", "currency": "USD" },
      "weight": "0.0 kg"
    }
  },
  {
    "model": "product.productvariant",
    "pk": 298,
    "fields": {
      "sku": "22119503",
      "name": "L",
      "price_override": null,
      "product": 115,
      "attributes": "{\"13\": \"38\"}",
      "track_inventory": true,
      "quantity": 9818,
      "quantity_allocated": 0,
      "cost_price": { "_type": "Money", "amount": "10.00", "currency": "USD" },
      "weight": "0.0 kg"
    }
  },
  {
    "model": "product.productvariant",
    "pk": 299,
    "fields": {
      "sku": "19230637",
      "name": "XL",
      "price_override": null,
      "product": 115,
      "attributes": "{\"13\": \"39\"}",
      "track_inventory": true,
      "quantity": 1,
      "quantity_allocated": 0,
      "cost_price": { "_type": "Money", "amount": "10.00", "currency": "USD" },
      "weight": "0.0 kg"
    }
  },
  {
    "model": "product.productvariant",
    "pk": 300,
    "fields": {
      "sku": "61630747",
      "name": "XXL",
      "price_override": null,
      "product": 115,
      "attributes": "{\"13\": \"40\"}",
      "track_inventory": true,
      "quantity": 5825,
      "quantity_allocated": 34,
      "cost_price": { "_type": "Money", "amount": "10.00", "currency": "USD" },
      "weight": "0.0 kg"
    }
  },
  {
    "model": "product.productvariant",
    "pk": 301,
    "fields": {
      "sku": "15744278",
      "name": "S",
      "price_override": null,
      "product": 116,
      "attributes": "{\"13\": \"36\"}",
      "track_inventory": true,
      "quantity": 1213,
      "quantity_allocated": 0,
      "cost_price": { "_type": "Money", "amount": "10.00", "currency": "USD" },
      "weight": "0.0 kg"
    }
  },
  {
    "model": "product.productvariant",
    "pk": 302,
    "fields": {
      "sku": "21599567",
      "name": "M",
      "price_override": null,
      "product": 116,
      "attributes": "{\"13\": \"37\"}",
      "track_inventory": true,
      "quantity": 4,
      "quantity_allocated": 3,
      "cost_price": { "_type": "Money", "amount": "10.00", "currency": "USD" },
      "weight": "0.0 kg"
    }
  },
  {
    "model": "product.productvariant",
    "pk": 303,
    "fields": {
      "sku": "65363253",
      "name": "L",
      "price_override": null,
      "product": 116,
      "attributes": "{\"13\": \"38\"}",
      "track_inventory": true,
      "quantity": 9820,
      "quantity_allocated": 2,
      "cost_price": { "_type": "Money", "amount": "10.00", "currency": "USD" },
      "weight": "0.0 kg"
    }
  },
  {
    "model": "product.productvariant",
    "pk": 304,
    "fields": {
      "sku": "51987722",
      "name": "XL",
      "price_override": null,
      "product": 116,
      "attributes": "{\"13\": \"39\"}",
      "track_inventory": true,
      "quantity": 1,
      "quantity_allocated": 0,
      "cost_price": { "_type": "Money", "amount": "10.00", "currency": "USD" },
      "weight": "0.0 kg"
    }
  },
  {
    "model": "product.productvariant",
    "pk": 305,
    "fields": {
      "sku": "43313080",
      "name": "XXL",
      "price_override": null,
      "product": 116,
      "attributes": "{\"13\": \"40\"}",
      "track_inventory": true,
      "quantity": 5805,
      "quantity_allocated": 14,
      "cost_price": { "_type": "Money", "amount": "10.00", "currency": "USD" },
      "weight": "0.0 kg"
    }
  },
  {
    "model": "product.productvariant",
    "pk": 306,
    "fields": {
      "sku": "33963052",
      "name": "S",
      "price_override": null,
      "product": 117,
      "attributes": "{\"13\": \"36\"}",
      "track_inventory": true,
      "quantity": 1218,
      "quantity_allocated": 5,
      "cost_price": { "_type": "Money", "amount": "10.00", "currency": "USD" },
      "weight": "0.0 kg"
    }
  },
  {
    "model": "product.productvariant",
    "pk": 307,
    "fields": {
      "sku": "66846240",
      "name": "M",
      "price_override": null,
      "product": 117,
      "attributes": "{\"13\": \"37\"}",
      "track_inventory": true,
      "quantity": 11,
      "quantity_allocated": 10,
      "cost_price": { "_type": "Money", "amount": "10.00", "currency": "USD" },
      "weight": "0.0 kg"
    }
  },
  {
    "model": "product.productvariant",
    "pk": 308,
    "fields": {
      "sku": "55365141",
      "name": "L",
      "price_override": null,
      "product": 117,
      "attributes": "{\"13\": \"38\"}",
      "track_inventory": true,
      "quantity": 9823,
      "quantity_allocated": 5,
      "cost_price": { "_type": "Money", "amount": "10.00", "currency": "USD" },
      "weight": "0.0 kg"
    }
  },
  {
    "model": "product.productvariant",
    "pk": 309,
    "fields": {
      "sku": "73186143",
      "name": "XL",
      "price_override": null,
      "product": 117,
      "attributes": "{\"13\": \"39\"}",
      "track_inventory": true,
      "quantity": 1,
      "quantity_allocated": 0,
      "cost_price": { "_type": "Money", "amount": "10.00", "currency": "USD" },
      "weight": "0.0 kg"
    }
  },
  {
    "model": "product.productvariant",
    "pk": 310,
    "fields": {
      "sku": "42651772",
      "name": "XXL",
      "price_override": null,
      "product": 117,
      "attributes": "{\"13\": \"40\"}",
      "track_inventory": true,
      "quantity": 5805,
      "quantity_allocated": 14,
      "cost_price": { "_type": "Money", "amount": "10.00", "currency": "USD" },
      "weight": "0.0 kg"
    }
  },
  {
    "model": "product.productvariant",
    "pk": 311,
    "fields": {
      "sku": "70760297",
      "name": "S",
      "price_override": null,
      "product": 118,
      "attributes": "{\"13\": \"36\"}",
      "track_inventory": true,
      "quantity": 1213,
      "quantity_allocated": 0,
      "cost_price": { "_type": "Money", "amount": "10.00", "currency": "USD" },
      "weight": "0.0 kg"
    }
  },
  {
    "model": "product.productvariant",
    "pk": 312,
    "fields": {
      "sku": "36334412",
      "name": "M",
      "price_override": null,
      "product": 118,
      "attributes": "{\"13\": \"37\"}",
      "track_inventory": true,
      "quantity": 10,
      "quantity_allocated": 9,
      "cost_price": { "_type": "Money", "amount": "10.00", "currency": "USD" },
      "weight": "0.0 kg"
    }
  },
  {
    "model": "product.productvariant",
    "pk": 313,
    "fields": {
      "sku": "35994675",
      "name": "L",
      "price_override": null,
      "product": 118,
      "attributes": "{\"13\": \"38\"}",
      "track_inventory": true,
      "quantity": 9818,
      "quantity_allocated": 0,
      "cost_price": { "_type": "Money", "amount": "10.00", "currency": "USD" },
      "weight": "0.0 kg"
    }
  },
  {
    "model": "product.productvariant",
    "pk": 314,
    "fields": {
      "sku": "10404946",
      "name": "XL",
      "price_override": null,
      "product": 118,
      "attributes": "{\"13\": \"39\"}",
      "track_inventory": true,
      "quantity": 3,
      "quantity_allocated": 2,
      "cost_price": { "_type": "Money", "amount": "10.00", "currency": "USD" },
      "weight": "0.0 kg"
    }
  },
  {
    "model": "product.productvariant",
    "pk": 315,
    "fields": {
      "sku": "45507483",
      "name": "XXL",
      "price_override": null,
      "product": 118,
      "attributes": "{\"13\": \"40\"}",
      "track_inventory": true,
      "quantity": 5818,
      "quantity_allocated": 27,
      "cost_price": { "_type": "Money", "amount": "10.00", "currency": "USD" },
      "weight": "0.0 kg"
    }
  },
  {
    "model": "product.attribute",
    "pk": 13,
    "fields": {
      "slug": "size",
      "name": "Size",
      "product_type": null,
      "product_variant_type": 14
    }
  },
  {
    "model": "product.attribute",
    "pk": 14,
    "fields": {
      "slug": "color",
      "name": "Color",
      "product_type": null,
      "product_variant_type": null
    }
  },
  {
    "model": "product.attribute",
    "pk": 15,
    "fields": {
      "slug": "bottle-size",
      "name": "Size",
      "product_type": null,
      "product_variant_type": 9
    }
  },
  {
    "model": "product.attribute",
    "pk": 16,
    "fields": {
      "slug": "flavor",
      "name": "Flavor",
      "product_type": 9,
      "product_variant_type": null
    }
  },
  {
    "model": "product.attribute",
    "pk": 18,
    "fields": {
      "slug": "bucket-size",
      "name": "Size",
      "product_type": null,
      "product_variant_type": 7
    }
  },
  {
    "model": "product.attribute",
    "pk": 19,
    "fields": {
      "slug": "medium",
      "name": "Medium",
      "product_type": null,
      "product_variant_type": 8
    }
  },
  {
    "model": "product.attribute",
    "pk": 20,
    "fields": {
      "slug": "volume",
      "name": "Volume",
      "product_type": 10,
      "product_variant_type": null
    }
  },
  {
    "model": "product.attribute",
    "pk": 21,
    "fields": {
      "slug": "abv",
      "name": "ABV",
      "product_type": 11,
      "product_variant_type": null
    }
  },
  {
    "model": "product.attribute",
    "pk": 22,
    "fields": {
      "slug": "cushion-size",
      "name": "Size",
      "product_type": null,
      "product_variant_type": 12
    }
  },
  {
    "model": "product.attribute",
    "pk": 23,
    "fields": {
      "slug": "material",
      "name": "Material",
      "product_type": 12,
      "product_variant_type": null
    }
  },
  {
    "model": "product.attribute",
    "pk": 24,
    "fields": {
      "slug": "shoe-size",
      "name": "Shoe size",
      "product_type": null,
      "product_variant_type": 13
    }
  },
  {
    "model": "product.attribute",
    "pk": 25,
    "fields": {
      "slug": "shirt-material",
      "name": "Material",
      "product_type": 14,
      "product_variant_type": null
    }
  },
  {
    "model": "product.attributevalue",
    "pk": 1,
    "fields": {
      "sort_order": 6,
      "name": "Pineapple",
      "value": "",
      "slug": "pineapple",
      "attribute": 16
    }
  },
  {
    "model": "product.attributevalue",
    "pk": 2,
    "fields": {
      "sort_order": 7,
      "name": "Coconut",
      "value": "",
      "slug": "coconut",
      "attribute": 16
    }
  },
  {
    "model": "product.attributevalue",
    "pk": 3,
    "fields": {
      "sort_order": 8,
      "name": "Apple",
      "value": "",
      "slug": "apple",
      "attribute": 16
    }
  },
  {
    "model": "product.attributevalue",
    "pk": 36,
    "fields": {
      "sort_order": 0,
      "name": "S",
      "value": "",
      "slug": "s",
      "attribute": 13
    }
  },
  {
    "model": "product.attributevalue",
    "pk": 37,
    "fields": {
      "sort_order": 1,
      "name": "M",
      "value": "",
      "slug": "m",
      "attribute": 13
    }
  },
  {
    "model": "product.attributevalue",
    "pk": 38,
    "fields": {
      "sort_order": 2,
      "name": "L",
      "value": "",
      "slug": "l",
      "attribute": 13
    }
  },
  {
    "model": "product.attributevalue",
    "pk": 39,
    "fields": {
      "sort_order": 3,
      "name": "XL",
      "value": "",
      "slug": "xl",
      "attribute": 13
    }
  },
  {
    "model": "product.attributevalue",
    "pk": 40,
    "fields": {
      "sort_order": 4,
      "name": "XXL",
      "value": "",
      "slug": "xxl",
      "attribute": 13
    }
  },
  {
    "model": "product.attributevalue",
    "pk": 41,
    "fields": {
      "sort_order": 0,
      "name": "White",
      "value": "",
      "slug": "white",
      "attribute": 14
    }
  },
  {
    "model": "product.attributevalue",
    "pk": 42,
    "fields": {
      "sort_order": 1,
      "name": "Blue",
      "value": "",
      "slug": "blue",
      "attribute": 14
    }
  },
  {
    "model": "product.attributevalue",
    "pk": 43,
    "fields": {
      "sort_order": 2,
      "name": "Orange",
      "value": "",
      "slug": "orange",
      "attribute": 14
    }
  },
  {
    "model": "product.attributevalue",
    "pk": 44,
    "fields": {
      "sort_order": 3,
      "name": "Black",
      "value": "",
      "slug": "black",
      "attribute": 14
    }
  },
  {
    "model": "product.attributevalue",
    "pk": 45,
    "fields": {
      "sort_order": 4,
      "name": "Cyan",
      "value": "",
      "slug": "cyan",
      "attribute": 14
    }
  },
  {
    "model": "product.attributevalue",
    "pk": 46,
    "fields": {
      "sort_order": 0,
      "name": "500ml",
      "value": "",
      "slug": "500ml",
      "attribute": 15
    }
  },
  {
    "model": "product.attributevalue",
    "pk": 47,
    "fields": {
      "sort_order": 1,
      "name": "1l",
      "value": "",
      "slug": "1l",
      "attribute": 15
    }
  },
  {
    "model": "product.attributevalue",
    "pk": 48,
    "fields": {
      "sort_order": 2,
      "name": "2l",
      "value": "",
      "slug": "2l",
      "attribute": 15
    }
  },
  {
    "model": "product.attributevalue",
    "pk": 49,
    "fields": {
      "sort_order": 0,
      "name": "Orange",
      "value": "",
      "slug": "orange",
      "attribute": 16
    }
  },
  {
    "model": "product.attributevalue",
    "pk": 50,
    "fields": {
      "sort_order": 1,
      "name": "Banana",
      "value": "",
      "slug": "banana",
      "attribute": 16
    }
  },
  {
    "model": "product.attributevalue",
    "pk": 51,
    "fields": {
      "sort_order": 2,
      "name": "Bean",
      "value": "",
      "slug": "bean",
      "attribute": 16
    }
  },
  {
    "model": "product.attributevalue",
    "pk": 52,
    "fields": {
      "sort_order": 3,
      "name": "Carrot",
      "value": "",
      "slug": "carrot",
      "attribute": 16
    }
  },
  {
    "model": "product.attributevalue",
    "pk": 53,
    "fields": {
      "sort_order": 4,
      "name": "Sprouty",
      "value": "",
      "slug": "sprouty",
      "attribute": 16
    }
  },
  {
    "model": "product.attributevalue",
    "pk": 54,
    "fields": {
      "sort_order": 5,
      "name": "Salty, like the tears of your enemy",
      "value": "",
      "slug": "salty-like-the-tears-of-your-enemy",
      "attribute": 16
    }
  },
  {
    "model": "product.attributevalue",
    "pk": 60,
    "fields": {
      "sort_order": 0,
      "name": "1l",
      "value": "",
      "slug": "1l",
      "attribute": 18
    }
  },
  {
    "model": "product.attributevalue",
    "pk": 61,
    "fields": {
      "sort_order": 1,
      "name": "2.5l",
      "value": "",
      "slug": "25l",
      "attribute": 18
    }
  },
  {
    "model": "product.attributevalue",
    "pk": 62,
    "fields": {
      "sort_order": 2,
      "name": "5l",
      "value": "",
      "slug": "5l",
      "attribute": 18
    }
  },
  {
    "model": "product.attributevalue",
    "pk": 63,
    "fields": {
      "sort_order": 0,
      "name": "Vinyl",
      "value": "",
      "slug": "vinyl",
      "attribute": 19
    }
  },
  {
    "model": "product.attributevalue",
    "pk": 64,
    "fields": {
      "sort_order": 1,
      "name": "DVD",
      "value": "",
      "slug": "dvd",
      "attribute": 19
    }
  },
  {
    "model": "product.attributevalue",
    "pk": 65,
    "fields": {
      "sort_order": 2,
      "name": "VHS",
      "value": "",
      "slug": "vhs",
      "attribute": 19
    }
  },
  {
    "model": "product.attributevalue",
    "pk": 66,
    "fields": {
      "sort_order": 3,
      "name": "iTunes",
      "value": "",
      "slug": "itunes",
      "attribute": 19
    }
  },
  {
    "model": "product.attributevalue",
    "pk": 67,
    "fields": {
      "sort_order": 0,
      "name": "700ml",
      "value": "",
      "slug": "700ml",
      "attribute": 20
    }
  },
  {
    "model": "product.attributevalue",
    "pk": 68,
    "fields": {
      "sort_order": 0,
      "name": "5.1%",
      "value": "",
      "slug": "51",
      "attribute": 21
    }
  },
  {
    "model": "product.attributevalue",
    "pk": 69,
    "fields": {
      "sort_order": 1,
      "name": "6.7%",
      "value": "",
      "slug": "67",
      "attribute": 21
    }
  },
  {
    "model": "product.attributevalue",
    "pk": 70,
    "fields": {
      "sort_order": 0,
      "name": "45cm x 45cm",
      "value": "",
      "slug": "45cm-x-45cm",
      "attribute": 22
    }
  },
  {
    "model": "product.attributevalue",
    "pk": 71,
    "fields": {
      "sort_order": 1,
      "name": "55cm x 55cm",
      "value": "",
      "slug": "55cm-x-55cm",
      "attribute": 22
    }
  },
  {
    "model": "product.attributevalue",
    "pk": 72,
    "fields": {
      "sort_order": 0,
      "name": "Cotton",
      "value": "",
      "slug": "cotton",
      "attribute": 23
    }
  },
  {
    "model": "product.attributevalue",
    "pk": 73,
    "fields": {
      "sort_order": 1,
      "name": "Elastane",
      "value": "",
      "slug": "elastane",
      "attribute": 23
    }
  },
  {
    "model": "product.attributevalue",
    "pk": 74,
    "fields": {
      "sort_order": 2,
      "name": "Polyester",
      "value": "",
      "slug": "polyester",
      "attribute": 23
    }
  },
  {
    "model": "product.attributevalue",
    "pk": 75,
    "fields": {
      "sort_order": 0,
      "name": "39",
      "value": "",
      "slug": "39",
      "attribute": 24
    }
  },
  {
    "model": "product.attributevalue",
    "pk": 76,
    "fields": {
      "sort_order": 1,
      "name": "40",
      "value": "",
      "slug": "40",
      "attribute": 24
    }
  },
  {
    "model": "product.attributevalue",
    "pk": 77,
    "fields": {
      "sort_order": 2,
      "name": "41",
      "value": "",
      "slug": "41",
      "attribute": 24
    }
  },
  {
    "model": "product.attributevalue",
    "pk": 78,
    "fields": {
      "sort_order": 3,
      "name": "42",
      "value": "",
      "slug": "42",
      "attribute": 24
    }
  },
  {
    "model": "product.attributevalue",
    "pk": 79,
    "fields": {
      "sort_order": 4,
      "name": "43",
      "value": "",
      "slug": "43",
      "attribute": 24
    }
  },
  {
    "model": "product.attributevalue",
    "pk": 80,
    "fields": {
      "sort_order": 5,
      "name": "44",
      "value": "",
      "slug": "44",
      "attribute": 24
    }
  },
  {
    "model": "product.attributevalue",
    "pk": 81,
    "fields": {
      "sort_order": 6,
      "name": "45",
      "value": "",
      "slug": "45",
      "attribute": 24
    }
  },
  {
    "model": "product.attributevalue",
    "pk": 82,
    "fields": {
      "sort_order": 0,
      "name": "Cotton",
      "value": "",
      "slug": "cotton",
      "attribute": 25
    }
  },
  {
    "model": "product.productimage",
    "pk": 1,
    "fields": {
      "sort_order": 0,
      "product": 61,
      "image": "products/saleordemoproduct_paints_01_oDLxDCy.png",
      "ppoi": "0.5x0.5",
      "alt": ""
    }
  },
  {
    "model": "product.productimage",
    "pk": 2,
    "fields": {
      "sort_order": 0,
      "product": 62,
      "image": "products/saleordemoproduct_paints_02_dYeeCcU.png",
      "ppoi": "0.5x0.5",
      "alt": ""
    }
  },
  {
    "model": "product.productimage",
    "pk": 3,
    "fields": {
      "sort_order": 0,
      "product": 63,
      "image": "products/saleordemoproduct_paints_03_ecuGs1J.png",
      "ppoi": "0.5x0.5",
      "alt": ""
    }
  },
  {
    "model": "product.productimage",
    "pk": 4,
    "fields": {
      "sort_order": 0,
      "product": 64,
      "image": "products/saleordemoproduct_paints_04_I0scMFo.png",
      "ppoi": "0.5x0.5",
      "alt": ""
    }
  },
  {
    "model": "product.productimage",
    "pk": 5,
    "fields": {
      "sort_order": 0,
      "product": 65,
      "image": "products/saleordemoproduct_paints_05_uUmCypw.png",
      "ppoi": "0.5x0.5",
      "alt": ""
    }
  },
  {
    "model": "product.productimage",
    "pk": 6,
    "fields": {
      "sort_order": 0,
      "product": 71,
      "image": "products/saleordemoproduct_fd_juice_06_HmbdNY4.png",
      "ppoi": "0.5x0.5",
      "alt": ""
    }
  },
  {
    "model": "product.productimage",
    "pk": 7,
    "fields": {
      "sort_order": 0,
      "product": 72,
      "image": "products/saleordemoproduct_fd_juice_06_6xzhMf1.png",
      "ppoi": "0.5x0.5",
      "alt": ""
    }
  },
  {
    "model": "product.productimage",
    "pk": 8,
    "fields": {
      "sort_order": 0,
      "product": 73,
      "image": "products/saleordemoproduct_fd_juice_05_IJL7VJy.png",
      "ppoi": "0.5x0.5",
      "alt": ""
    }
  },
  {
    "model": "product.productimage",
    "pk": 9,
    "fields": {
      "sort_order": 0,
      "product": 74,
      "image": "products/saleordemoproduct_fd_juice_01_YXqoj52.png",
      "ppoi": "0.5x0.5",
      "alt": ""
    }
  },
  {
    "model": "product.productimage",
    "pk": 10,
    "fields": {
      "sort_order": 0,
      "product": 75,
      "image": "products/saleordemoproduct_fd_juice_03_daLOjXa.png",
      "ppoi": "0.5x0.5",
      "alt": ""
    }
  },
  {
    "model": "product.productimage",
    "pk": 11,
    "fields": {
      "sort_order": 0,
      "product": 76,
      "image": "products/saleordemoproduct_fd_juice_02_Bom9fYH.png",
      "ppoi": "0.5x0.5",
      "alt": ""
    }
  },
  {
    "model": "product.productimage",
    "pk": 12,
    "fields": {
      "sort_order": 0,
      "product": 77,
      "image": "products/saleordemoproduct_fd_juice_03_9VGzlb8.png",
      "ppoi": "0.5x0.5",
      "alt": ""
    }
  },
  {
    "model": "product.productimage",
    "pk": 13,
    "fields": {
      "sort_order": 0,
      "product": 78,
      "image": "products/saleordemoproduct_fd_juice_04_EBNnBub.png",
      "ppoi": "0.5x0.5",
      "alt": ""
    }
  },
  {
    "model": "product.productimage",
    "pk": 14,
    "fields": {
      "sort_order": 0,
      "product": 79,
      "image": "products/saleordemoproduct_fd_juice_02_7aTGENJ.png",
      "ppoi": "0.5x0.5",
      "alt": ""
    }
  },
  {
    "model": "product.productimage",
    "pk": 15,
    "fields": {
      "sort_order": 0,
      "product": 81,
      "image": "products/saleordemoproduct_wine-red_L78mDRW.png",
      "ppoi": "0.5x0.5",
      "alt": ""
    }
  },
  {
    "model": "product.productimage",
    "pk": 16,
    "fields": {
      "sort_order": 0,
      "product": 82,
      "image": "products/saleordemoproduct_wine-white_1MuPoeA.png",
      "ppoi": "0.5x0.5",
      "alt": ""
    }
  },
  {
    "model": "product.productimage",
    "pk": 17,
    "fields": {
      "sort_order": 0,
      "product": 83,
      "image": "products/saleordemoproduct_beer-02_1_oN44DoF.png",
      "ppoi": "0.5x0.5",
      "alt": ""
    }
  },
  {
    "model": "product.productimage",
    "pk": 18,
    "fields": {
      "sort_order": 1,
      "product": 83,
      "image": "products/saleordemoproduct_beer-02_2_QTLg6Ak.png",
      "ppoi": "0.5x0.5",
      "alt": ""
    }
  },
  {
    "model": "product.productimage",
    "pk": 19,
    "fields": {
      "sort_order": 0,
      "product": 84,
      "image": "products/saleordemoproduct_beer-01_1_4L2SEHt.png",
      "ppoi": "0.5x0.5",
      "alt": ""
    }
  },
  {
    "model": "product.productimage",
    "pk": 20,
    "fields": {
      "sort_order": 1,
      "product": 84,
      "image": "products/saleordemoproduct_beer-01_2_7EIUR1Y.png",
      "ppoi": "0.5x0.5",
      "alt": ""
    }
  },
  {
    "model": "product.productimage",
    "pk": 21,
    "fields": {
      "sort_order": 0,
      "product": 85,
      "image": "products/saleordemoproduct_cuschion01_oH3nVyE.png",
      "ppoi": "0.5x0.5",
      "alt": ""
    }
  },
  {
    "model": "product.productimage",
    "pk": 22,
    "fields": {
      "sort_order": 0,
      "product": 86,
      "image": "products/saleordemoproduct_cuschion02_0Ffs5uM.png",
      "ppoi": "0.5x0.5",
      "alt": ""
    }
  },
  {
    "model": "product.productimage",
    "pk": 23,
    "fields": {
      "sort_order": 0,
      "product": 87,
      "image": "products/saleordemoproduct_sneakers_01_1_XvwtpKL.png",
      "ppoi": "0.5x0.5",
      "alt": ""
    }
  },
  {
    "model": "product.productimage",
    "pk": 24,
    "fields": {
      "sort_order": 1,
      "product": 87,
      "image": "products/saleordemoproduct_sneakers_01_2_MGs9tPf.png",
      "ppoi": "0.5x0.5",
      "alt": ""
    }
  },
  {
    "model": "product.productimage",
    "pk": 25,
    "fields": {
      "sort_order": 2,
      "product": 87,
      "image": "products/saleordemoproduct_sneakers_01_3_Ashbw90.png",
      "ppoi": "0.5x0.5",
      "alt": ""
    }
  },
  {
    "model": "product.productimage",
    "pk": 26,
    "fields": {
      "sort_order": 3,
      "product": 87,
      "image": "products/saleordemoproduct_sneakers_01_4_Nsfi7nb.png",
      "ppoi": "0.5x0.5",
      "alt": ""
    }
  },
  {
    "model": "product.productimage",
    "pk": 27,
    "fields": {
      "sort_order": 0,
      "product": 88,
      "image": "products/saleordemoproduct_sneakers_02_1_0NmWUHZ.png",
      "ppoi": "0.5x0.5",
      "alt": ""
    }
  },
  {
    "model": "product.productimage",
    "pk": 28,
    "fields": {
      "sort_order": 1,
      "product": 88,
      "image": "products/saleordemoproduct_sneakers_02_2_YhRTBfj.png",
      "ppoi": "0.5x0.5",
      "alt": ""
    }
  },
  {
    "model": "product.productimage",
    "pk": 29,
    "fields": {
      "sort_order": 2,
      "product": 88,
      "image": "products/saleordemoproduct_sneakers_02_3_08YgqUk.png",
      "ppoi": "0.5x0.5",
      "alt": ""
    }
  },
  {
    "model": "product.productimage",
    "pk": 30,
    "fields": {
      "sort_order": 3,
      "product": 88,
      "image": "products/saleordemoproduct_sneakers_02_4_w8mSSO0.png",
      "ppoi": "0.5x0.5",
      "alt": ""
    }
  },
  {
    "model": "product.productimage",
    "pk": 31,
    "fields": {
      "sort_order": 0,
      "product": 89,
      "image": "products/saleordemoproduct_cl_boot07_1_e8sCf37.png",
      "ppoi": "0.5x0.5",
      "alt": ""
    }
  },
  {
    "model": "product.productimage",
    "pk": 32,
    "fields": {
      "sort_order": 1,
      "product": 89,
      "image": "products/saleordemoproduct_cl_boot07_2_AKDlzhy.png",
      "ppoi": "0.5x0.5",
      "alt": ""
    }
  },
  {
    "model": "product.productimage",
    "pk": 33,
    "fields": {
      "sort_order": 0,
      "product": 107,
      "image": "products/saleordemoproduct_cl_polo01_QW0gy1O.png",
      "ppoi": "0.5x0.5",
      "alt": ""
    }
  },
  {
    "model": "product.productimage",
    "pk": 34,
    "fields": {
      "sort_order": 0,
      "product": 108,
      "image": "products/saleordemoproduct_cl_polo02_v8M2QAi.png",
      "ppoi": "0.5x0.5",
      "alt": ""
    }
  },
  {
    "model": "product.productimage",
    "pk": 35,
    "fields": {
      "sort_order": 0,
      "product": 109,
      "image": "products/saleordemoproduct_cl_polo03-woman_oRoDSw5.png",
      "ppoi": "0.5x0.5",
      "alt": ""
    }
  },
  {
    "model": "product.productimage",
    "pk": 36,
    "fields": {
      "sort_order": 0,
      "product": 110,
      "image": "products/saleordemoproduct_cl_polo04-woman_yGAtCeK.png",
      "ppoi": "0.5x0.5",
      "alt": ""
    }
  },
  {
    "model": "product.productimage",
    "pk": 37,
    "fields": {
      "sort_order": 0,
      "product": 111,
      "image": "products/saleordemoproduct_cl_boot01_1_jI02bAX.png",
      "ppoi": "0.5x0.5",
      "alt": ""
    }
  },
  {
    "model": "product.productimage",
    "pk": 38,
    "fields": {
      "sort_order": 1,
      "product": 111,
      "image": "products/saleordemoproduct_cl_boot01_2_KLnOyhb.png",
      "ppoi": "0.5x0.5",
      "alt": ""
    }
  },
  {
    "model": "product.productimage",
    "pk": 39,
    "fields": {
      "sort_order": 2,
      "product": 111,
      "image": "products/saleordemoproduct_cl_boot01_3_Xjg8APp.png",
      "ppoi": "0.5x0.5",
      "alt": ""
    }
  },
  {
    "model": "product.productimage",
    "pk": 40,
    "fields": {
      "sort_order": 0,
      "product": 112,
      "image": "products/saleordemoproduct_cl_boot03_1_ywqz7uH.png",
      "ppoi": "0.5x0.5",
      "alt": ""
    }
  },
  {
    "model": "product.productimage",
    "pk": 41,
    "fields": {
      "sort_order": 1,
      "product": 112,
      "image": "products/saleordemoproduct_cl_boot03_2_wV7k4pO.png",
      "ppoi": "0.5x0.5",
      "alt": ""
    }
  },
  {
    "model": "product.productimage",
    "pk": 42,
    "fields": {
      "sort_order": 0,
      "product": 113,
      "image": "products/saleordemoproduct_cl_boot06_1_4bsW9kx.png",
      "ppoi": "0.5x0.5",
      "alt": ""
    }
  },
  {
    "model": "product.productimage",
    "pk": 43,
    "fields": {
      "sort_order": 1,
      "product": 113,
      "image": "products/saleordemoproduct_cl_boot06_2_0RCGicU.png",
      "ppoi": "0.5x0.5",
      "alt": ""
    }
  },
  {
    "model": "product.productimage",
    "pk": 44,
    "fields": {
      "sort_order": 0,
      "product": 114,
      "image": "products/saleordemoproduct_cl_boot06_1_cYlPLAW.png",
      "ppoi": "0.5x0.5",
      "alt": ""
    }
  },
  {
    "model": "product.productimage",
    "pk": 45,
    "fields": {
      "sort_order": 1,
      "product": 114,
      "image": "products/saleordemoproduct_cl_boot06_2_N2UbilJ.png",
      "ppoi": "0.5x0.5",
      "alt": ""
    }
  },
  {
    "model": "product.productimage",
    "pk": 46,
    "fields": {
      "sort_order": 0,
      "product": 115,
      "image": "products/saleordemoproduct_cl_bogo01_1_CyHpJvU.png",
      "ppoi": "0.5x0.5",
      "alt": ""
    }
  },
  {
    "model": "product.productimage",
    "pk": 47,
    "fields": {
      "sort_order": 0,
      "product": 116,
      "image": "products/saleordemoproduct_cl_bogo02_1_HaTZ5us.png",
      "ppoi": "0.5x0.5",
      "alt": ""
    }
  },
  {
    "model": "product.productimage",
    "pk": 48,
    "fields": {
      "sort_order": 0,
      "product": 117,
      "image": "products/saleordemoproduct_cl_bogo03_1_Zt5it75.png",
      "ppoi": "0.5x0.5",
      "alt": ""
    }
  },
  {
    "model": "product.productimage",
    "pk": 49,
    "fields": {
      "sort_order": 0,
      "product": 118,
      "image": "products/saleordemoproduct_cl_bogo04_1_QZj7pyB.png",
      "ppoi": "0.5x0.5",
      "alt": ""
    }
  },
  {
    "model": "product.productimage",
    "pk": 50,
    "fields": {
      "sort_order": 1,
      "product": 118,
      "image": "products/saleordemoproduct_cl_bogo04_2_NxSedt9.png",
      "ppoi": "0.5x0.5",
      "alt": ""
    }
  },
  {
    "model": "product.collection",
    "pk": 1,
    "fields": {
      "publication_date": null,
      "is_published": true,
      "seo_title": null,
      "seo_description": null,
      "name": "Summer collection",
      "slug": "summer-collection",
      "background_image": "collection-backgrounds/summer_O96Ivuv.jpg",
      "background_image_alt": "",
      "description": "The Saleor Summer Collection features a range of products that feel the heat of the market. A demo store for all seasons. Saleor captures the open source, e-commerce sun.",
      "description_json": {
        "blocks": [
          {
            "key": "",
            "data": {},
            "text": "The Saleor Summer Collection features a range of products that feel the heat of the market. A demo store for all seasons. Saleor captures the open source, e-commerce sun.",
            "type": "unstyled",
            "depth": 0,
            "entityRanges": [],
            "inlineStyleRanges": []
          }
        ],
        "entityMap": {}
      },
      "products": [73, 110, 83, 86]
    }
  },
  {
    "model": "product.collection",
    "pk": 2,
    "fields": {
      "publication_date": null,
      "is_published": true,
      "seo_title": null,
      "seo_description": null,
      "name": "Winter sale",
      "slug": "winter-sale",
      "background_image": "collection-backgrounds/clothing_TuZmZFT.jpg",
      "background_image_alt": "",
      "description": "The Saleor Winter Sale is snowed under with seasonal offers. Unreal products at unreal prices. Literally, they are not real products, but the Saleor demo store is a genuine e-commerce leader.",
      "description_json": {
        "blocks": [
          {
            "key": "",
            "data": {},
            "text": "The Saleor Winter Sale is snowed under with seasonal offers. Unreal products at unreal prices. Literally, they are not real products, but the Saleor demo store is a genuine e-commerce leader.",
            "type": "unstyled",
            "depth": 0,
            "entityRanges": [],
            "inlineStyleRanges": []
          }
        ],
        "entityMap": {}
      },
      "products": [61, 110, 84, 83]
    }
  }
]
